pressure,degra_mont,ratio
502639.2765835595,0.41120314621506715,0.45710306406553586
