pressure,ratio
501392.8365223771,0.822742639929959
501378.625181431,0.9531143088269085
501410.51472310175,0.5397268129359222
501401.8530282,0.7761167347775741
501352.9037985284,0.6609857287600697
501420.4163628887,0.46890738597427833
501344.8989494674,0.3682784372234859
501336.22662252106,0.09619170926659648
501368.08294786804,0.1881306913457541
501382.43195777974,0.22713801654395277
