channel,before_mean,before_std,before_min,before_max,after_mean,after_std,after_min,after_max
Concentration,8.82051054418298e-08,1.9379226046112308e-07,9.932361279063129e-17,6.686541837552795e-06,-0.005379323847591877,0.32486966252326965,-3.6311404705047607,0.5325350165367126
