channel,before_mean,before_std,before_min,before_max,after_mean,after_std,after_min,after_max
Concentration,8.494117764712428e-08,1.8936979984118807e-07,9.932361279063129e-17,6.686541837552795e-06,-0.00768730603158474,0.3235150873661041,-3.6287167072296143,0.42420443892478943
