channel,before_mean,before_std,before_min,before_max,after_mean,after_std,after_min,after_max
Concentration,1.4145061300041561e-07,2.293131444730534e-07,9.932361279063129e-17,6.686541837552795e-06,3.7173739997342636e-07,0.9999998211860657,-10.90863037109375,2.259708881378174
