channel,before_mean,before_std,before_min,before_max,after_mean,after_std,after_min,after_max
Concentration,9.581374627032346e-08,1.9912546633804595e-07,9.932361279063129e-17,6.686541837552795e-06,2.1434386781038484e-06,1.0000015497207642,-11.24932861328125,1.7352160215377808
