member_id,split,original_idx,split_idx
all,test,93,0
all,test,2687,1
all,test,2381,2
all,test,2163,3
all,test,1776,4
all,test,2516,5
all,test,2589,6
all,test,535,7
all,test,900,8
all,test,2273,9
all,test,1272,10
all,test,527,11
all,test,680,12
all,test,471,13
all,test,2110,14
all,test,844,15
all,test,1929,16
all,test,1025,17
all,test,2793,18
all,test,2212,19
all,test,63,20
all,test,479,21
all,test,1767,22
all,test,811,23
all,test,2848,24
all,test,1295,25
all,test,322,26
all,test,1915,27
all,test,1241,28
all,test,605,29
all,test,1010,30
all,test,1351,31
all,test,102,32
all,test,1798,33
all,test,1068,34
all,test,2804,35
all,test,1789,36
all,test,1825,37
all,test,718,38
all,test,1344,39
all,test,1977,40
all,test,144,41
all,test,2346,42
all,test,291,43
all,test,2058,44
all,test,2398,45
all,test,1497,46
all,test,2319,47
all,test,2605,48
all,test,1278,49
all,test,2921,50
all,test,2766,51
all,test,2579,52
all,test,1730,53
all,test,486,54
all,test,511,55
all,test,2121,56
all,test,52,57
all,test,965,58
all,test,1874,59
all,test,929,60
all,test,1553,61
all,test,2412,62
all,test,45,63
all,test,1381,64
all,test,532,65
all,test,1097,66
all,test,2603,67
all,test,651,68
all,test,2541,69
all,test,2431,70
all,test,1188,71
all,test,1711,72
all,test,0,73
all,test,598,74
all,test,289,75
all,test,1641,76
all,test,807,77
all,test,2457,78
all,test,812,79
all,test,2549,80
all,test,2459,81
all,test,831,82
all,test,1502,83
all,test,1957,84
all,test,196,85
all,test,2222,86
all,test,2040,87
all,test,2763,88
all,test,2839,89
all,test,1933,90
all,test,194,91
all,test,2563,92
all,test,256,93
all,test,1732,94
all,test,1937,95
all,test,331,96
all,test,2764,97
all,test,2632,98
all,test,2654,99
all,test,612,100
all,test,746,101
all,test,457,102
all,test,1897,103
all,test,1912,104
all,test,736,105
all,test,2127,106
all,test,410,107
all,test,51,108
all,test,2441,109
all,test,2323,110
all,test,764,111
all,test,1505,112
all,test,700,113
all,test,1422,114
all,test,2823,115
all,test,1624,116
all,test,2936,117
all,test,1763,118
all,test,1237,119
all,test,1894,120
all,test,2303,121
all,test,1116,122
all,test,2377,123
all,test,1410,124
all,test,2329,125
all,test,1345,126
all,test,1720,127
all,test,1337,128
all,test,2406,129
all,test,691,130
all,test,554,131
all,test,203,132
all,test,1990,133
all,test,2295,134
all,test,67,135
all,test,1726,136
all,test,2010,137
all,test,817,138
all,test,1565,139
all,test,2945,140
all,test,433,141
all,test,1578,142
all,test,1206,143
all,test,2446,144
all,test,1762,145
all,test,2618,146
all,test,1089,147
all,test,650,148
all,test,1716,149
all,test,124,150
all,test,324,151
all,test,296,152
all,test,192,153
all,test,246,154
all,test,1091,155
all,test,1662,156
all,test,670,157
all,test,432,158
all,test,1995,159
all,test,2588,160
all,test,785,161
all,test,1966,162
all,test,594,163
all,test,2405,164
all,test,2606,165
all,test,790,166
all,test,178,167
all,test,1286,168
all,test,1741,169
all,test,543,170
all,test,1106,171
all,test,1681,172
all,test,174,173
all,test,1554,174
all,test,1833,175
all,test,80,176
all,test,32,177
all,test,1601,178
all,test,2748,179
all,test,999,180
all,test,1207,181
all,test,2073,182
all,test,759,183
all,test,727,184
all,test,528,185
all,test,211,186
all,test,1764,187
all,test,88,188
all,test,1842,189
all,test,1800,190
all,test,1637,191
all,test,2664,192
all,test,544,193
all,test,1672,194
all,test,2254,195
all,test,485,196
all,test,443,197
all,test,781,198
all,test,1896,199
all,test,2944,200
all,test,141,201
all,test,460,202
all,test,2639,203
all,test,354,204
all,test,1442,205
all,test,2533,206
all,test,1273,207
all,test,175,208
all,test,2242,209
all,test,2136,210
all,test,2779,211
all,test,1378,212
all,test,2188,213
all,test,1835,214
all,test,2749,215
all,test,506,216
all,test,1465,217
all,test,1196,218
all,test,1607,219
all,test,177,220
all,test,940,221
all,test,1362,222
all,test,184,223
all,test,2909,224
all,test,2093,225
all,test,765,226
all,test,2425,227
all,test,2547,228
all,test,1090,229
all,test,44,230
all,test,1321,231
all,test,420,232
all,test,2357,233
all,test,2718,234
all,test,507,235
all,test,251,236
all,test,2469,237
all,test,787,238
all,test,840,239
all,test,2712,240
all,test,644,241
all,test,567,242
all,test,2144,243
all,test,2271,244
all,test,2755,245
all,test,162,246
all,test,2227,247
all,test,2413,248
all,test,2876,249
all,test,1455,250
all,test,2154,251
all,test,2833,252
all,test,1770,253
all,test,2659,254
all,test,1450,255
all,test,2704,256
all,test,321,257
all,test,1809,258
all,test,30,259
all,test,1437,260
all,test,2807,261
all,test,463,262
all,test,1812,263
all,test,1127,264
all,test,1435,265
all,test,601,266
all,test,1366,267
all,test,298,268
all,test,676,269
all,test,1902,270
all,test,2430,271
all,test,2527,272
all,test,73,273
all,test,869,274
all,test,1675,275
all,test,1950,276
all,test,2196,277
all,test,990,278
all,test,408,279
all,test,964,280
all,test,332,281
all,test,1736,282
all,test,2223,283
all,test,1423,284
all,test,565,285
all,test,879,286
all,test,1590,287
all,test,1525,288
all,test,1596,289
all,test,368,290
all,test,1674,291
all,test,2670,292
all,test,1656,293
all,test,962,294
all,test,1609,295
all,test,239,296
all,test,2623,297
all,test,1271,298
0,train,209,0
0,train,1234,1
0,train,524,2
0,train,1194,3
0,train,2113,4
0,train,2155,5
0,train,1604,6
0,train,2851,7
0,train,2625,8
0,train,1562,9
0,train,1353,10
0,train,125,11
0,train,1723,12
0,train,210,13
0,train,2247,14
0,train,1215,15
0,train,2012,16
0,train,867,17
0,train,242,18
0,train,2774,19
0,train,2640,20
0,train,2495,21
0,train,1597,22
0,train,148,23
0,train,412,24
0,train,440,25
0,train,2077,26
0,train,2198,27
0,train,1573,28
0,train,1640,29
0,train,2765,30
0,train,2652,31
0,train,25,32
0,train,937,33
0,train,1772,34
0,train,2164,35
0,train,2467,36
0,train,2152,37
0,train,1015,38
0,train,839,39
0,train,2463,40
0,train,1895,41
0,train,2221,42
0,train,660,43
0,train,614,44
0,train,956,45
0,train,766,46
0,train,1430,47
0,train,2214,48
0,train,1905,49
0,train,2691,50
0,train,2068,51
0,train,2477,52
0,train,2829,53
0,train,634,54
0,train,2286,55
0,train,2186,56
0,train,2637,57
0,train,2604,58
0,train,2752,59
0,train,1431,60
0,train,2865,61
0,train,1547,62
0,train,733,63
0,train,1100,64
0,train,1017,65
0,train,147,66
0,train,2690,67
0,train,2490,68
0,train,1920,69
0,train,1558,70
0,train,2194,71
0,train,732,72
0,train,49,73
0,train,2307,74
0,train,1900,75
0,train,2404,76
0,train,116,77
0,train,897,78
0,train,2879,79
0,train,1250,80
0,train,1428,81
0,train,593,82
0,train,2361,83
0,train,437,84
0,train,762,85
0,train,1076,86
0,train,671,87
0,train,2313,88
0,train,227,89
0,train,2769,90
0,train,1415,91
0,train,2598,92
0,train,2470,93
0,train,1503,94
0,train,2283,95
0,train,1881,96
0,train,1510,97
0,train,919,98
0,train,570,99
0,train,255,100
0,train,1479,101
0,train,2245,102
0,train,695,103
0,train,2822,104
0,train,156,105
0,train,2344,106
0,train,943,107
0,train,2208,108
0,train,1517,109
0,train,2060,110
0,train,1462,111
0,train,1676,112
0,train,1967,113
0,train,1302,114
0,train,2881,115
0,train,541,116
0,train,2969,117
0,train,2402,118
0,train,2530,119
0,train,24,120
0,train,1324,121
0,train,1748,122
0,train,2015,123
0,train,2809,124
0,train,1373,125
0,train,1309,126
0,train,230,127
0,train,830,128
0,train,2129,129
0,train,887,130
0,train,81,131
0,train,415,132
0,train,2592,133
0,train,224,134
0,train,2596,135
0,train,2499,136
0,train,1853,137
0,train,1685,138
0,train,2658,139
0,train,2147,140
0,train,2280,141
0,train,1797,142
0,train,2296,143
0,train,1443,144
0,train,860,145
0,train,369,146
0,train,2248,147
0,train,2554,148
0,train,2736,149
0,train,1160,150
0,train,2814,151
0,train,1065,152
0,train,14,153
0,train,2511,154
0,train,1474,155
0,train,2979,156
0,train,728,157
0,train,2535,158
0,train,77,159
0,train,2331,160
0,train,2074,161
0,train,2158,162
0,train,577,163
0,train,560,164
0,train,1134,165
0,train,1236,166
0,train,2219,167
0,train,1128,168
0,train,618,169
0,train,143,170
0,train,376,171
0,train,96,172
0,train,1498,173
0,train,636,174
0,train,2080,175
0,train,2709,176
0,train,1962,177
0,train,284,178
0,train,581,179
0,train,705,180
0,train,465,181
0,train,1492,182
0,train,2421,183
0,train,204,184
0,train,2675,185
0,train,283,186
0,train,2229,187
0,train,552,188
0,train,931,189
0,train,1704,190
0,train,1611,191
0,train,2064,192
0,train,1721,193
0,train,2760,194
0,train,2714,195
0,train,413,196
0,train,2342,197
0,train,374,198
0,train,1131,199
0,train,2087,200
0,train,1411,201
0,train,1139,202
0,train,395,203
0,train,2335,204
0,train,1495,205
0,train,791,206
0,train,336,207
0,train,2688,208
0,train,2176,209
0,train,269,210
0,train,615,211
0,train,406,212
0,train,555,213
0,train,549,214
0,train,2985,215
0,train,2043,216
0,train,1932,217
0,train,46,218
0,train,301,219
0,train,496,220
0,train,2328,221
0,train,2028,222
0,train,2649,223
0,train,1276,224
0,train,2558,225
0,train,1813,226
0,train,2217,227
0,train,991,228
0,train,1898,229
0,train,2965,230
0,train,584,231
0,train,1673,232
0,train,2030,233
0,train,1061,234
0,train,1925,235
0,train,910,236
0,train,181,237
0,train,704,238
0,train,2887,239
0,train,379,240
0,train,2133,241
0,train,498,242
0,train,2172,243
0,train,2360,244
0,train,2486,245
0,train,815,246
0,train,747,247
0,train,355,248
0,train,1738,249
0,train,902,250
0,train,1488,251
0,train,2197,252
0,train,1569,253
0,train,103,254
0,train,1946,255
0,train,2834,256
0,train,220,257
0,train,1546,258
0,train,773,259
0,train,1773,260
0,train,2351,261
0,train,3,262
0,train,2734,263
0,train,338,264
0,train,362,265
0,train,2559,266
0,train,2411,267
0,train,1969,268
0,train,2438,269
0,train,620,270
0,train,313,271
0,train,874,272
0,train,2856,273
0,train,1887,274
0,train,2751,275
0,train,1817,276
0,train,1165,277
0,train,304,278
0,train,57,279
0,train,799,280
0,train,681,281
0,train,1225,282
0,train,756,283
0,train,2373,284
0,train,1653,285
0,train,2236,286
0,train,2526,287
0,train,2971,288
0,train,2967,289
0,train,2672,290
0,train,2455,291
0,train,1794,292
0,train,2124,293
0,train,652,294
0,train,305,295
0,train,915,296
0,train,146,297
0,train,917,298
0,train,1575,299
0,train,968,300
0,train,1571,301
0,train,319,302
0,train,2139,303
0,train,2238,304
0,train,1146,305
0,train,1889,306
0,train,865,307
0,train,2615,308
0,train,1140,309
0,train,774,310
0,train,1060,311
0,train,2792,312
0,train,2270,313
0,train,610,314
0,train,1397,315
0,train,219,316
0,train,1568,317
0,train,1530,318
0,train,317,319
0,train,2825,320
0,train,1270,321
0,train,2327,322
0,train,2645,323
0,train,645,324
0,train,187,325
0,train,60,326
0,train,34,327
0,train,1803,328
0,train,2759,329
0,train,550,330
0,train,2697,331
0,train,525,332
0,train,1338,333
0,train,1948,334
0,train,2067,335
0,train,2287,336
0,train,2466,337
0,train,716,338
0,train,627,339
0,train,936,340
0,train,973,341
0,train,2835,342
0,train,1164,343
0,train,2306,344
0,train,669,345
0,train,1750,346
0,train,2410,347
0,train,100,348
0,train,861,349
0,train,1507,350
0,train,2111,351
0,train,707,352
0,train,872,353
0,train,911,354
0,train,2740,355
0,train,2626,356
0,train,1952,357
0,train,1197,358
0,train,265,359
0,train,2250,360
0,train,563,361
0,train,367,362
0,train,626,363
0,train,2339,364
0,train,2781,365
0,train,339,366
0,train,2284,367
0,train,616,368
0,train,2867,369
0,train,2340,370
0,train,1888,371
0,train,1421,372
0,train,2621,373
0,train,972,374
0,train,1744,375
0,train,1784,376
0,train,1860,377
0,train,2001,378
0,train,2207,379
0,train,878,380
0,train,1564,381
0,train,1671,382
0,train,327,383
0,train,1718,384
0,train,835,385
0,train,330,386
0,train,2806,387
0,train,226,388
0,train,2772,389
0,train,105,390
0,train,1729,391
0,train,258,392
0,train,1064,393
0,train,2826,394
0,train,1283,395
0,train,587,396
0,train,1390,397
0,train,1516,398
0,train,249,399
0,train,2189,400
0,train,2899,401
0,train,1336,402
0,train,2437,403
0,train,58,404
0,train,1892,405
0,train,2117,406
0,train,776,407
0,train,2200,408
0,train,476,409
0,train,112,410
0,train,2008,411
0,train,881,412
0,train,240,413
0,train,145,414
0,train,481,415
0,train,1566,416
0,train,82,417
0,train,375,418
0,train,2745,419
0,train,2239,420
0,train,2900,421
0,train,741,422
0,train,1166,423
0,train,743,424
0,train,1791,425
0,train,2205,426
0,train,1694,427
0,train,1799,428
0,train,2448,429
0,train,396,430
0,train,884,431
0,train,1737,432
0,train,985,433
0,train,789,434
0,train,2492,435
0,train,2263,436
0,train,311,437
0,train,130,438
0,train,1388,439
0,train,1448,440
0,train,664,441
0,train,2627,442
0,train,2464,443
0,train,92,444
0,train,1372,445
0,train,2255,446
0,train,2608,447
0,train,788,448
0,train,2442,449
0,train,1168,450
0,train,1520,451
0,train,1548,452
0,train,152,453
0,train,480,454
0,train,2782,455
0,train,2420,456
0,train,2959,457
0,train,760,458
0,train,2676,459
0,train,1642,460
0,train,36,461
0,train,959,462
0,train,1909,463
0,train,780,464
0,train,2808,465
0,train,1942,466
0,train,1928,467
0,train,2063,468
0,train,591,469
0,train,963,470
0,train,2502,471
0,train,880,472
0,train,1382,473
0,train,307,474
0,train,1348,475
0,train,94,476
0,train,1298,477
0,train,188,478
0,train,333,479
0,train,1983,480
0,train,2544,481
0,train,1619,482
0,train,2105,483
0,train,1306,484
0,train,2039,485
0,train,2443,486
0,train,2153,487
0,train,1489,488
0,train,945,489
0,train,501,490
0,train,438,491
0,train,987,492
0,train,935,493
0,train,2642,494
0,train,1046,495
0,train,2580,496
0,train,556,497
0,train,1994,498
0,train,2655,499
0,train,1055,500
0,train,1133,501
0,train,713,502
0,train,1768,503
0,train,385,504
0,train,1679,505
0,train,810,506
0,train,1680,507
0,train,199,508
0,train,2408,509
0,train,1666,510
0,train,2717,511
0,train,1709,512
0,train,418,513
0,train,1487,514
0,train,341,515
0,train,724,516
0,train,1293,517
0,train,464,518
0,train,1391,519
0,train,2468,520
0,train,405,521
0,train,4,522
0,train,2646,523
0,train,470,524
0,train,520,525
0,train,2316,526
0,train,889,527
0,train,2119,528
0,train,1030,529
0,train,2842,530
0,train,1684,531
0,train,1122,532
0,train,1508,533
0,train,1600,534
0,train,967,535
0,train,674,536
0,train,1514,537
0,train,421,538
0,train,1638,539
0,train,2830,540
0,train,583,541
0,train,1259,542
0,train,1161,543
0,train,1843,544
0,train,109,545
0,train,1841,546
0,train,2715,547
0,train,1645,548
0,train,1486,549
0,train,2616,550
0,train,984,551
0,train,128,552
0,train,2428,553
0,train,2591,554
0,train,1700,555
0,train,1075,556
0,train,1310,557
0,train,1778,558
0,train,2206,559
0,train,33,560
0,train,2705,561
0,train,1540,562
0,train,2005,563
0,train,2966,564
0,train,1242,565
0,train,1072,566
0,train,2471,567
0,train,37,568
0,train,113,569
0,train,214,570
0,train,1532,571
0,train,2036,572
0,train,2831,573
0,train,2970,574
0,train,2682,575
0,train,2708,576
0,train,2458,577
0,train,1002,578
0,train,1008,579
0,train,1644,580
0,train,2081,581
0,train,59,582
0,train,2059,583
0,train,1118,584
0,train,2161,585
0,train,1304,586
0,train,1612,587
0,train,2224,588
0,train,994,589
0,train,1734,590
0,train,2519,591
0,train,221,592
0,train,1182,593
0,train,2924,594
0,train,41,595
0,train,2396,596
0,train,1810,597
0,train,1751,598
0,train,2728,599
0,train,2707,600
0,train,2824,601
0,train,1439,602
0,train,2775,603
0,train,803,604
0,train,559,605
0,train,2366,606
0,train,1771,607
0,train,2347,608
0,train,2802,609
0,train,633,610
0,train,1499,611
0,train,2301,612
0,train,1654,613
0,train,838,614
0,train,998,615
0,train,2216,616
0,train,1174,617
0,train,2362,618
0,train,400,619
0,train,222,620
0,train,1549,621
0,train,2757,622
0,train,2595,623
0,train,2451,624
0,train,2452,625
0,train,429,626
0,train,846,627
0,train,685,628
0,train,326,629
0,train,316,630
0,train,1814,631
0,train,468,632
0,train,2843,633
0,train,533,634
0,train,308,635
0,train,453,636
0,train,890,637
0,train,2601,638
0,train,2725,639
0,train,1408,640
0,train,1001,641
0,train,352,642
0,train,1071,643
0,train,2794,644
0,train,267,645
0,train,397,646
0,train,417,647
0,train,425,648
0,train,2882,649
0,train,2538,650
0,train,1550,651
0,train,232,652
0,train,820,653
0,train,2253,654
0,train,1837,655
0,train,2240,656
0,train,1328,657
0,train,1850,658
0,train,2926,659
0,train,717,660
0,train,1705,661
0,train,2635,662
0,train,195,663
0,train,2401,664
0,train,1735,665
0,train,404,666
0,train,2537,667
0,train,2292,668
0,train,1851,669
0,train,2382,670
0,train,1712,671
0,train,1392,672
0,train,1697,673
0,train,1934,674
0,train,509,675
0,train,2126,676
0,train,588,677
0,train,2927,678
0,train,793,679
0,train,43,680
0,train,621,681
0,train,110,682
0,train,502,683
0,train,624,684
0,train,189,685
0,train,135,686
0,train,1701,687
0,train,1652,688
0,train,978,689
0,train,974,690
0,train,90,691
0,train,2403,692
0,train,2310,693
0,train,1862,694
0,train,2683,695
0,train,2968,696
0,train,1400,697
0,train,2837,698
0,train,2888,699
0,train,2510,700
0,train,1466,701
0,train,640,702
0,train,2883,703
0,train,2267,704
0,train,1335,705
0,train,2392,706
0,train,2630,707
0,train,2820,708
0,train,1616,709
0,train,1760,710
0,train,2022,711
0,train,514,712
0,train,1715,713
0,train,2737,714
0,train,1436,715
0,train,1412,716
0,train,1239,717
0,train,2609,718
0,train,1879,719
0,train,1180,720
0,train,1305,721
0,train,2261,722
0,train,2148,723
0,train,1033,724
0,train,515,725
0,train,2503,726
0,train,1824,727
0,train,2294,728
0,train,2393,729
0,train,2821,730
0,train,120,731
0,train,2177,732
0,train,1677,733
0,train,1357,734
0,train,2778,735
0,train,206,736
0,train,2181,737
0,train,1963,738
0,train,523,739
0,train,2433,740
0,train,1147,741
0,train,2450,742
0,train,55,743
0,train,845,744
0,train,1330,745
0,train,596,746
0,train,1551,747
0,train,1069,748
0,train,288,749
0,train,2249,750
0,train,1884,751
0,train,1539,752
0,train,2320,753
0,train,2512,754
0,train,277,755
0,train,2053,756
0,train,2185,757
0,train,2183,758
0,train,2422,759
0,train,2167,760
0,train,926,761
0,train,2317,762
0,train,2931,763
0,train,875,764
0,train,1424,765
0,train,2484,766
0,train,218,767
0,train,1155,768
0,train,850,769
0,train,2106,770
0,train,992,771
0,train,2893,772
0,train,1245,773
0,train,586,774
0,train,386,775
0,train,970,776
0,train,2062,777
0,train,2845,778
0,train,808,779
0,train,2954,780
0,train,1782,781
0,train,1755,782
0,train,2453,783
0,train,797,784
0,train,2522,785
0,train,492,786
0,train,233,787
0,train,1981,788
0,train,993,789
0,train,8,790
0,train,2896,791
0,train,2056,792
0,train,2101,793
0,train,1659,794
0,train,825,795
0,train,38,796
0,train,2456,797
0,train,114,798
0,train,2365,799
0,train,2352,800
0,train,597,801
0,train,168,802
0,train,1291,803
0,train,1184,804
0,train,2577,805
0,train,873,806
0,train,2548,807
0,train,950,808
0,train,2230,809
0,train,2475,810
0,train,907,811
0,train,818,812
0,train,1114,813
0,train,2358,814
0,train,693,815
0,train,1731,816
0,train,53,817
0,train,1039,818
0,train,719,819
0,train,2213,820
0,train,2276,821
0,train,2409,822
0,train,466,823
0,train,2695,824
0,train,449,825
0,train,295,826
0,train,158,827
0,train,2337,828
0,train,1961,829
0,train,274,830
0,train,770,831
0,train,1603,832
0,train,796,833
0,train,12,834
0,train,361,835
0,train,1906,836
0,train,2771,837
0,train,2264,838
0,train,2497,839
0,train,662,840
0,train,76,841
0,train,1702,842
0,train,734,843
0,train,2141,844
0,train,1885,845
0,train,763,846
0,train,904,847
0,train,592,848
0,train,754,849
0,train,1045,850
0,train,293,851
0,train,1688,852
0,train,2385,853
0,train,2108,854
0,train,2901,855
0,train,48,856
0,train,2274,857
0,train,439,858
0,train,740,859
0,train,578,860
0,train,726,861
0,train,442,862
0,train,472,863
0,train,1092,864
0,train,2397,865
0,train,1916,866
0,train,2950,867
0,train,1209,868
0,train,2741,869
0,train,441,870
0,train,1312,871
0,train,1038,872
0,train,540,873
0,train,356,874
0,train,2611,875
0,train,142,876
0,train,2953,877
0,train,1151,878
0,train,198,879
0,train,2160,880
0,train,2584,881
0,train,31,882
0,train,393,883
0,train,2244,884
0,train,2151,885
0,train,1222,886
0,train,738,887
0,train,1346,888
0,train,786,889
0,train,2743,890
0,train,1706,891
0,train,2600,892
0,train,1318,893
0,train,2246,894
0,train,2628,895
0,train,2322,896
0,train,1882,897
0,train,2785,898
0,train,2557,899
0,train,675,900
0,train,2084,901
0,train,731,902
0,train,1314,903
0,train,64,904
0,train,2416,905
0,train,2479,906
0,train,2573,907
0,train,997,908
0,train,1588,909
0,train,2877,910
0,train,2473,911
0,train,2889,912
0,train,1840,913
0,train,1733,914
0,train,1243,915
0,train,155,916
0,train,2980,917
0,train,1130,918
0,train,2786,919
0,train,2103,920
0,train,1529,921
0,train,1845,922
0,train,2813,923
0,train,534,924
0,train,757,925
0,train,2891,926
0,train,1329,927
0,train,346,928
0,train,1974,929
0,train,2203,930
0,train,2590,931
0,train,205,932
0,train,2509,933
0,train,1018,934
0,train,276,935
0,train,71,936
0,train,2460,937
0,train,1103,938
0,train,1769,939
0,train,1149,940
0,train,22,941
0,train,2500,942
0,train,849,943
0,train,1102,944
0,train,632,945
0,train,1369,946
0,train,2211,947
0,train,2777,948
0,train,2783,949
0,train,1971,950
0,train,163,951
0,train,104,952
0,train,416,953
0,train,2644,954
0,train,2768,955
0,train,1202,956
0,train,829,957
0,train,223,958
0,train,1846,959
0,train,706,960
0,train,171,961
0,train,1481,962
0,train,150,963
0,train,1178,964
0,train,761,965
0,train,137,966
0,train,2668,967
0,train,27,968
0,train,518,969
0,train,1289,970
0,train,1274,971
0,train,2343,972
0,train,411,973
0,train,1997,974
0,train,1427,975
0,train,2565,976
0,train,207,977
0,train,2680,978
0,train,2169,979
0,train,678,980
0,train,665,981
0,train,272,982
0,train,2290,983
0,train,966,984
0,train,1325,985
0,train,730,986
0,train,241,987
0,train,1137,988
0,train,1777,989
0,train,1783,990
0,train,687,991
0,train,505,992
0,train,2143,993
0,train,1023,994
0,train,2582,995
0,train,20,996
0,train,888,997
0,train,1317,998
0,train,2912,999
0,train,2415,1000
0,train,1099,1001
0,train,1577,1002
0,train,2112,1003
0,train,1985,1004
0,train,1280,1005
0,train,149,1006
0,train,2462,1007
0,train,1211,1008
0,train,345,1009
0,train,667,1010
0,train,1285,1011
0,train,2019,1012
0,train,403,1013
0,train,821,1014
0,train,885,1015
0,train,957,1016
0,train,1022,1017
0,train,813,1018
0,train,1695,1019
0,train,1141,1020
0,train,1419,1021
0,train,1533,1022
0,train,1557,1023
0,train,1447,1024
0,train,1082,1025
0,train,2395,1026
0,train,91,1027
0,train,1246,1028
0,train,462,1029
0,train,2857,1030
0,train,2612,1031
0,train,1249,1032
0,train,1921,1033
0,train,512,1034
0,train,2914,1035
0,train,447,1036
0,train,2218,1037
0,train,2128,1038
0,train,2091,1039
0,train,2166,1040
0,train,119,1041
0,train,366,1042
0,train,2252,1043
0,train,2919,1044
0,train,2338,1045
0,train,1541,1046
0,train,454,1047
0,train,1341,1048
0,train,2960,1049
0,train,928,1050
0,train,2874,1051
0,train,323,1052
0,train,2739,1053
0,train,1113,1054
0,train,1077,1055
0,train,1162,1056
0,train,2476,1057
0,train,1079,1058
0,train,1484,1059
0,train,1806,1060
0,train,1591,1061
0,train,1625,1062
0,train,1233,1063
0,train,1049,1064
0,train,566,1065
0,train,1941,1066
0,train,383,1067
0,train,2827,1068
0,train,2251,1069
0,train,909,1070
0,train,474,1071
0,train,1655,1072
0,train,1542,1073
0,train,1292,1074
0,train,65,1075
0,train,1,1076
0,train,2424,1077
0,train,2265,1078
0,train,2234,1079
0,train,2803,1080
0,train,1537,1081
0,train,26,1082
0,train,709,1083
0,train,824,1084
0,train,290,1085
0,train,1004,1086
0,train,806,1087
0,train,1262,1088
0,train,2569,1089
0,train,2790,1090
0,train,916,1091
0,train,2085,1092
0,train,115,1093
0,train,2585,1094
0,train,2575,1095
0,train,2050,1096
0,train,1371,1097
0,train,2656,1098
0,train,979,1099
0,train,1399,1100
0,train,2897,1101
0,train,2935,1102
0,train,2943,1103
0,train,1287,1104
0,train,2314,1105
0,train,996,1106
0,train,1904,1107
0,train,752,1108
0,train,2102,1109
0,train,1169,1110
0,train,236,1111
0,train,1827,1112
0,train,1922,1113
0,train,1621,1114
0,train,683,1115
0,train,2072,1116
0,train,2275,1117
0,train,2069,1118
0,train,2700,1119
0,train,2732,1120
0,train,2023,1121
0,train,903,1122
0,train,247,1123
0,train,2140,1124
0,train,2309,1125
0,train,1047,1126
0,train,2620,1127
0,train,390,1128
0,train,2940,1129
0,train,97,1130
0,train,2861,1131
0,train,557,1132
0,train,2315,1133
0,train,1475,1134
0,train,2660,1135
0,train,244,1136
0,train,1927,1137
0,train,2742,1138
0,train,360,1139
0,train,2485,1140
0,train,2872,1141
0,train,1456,1142
0,train,2983,1143
0,train,1555,1144
0,train,2321,1145
0,train,1109,1146
0,train,2756,1147
0,train,980,1148
0,train,1972,1149
0,train,1434,1150
0,train,1660,1151
0,train,1096,1152
0,train,2371,1153
0,train,1062,1154
0,train,2336,1155
0,train,197,1156
0,train,2567,1157
0,train,1754,1158
0,train,2076,1159
0,train,654,1160
0,train,1144,1161
0,train,2297,1162
0,train,2832,1163
0,train,2545,1164
0,train,2096,1165
0,train,1477,1166
0,train,111,1167
0,train,2962,1168
0,train,2089,1169
0,train,121,1170
0,train,2348,1171
0,train,1153,1172
0,train,1461,1173
0,train,2817,1174
0,train,1058,1175
0,train,2784,1176
0,train,2436,1177
0,train,1491,1178
0,train,2021,1179
0,train,1867,1180
0,train,427,1181
0,train,1743,1182
0,train,423,1183
0,train,173,1184
0,train,1187,1185
0,train,1801,1186
0,train,176,1187
0,train,169,1188
0,train,1561,1189
0,train,2231,1190
0,train,2506,1191
0,train,960,1192
0,train,609,1193
0,train,1354,1194
0,train,10,1195
0,train,2150,1196
0,train,2046,1197
0,train,1658,1198
0,train,504,1199
0,train,2555,1200
0,train,539,1201
0,train,819,1202
0,train,942,1203
0,train,1464,1204
0,train,2318,1205
0,train,2272,1206
0,train,499,1207
0,train,1857,1208
0,train,2528,1209
0,train,2947,1210
0,train,1404,1211
0,train,2257,1212
0,train,2079,1213
0,train,1599,1214
0,train,1585,1215
0,train,2115,1216
0,train,2866,1217
0,train,2801,1218
0,train,1606,1219
0,train,2846,1220
0,train,371,1221
0,train,1935,1222
0,train,138,1223
0,train,545,1224
0,train,2325,1225
0,train,2930,1226
0,train,1185,1227
0,train,1710,1228
0,train,1899,1229
0,train,2465,1230
0,train,1618,1231
0,train,1742,1232
0,train,1173,1233
0,train,1179,1234
0,train,1200,1235
0,train,2981,1236
0,train,493,1237
0,train,1191,1238
0,train,2908,1239
0,train,646,1240
0,train,1839,1241
0,train,1883,1242
0,train,1275,1243
0,train,2776,1244
0,train,1849,1245
0,train,101,1246
0,train,18,1247
0,train,394,1248
0,train,9,1249
0,train,637,1250
0,train,1313,1251
0,train,61,1252
0,train,2758,1253
0,train,166,1254
0,train,1333,1255
0,train,1054,1256
0,train,814,1257
0,train,381,1258
0,train,2844,1259
0,train,933,1260
0,train,2828,1261
0,train,1170,1262
0,train,2130,1263
0,train,526,1264
0,train,2662,1265
0,train,268,1266
0,train,1714,1267
0,train,106,1268
0,train,1063,1269
0,train,883,1270
0,train,823,1271
0,train,1212,1272
0,train,314,1273
0,train,2948,1274
0,train,1441,1275
0,train,1183,1276
0,train,1163,1277
0,train,1976,1278
0,train,2693,1279
0,train,661,1280
0,train,2651,1281
0,train,739,1282
0,train,749,1283
0,train,1696,1284
0,train,213,1285
0,train,2199,1286
0,train,777,1287
0,train,1360,1288
0,train,2661,1289
0,train,2300,1290
0,train,243,1291
0,train,2819,1292
0,train,558,1293
0,train,2902,1294
0,train,1053,1295
0,train,1315,1296
0,train,1425,1297
0,train,399,1298
0,train,573,1299
0,train,720,1300
0,train,1021,1301
0,train,2035,1302
0,train,1805,1303
0,train,898,1304
0,train,551,1305
0,train,2923,1306
0,train,2633,1307
0,train,435,1308
0,train,1453,1309
0,train,380,1310
0,train,2279,1311
0,train,491,1312
0,train,1821,1313
0,train,600,1314
0,train,2368,1315
0,train,165,1316
0,train,503,1317
0,train,1040,1318
0,train,281,1319
0,train,2952,1320
0,train,225,1321
0,train,2182,1322
0,train,1426,1323
0,train,1256,1324
0,train,1444,1325
0,train,2268,1326
0,train,446,1327
0,train,1635,1328
0,train,852,1329
0,train,282,1330
0,train,2657,1331
0,train,1634,1332
0,train,1521,1333
0,train,2984,1334
0,train,2241,1335
0,train,1098,1336
0,train,2007,1337
0,train,961,1338
0,train,751,1339
0,train,1826,1340
0,train,1834,1341
0,train,792,1342
0,train,2799,1343
0,train,876,1344
0,train,871,1345
0,train,1417,1346
0,train,1924,1347
0,train,2787,1348
0,train,302,1349
0,train,1218,1350
0,train,2180,1351
0,train,2491,1352
0,train,2016,1353
0,train,343,1354
0,train,892,1355
0,train,682,1356
0,train,287,1357
0,train,2123,1358
0,train,2350,1359
0,train,1893,1360
0,train,1678,1361
0,train,1473,1362
0,train,1112,1363
0,train,891,1364
0,train,1048,1365
0,train,1574,1366
0,train,2958,1367
0,train,495,1368
0,train,1964,1369
0,train,2228,1370
0,train,1589,1371
0,train,1749,1372
0,train,401,1373
0,train,1792,1374
0,train,2767,1375
0,train,572,1376
0,train,273,1377
0,train,1786,1378
0,train,595,1379
0,train,1156,1380
0,train,2260,1381
0,train,473,1382
0,train,2508,1383
0,train,2956,1384
0,train,370,1385
0,train,2009,1386
0,train,2723,1387
0,train,1451,1388
0,train,1808,1389
0,train,1175,1390
0,train,2753,1391
0,train,1087,1392
0,train,1819,1393
0,train,2311,1394
0,train,1570,1395
0,train,2178,1396
0,train,901,1397
0,train,1691,1398
0,train,1775,1399
0,train,179,1400
0,train,1377,1401
0,train,1774,1402
0,train,952,1403
0,train,2266,1404
0,train,1347,1405
0,train,2622,1406
0,train,2125,1407
0,train,2840,1408
0,train,2617,1409
0,train,2550,1410
0,train,2631,1411
0,train,1195,1412
0,train,2116,1413
0,train,2107,1414
0,train,1663,1415
0,train,1646,1416
0,train,2520,1417
0,train,2149,1418
0,train,1511,1419
0,train,1863,1420
0,train,886,1421
0,train,310,1422
0,train,2532,1423
0,train,2955,1424
0,train,954,1425
0,train,1057,1426
0,train,2963,1427
0,train,1265,1428
0,train,340,1429
0,train,1854,1430
0,train,711,1431
0,train,629,1432
0,train,1416,1433
0,train,1027,1434
0,train,1223,1435
0,train,1117,1436
0,train,794,1437
0,train,772,1438
0,train,2444,1439
0,train,1528,1440
0,train,2281,1441
0,train,1781,1442
0,train,1342,1443
0,train,1836,1444
0,train,2031,1445
0,train,2427,1446
0,train,625,1447
0,train,2788,1448
0,train,643,1449
0,train,2507,1450
0,train,708,1451
0,train,2359,1452
0,train,2390,1453
0,train,1785,1454
0,train,2439,1455
0,train,2862,1456
0,train,1189,1457
0,train,2531,1458
0,train,2689,1459
0,train,1982,1460
0,train,2278,1461
0,train,2629,1462
0,train,1707,1463
0,train,1482,1464
0,train,2029,1465
0,train,1953,1466
0,train,868,1467
0,train,2729,1468
0,train,1107,1469
0,train,2333,1470
0,train,1996,1471
0,train,1132,1472
0,train,1152,1473
0,train,2170,1474
0,train,1960,1475
0,train,517,1476
0,train,2380,1477
0,train,1119,1478
0,train,1501,1479
0,train,2894,1480
0,train,1524,1481
0,train,2057,1482
0,train,1930,1483
0,train,478,1484
0,train,382,1485
0,train,1361,1486
0,train,778,1487
0,train,2699,1488
0,train,2906,1489
0,train,1567,1490
0,train,2724,1491
0,train,1959,1492
0,train,231,1493
0,train,607,1494
0,train,1661,1495
0,train,2345,1496
0,train,17,1497
0,train,969,1498
0,train,1110,1499
0,train,216,1500
0,train,2195,1501
0,train,856,1502
0,train,2379,1503
0,train,2920,1504
0,train,2706,1505
0,train,351,1506
0,train,613,1507
0,train,1998,1508
0,train,50,1509
0,train,2355,1510
0,train,259,1511
0,train,79,1512
0,train,1104,1513
0,train,2487,1514
0,train,1138,1515
0,train,1683,1516
0,train,1682,1517
0,train,1364,1518
0,train,151,1519
0,train,2650,1520
0,train,631,1521
0,train,1251,1522
0,train,2698,1523
0,train,2423,1524
0,train,938,1525
0,train,562,1526
0,train,2383,1527
0,train,123,1528
0,train,2488,1529
0,train,2665,1530
0,train,1277,1531
0,train,547,1532
0,train,107,1533
0,train,1951,1534
0,train,1193,1535
0,train,2587,1536
0,train,1228,1537
0,train,2638,1538
0,train,1992,1539
0,train,2811,1540
0,train,1886,1541
0,train,2932,1542
0,train,2738,1543
0,train,159,1544
0,train,1973,1545
0,train,2838,1546
0,train,1470,1547
0,train,2299,1548
0,train,656,1549
0,train,2534,1550
0,train,2875,1551
0,train,2750,1552
0,train,1224,1553
0,train,1006,1554
0,train,848,1555
0,train,1257,1556
0,train,2078,1557
0,train,782,1558
0,train,1252,1559
0,train,2918,1560
0,train,2796,1561
0,train,1692,1562
0,train,488,1563
0,train,1913,1564
0,train,2190,1565
0,train,477,1566
0,train,2137,1567
0,train,2685,1568
0,train,1124,1569
0,train,2597,1570
0,train,2847,1571
0,train,1078,1572
0,train,285,1573
0,train,1804,1574
0,train,21,1575
0,train,2168,1576
0,train,253,1577
0,train,647,1578
0,train,2800,1579
0,train,513,1580
0,train,2694,1581
0,train,767,1582
0,train,2726,1583
0,train,2483,1584
0,train,2913,1585
0,train,758,1586
0,train,798,1587
0,train,167,1588
0,train,2049,1589
0,train,318,1590
0,train,2566,1591
0,train,2070,1592
0,train,1593,1593
0,train,649,1594
0,train,1395,1595
0,train,2048,1596
0,train,2482,1597
0,train,2171,1598
0,train,15,1599
0,train,2789,1600
0,train,2191,1601
0,train,1699,1602
0,train,1753,1603
0,train,2474,1604
0,train,1454,1605
0,train,160,1606
0,train,804,1607
0,train,448,1608
0,train,1536,1609
0,train,1780,1610
0,train,2805,1611
0,train,1267,1612
0,train,475,1613
0,train,1248,1614
0,train,1316,1615
0,train,668,1616
0,train,1866,1617
0,train,1689,1618
0,train,2020,1619
0,train,686,1620
0,train,2481,1621
0,train,816,1622
0,train,2305,1623
0,train,2571,1624
0,train,303,1625
0,train,2880,1626
0,train,658,1627
0,train,2770,1628
0,train,912,1629
0,train,842,1630
0,train,353,1631
0,train,1747,1632
0,train,1746,1633
0,train,1613,1634
0,train,1703,1635
0,train,1965,1636
0,train,1608,1637
0,train,1816,1638
0,train,1584,1639
0,train,2524,1640
0,train,1084,1641
0,train,1657,1642
0,train,2187,1643
0,train,300,1644
0,train,2586,1645
0,train,2312,1646
0,train,1724,1647
0,train,56,1648
0,train,2815,1649
0,train,2243,1650
0,train,1858,1651
0,train,1281,1652
0,train,2044,1653
0,train,1011,1654
0,train,1355,1655
0,train,1158,1656
0,train,1923,1657
0,train,2610,1658
0,train,1545,1659
0,train,1205,1660
0,train,1433,1661
0,train,516,1662
0,train,2666,1663
0,train,1460,1664
0,train,2907,1665
0,train,2836,1666
0,train,1620,1667
0,train,2514,1668
0,train,1506,1669
0,train,1790,1670
0,train,2974,1671
0,train,1176,1672
0,train,508,1673
0,train,2560,1674
0,train,1758,1675
0,train,582,1676
0,train,745,1677
0,train,1384,1678
0,train,2434,1679
0,train,2818,1680
0,train,2478,1681
0,train,1630,1682
0,train,402,1683
0,train,122,1684
0,train,1598,1685
0,train,805,1686
0,train,1093,1687
0,train,235,1688
0,train,1254,1689
0,train,1154,1690
0,train,1544,1691
0,train,2054,1692
0,train,795,1693
0,train,2916,1694
0,train,1633,1695
0,train,1414,1696
0,train,603,1697
0,train,2025,1698
0,train,2277,1699
0,train,414,1700
0,train,2798,1701
0,train,2733,1702
0,train,2722,1703
0,train,426,1704
0,train,29,1705
0,train,606,1706
0,train,2165,1707
0,train,2647,1708
0,train,1745,1709
0,train,1970,1710
0,train,864,1711
0,train,254,1712
0,train,939,1713
0,train,309,1714
0,train,2159,1715
0,train,1623,1716
0,train,2157,1717
0,train,2193,1718
0,train,1493,1719
0,train,2461,1720
0,train,546,1721
0,train,2386,1722
0,train,1622,1723
0,train,270,1724
0,train,2429,1725
0,train,2175,1726
0,train,2033,1727
0,train,1385,1728
0,train,1413,1729
0,train,951,1730
0,train,1890,1731
0,train,2330,1732
0,train,1005,1733
0,train,1056,1734
0,train,1838,1735
0,train,2898,1736
0,train,1919,1737
0,train,748,1738
0,train,7,1739
0,train,1592,1740
0,train,1668,1741
0,train,347,1742
0,train,924,1743
0,train,1402,1744
0,train,712,1745
0,train,828,1746
0,train,622,1747
0,train,564,1748
0,train,2501,1749
0,train,455,1750
0,train,2938,1751
0,train,1268,1752
0,train,750,1753
0,train,608,1754
0,train,1870,1755
0,train,2419,1756
0,train,932,1757
0,train,365,1758
0,train,2568,1759
0,train,2378,1760
0,train,2849,1761
0,train,1538,1762
0,train,1876,1763
0,train,2841,1764
0,train,2018,1765
0,train,1042,1766
0,train,190,1767
0,train,1693,1768
0,train,186,1769
0,train,1752,1770
0,train,1387,1771
0,train,278,1772
0,train,769,1773
0,train,1478,1774
0,train,389,1775
0,train,1026,1776
0,train,1043,1777
0,train,1105,1778
0,train,2109,1779
0,train,735,1780
0,train,484,1781
0,train,2232,1782
0,train,2142,1783
0,train,2863,1784
0,train,1907,1785
0,train,2504,1786
0,train,2701,1787
0,train,2513,1788
0,train,2494,1789
0,train,2731,1790
0,train,266,1791
0,train,2939,1792
0,train,1032,1793
0,train,2716,1794
0,train,202,1795
0,train,2517,1796
0,train,2215,1797
0,train,2949,1798
0,train,1828,1799
0,train,1081,1800
0,train,200,1801
0,train,1409,1802
0,train,98,1803
0,train,857,1804
0,train,280,1805
0,train,1458,1806
0,train,2083,1807
0,train,1871,1808
0,train,2641,1809
0,train,1123,1810
0,train,1914,1811
0,train,2131,1812
0,train,373,1813
0,train,1167,1814
0,train,925,1815
0,train,359,1816
0,train,344,1817
0,train,1586,1818
0,train,1911,1819
0,train,1756,1820
0,train,153,1821
0,train,1171,1822
0,train,737,1823
0,train,2552,1824
0,train,237,1825
0,train,1628,1826
0,train,1334,1827
0,train,1991,1828
0,train,1980,1829
0,train,1457,1830
0,train,263,1831
0,train,1869,1832
0,train,699,1833
0,train,1403,1834
0,train,721,1835
0,train,1214,1836
0,train,54,1837
0,train,920,1838
0,train,893,1839
0,train,2004,1840
0,train,1449,1841
0,train,1631,1842
0,train,436,1843
0,train,1070,1844
0,train,2721,1845
0,train,467,1846
0,train,2762,1847
0,train,2561,1848
0,train,1190,1849
0,train,2037,1850
0,train,1374,1851
0,train,1765,1852
0,train,2099,1853
0,train,2090,1854
0,train,2034,1855
0,train,2014,1856
0,train,2047,1857
0,train,673,1858
0,train,2100,1859
0,train,2376,1860
0,train,1429,1861
0,train,99,1862
0,train,2449,1863
0,train,1822,1864
0,train,833,1865
0,train,1595,1866
0,train,580,1867
0,train,1044,1868
0,train,2132,1869
0,train,1670,1870
0,train,2146,1871
0,train,2977,1872
0,train,521,1873
0,train,2941,1874
0,train,1500,1875
0,train,653,1876
0,train,328,1877
0,train,1954,1878
0,train,1370,1879
0,train,1576,1880
0,train,1013,1881
0,train,69,1882
0,train,335,1883
0,train,228,1884
0,train,1987,1885
0,train,1143,1886
0,train,1802,1887
0,train,2576,1888
0,train,832,1889
0,train,1452,1890
0,train,1740,1891
0,train,487,1892
0,train,2226,1893
0,train,2972,1894
0,train,2092,1895
0,train,1936,1896
0,train,1014,1897
0,train,2045,1898
0,train,2114,1899
0,train,1238,1900
0,train,1614,1901
0,train,1823,1902
0,train,948,1903
0,train,2562,1904
0,train,2928,1905
0,train,1349,1906
0,train,2878,1907
0,train,2011,1908
0,train,895,1909
0,train,13,1910
0,train,134,1911
0,train,2363,1912
0,train,2933,1913
0,train,1000,1914
0,train,392,1915
0,train,1446,1916
0,train,1472,1917
0,train,1407,1918
0,train,635,1919
0,train,2237,1920
0,train,157,1921
0,train,2858,1922
0,train,1227,1923
0,train,882,1924
0,train,1088,1925
0,train,172,1926
0,train,2202,1927
0,train,2026,1928
0,train,694,1929
0,train,86,1930
0,train,2929,1931
0,train,1664,1932
0,train,2978,1933
0,train,1126,1934
0,train,519,1935
0,train,589,1936
0,train,1766,1937
0,train,2075,1938
0,train,2810,1939
0,train,1221,1940
0,train,261,1941
0,train,451,1942
0,train,1459,1943
0,train,2498,1944
0,train,1572,1945
0,train,1393,1946
0,train,949,1947
0,train,2066,1948
0,train,2041,1949
0,train,1235,1950
0,train,1172,1951
0,train,2720,1952
0,train,2684,1953
0,train,1891,1954
0,train,2174,1955
0,train,855,1956
0,train,1085,1957
0,train,1779,1958
0,train,2038,1959
0,train,1496,1960
0,train,623,1961
0,train,1009,1962
0,train,2518,1963
0,train,126,1964
0,train,2095,1965
0,train,1440,1966
0,train,2873,1967
0,train,1029,1968
0,train,2447,1969
0,train,2703,1970
0,train,862,1971
0,train,2973,1972
0,train,458,1973
0,train,1051,1974
0,train,2870,1975
0,train,131,1976
0,train,1396,1977
0,train,1229,1978
0,train,2904,1979
0,train,2744,1980
0,train,2002,1981
0,train,482,1982
0,train,1931,1983
0,train,1831,1984
0,train,877,1985
0,train,2210,1986
0,train,2854,1987
0,train,234,1988
0,train,1563,1989
0,train,2754,1990
0,train,2852,1991
0,train,1665,1992
0,train,2308,1993
0,train,430,1994
0,train,663,1995
0,train,1260,1996
0,train,2602,1997
0,train,2162,1998
0,train,292,1999
0,train,2619,2000
0,train,229,2001
0,train,1949,2002
0,train,39,2003
0,train,2418,2004
0,train,1587,2005
0,train,801,2006
0,train,684,2007
0,train,2414,2008
0,train,1795,2009
0,train,1968,2010
0,train,2634,2011
0,train,2910,2012
0,train,183,2013
0,train,986,2014
0,train,1759,2015
0,train,2017,2016
0,train,1793,2017
0,train,320,2018
0,train,866,2019
0,train,170,2020
0,train,1037,2021
0,train,854,2022
0,train,1648,2023
0,train,2556,2024
0,train,2681,2025
0,train,2542,2026
0,train,2574,2027
0,train,2364,2028
0,train,83,2029
0,train,1406,2030
0,train,2942,2031
0,train,576,2032
0,train,1339,2033
0,train,1326,2034
0,train,1383,2035
0,train,971,2036
0,train,294,2037
0,train,1376,2038
0,train,941,2039
0,train,1157,2040
0,train,2925,2041
0,train,1864,2042
0,train,2233,2043
0,train,1432,2044
0,train,23,2045
0,train,2122,2046
0,train,1917,2047
0,train,529,2048
0,train,2493,2049
0,train,2118,2050
0,train,364,2051
0,train,2669,2052
0,train,677,2053
0,train,1216,2054
0,train,1299,2055
0,train,2426,2056
0,train,95,2057
0,train,553,2058
0,train,1340,2059
0,train,193,2060
0,train,2915,2061
0,train,522,2062
0,train,1639,2063
0,train,775,2064
0,train,729,2065
0,train,2298,2066
0,train,921,2067
0,train,2179,2068
0,train,2578,2069
0,train,2104,2070
0,train,1796,2071
0,train,1830,2072
0,train,1080,2073
0,train,419,2074
0,train,260,2075
0,train,357,2076
0,train,1811,2077
0,train,955,2078
0,train,1469,2079
0,train,1083,2080
0,train,459,2081
0,train,744,2082
0,train,1418,2083
0,train,2356,2084
0,train,2071,2085
0,train,2269,2086
0,train,1583,2087
0,train,1094,2088
0,train,2489,2089
0,train,1543,2090
0,train,1059,2091
0,train,378,2092
0,train,1651,2093
0,train,1066,2094
0,train,250,2095
0,train,1288,2096
0,train,2853,2097
0,train,630,2098
0,train,342,2099
0,train,452,2100
0,train,2922,2101
0,train,2713,2102
0,train,2727,2103
0,train,154,2104
0,train,1231,2105
0,train,1480,2106
0,train,2094,2107
0,train,1908,2108
0,train,2747,2109
0,train,2719,2110
0,train,2220,2111
0,train,1007,2112
0,train,1717,2113
0,train,2982,2114
0,train,2353,2115
0,train,2324,2116
0,train,2859,2117
0,train,1136,2118
0,train,2,2119
0,train,1818,2120
0,train,2291,2121
0,train,1282,2122
0,train,1627,2123
0,train,702,2124
0,train,334,2125
0,train,779,2126
0,train,2399,2127
0,train,1264,2128
0,train,2540,2129
0,train,1979,2130
0,train,1297,2131
0,train,1213,2132
0,train,2055,2133
0,train,536,2134
0,train,753,2135
0,train,1356,2136
0,train,1757,2137
0,train,642,2138
0,train,1868,2139
0,train,1910,2140
0,train,28,2141
0,train,312,2142
0,train,1226,2143
0,train,538,2144
0,train,1483,2145
0,train,894,2146
0,train,2082,2147
0,train,1135,2148
0,train,579,2149
0,train,896,2150
0,train,1401,2151
0,train,40,2152
0,train,870,2153
0,train,1036,2154
0,train,574,2155
0,train,1615,2156
0,train,1581,2157
0,train,2367,2158
0,train,1579,2159
0,train,2583,2160
0,train,1300,2161
0,train,1636,2162
0,train,2052,2163
0,train,2570,2164
0,train,2957,2165
0,train,2593,2166
0,train,89,2167
0,train,1019,2168
0,train,2288,2169
0,train,1978,2170
0,train,639,2171
0,train,1020,2172
0,train,68,2173
0,train,2496,2174
0,train,946,2175
0,train,843,2176
0,train,2975,2177
0,train,2289,2178
0,train,1848,2179
0,train,2946,2180
0,train,1986,2181
0,train,1363,2182
0,train,1807,2183
0,train,1855,2184
0,train,847,2185
0,train,2686,2186
0,train,350,2187
0,train,1649,2188
0,train,1101,2189
0,train,2302,2190
0,train,245,2191
0,train,212,2192
0,train,275,2193
0,train,1650,2194
0,train,87,2195
0,train,679,2196
0,train,185,2197
0,train,837,2198
0,train,1938,2199
0,train,1708,2200
0,train,1003,2201
0,train,217,2202
0,train,995,2203
0,train,1380,2204
0,train,1024,2205
0,train,1787,2206
0,train,922,2207
0,train,2964,2208
0,train,989,2209
0,train,2791,2210
0,train,714,2211
0,train,2599,2212
0,train,264,2213
0,train,604,2214
0,train,1926,2215
0,train,1877,2216
0,train,2773,2217
0,train,2850,2218
0,train,1311,2219
0,train,5,2220
0,train,983,2221
0,train,2235,2222
0,train,1552,2223
0,train,2201,2224
0,train,299,2225
0,train,841,2226
0,train,1420,2227
0,train,944,2228
0,train,1405,2229
0,train,1379,2230
0,train,2389,2231
0,train,1261,2232
0,train,1513,2233
0,train,1669,2234
0,train,2138,2235
0,train,710,2236
0,train,1386,2237
0,train,2643,2238
0,train,2521,2239
0,train,1308,2240
0,train,2523,2241
0,train,1074,2242
0,train,982,2243
0,train,2812,2244
0,train,2613,2245
0,train,2435,2246
0,train,2730,2247
0,train,988,2248
0,train,2417,2249
0,train,1086,2250
0,train,689,2251
0,train,2258,2252
0,train,1389,2253
0,train,585,2254
0,train,1582,2255
0,train,1052,2256
0,train,2027,2257
0,train,2572,2258
0,train,1120,2259
0,train,47,2260
0,train,1244,2261
0,train,906,2262
0,train,530,2263
0,train,923,2264
0,train,1142,2265
0,train,66,2266
0,train,1509,2267
0,train,1988,2268
0,train,2387,2269
0,train,306,2270
0,train,1878,2271
0,train,391,2272
0,train,715,2273
0,train,2636,2274
0,train,1844,2275
0,train,1394,2276
0,train,2663,2277
0,train,2445,2278
0,train,1322,2279
0,train,1865,2280
0,train,659,2281
0,train,2051,2282
0,train,1467,2283
0,train,1605,2284
0,train,2711,2285
0,train,977,2286
0,train,133,2287
0,train,2679,2288
0,train,2860,2289
0,train,252,2290
0,train,569,2291
0,train,2624,2292
0,train,827,2293
0,train,783,2294
0,train,1111,2295
0,train,1939,2296
0,train,2648,2297
0,train,688,2298
0,train,1290,2299
0,train,2003,2300
0,train,2454,2301
0,train,2225,2302
0,train,1031,2303
0,train,2895,2304
0,train,1208,2305
0,train,1940,2306
0,train,2388,2307
0,train,2184,2308
0,train,1012,2309
0,train,2903,2310
0,train,1247,2311
0,train,908,2312
0,train,456,2313
0,train,2006,2314
0,train,1859,2315
0,train,619,2316
0,train,2098,2317
0,train,1323,2318
0,train,35,2319
0,train,1350,2320
0,train,434,2321
0,train,2696,2322
0,train,599,2323
0,train,428,2324
0,train,1534,2325
0,train,2553,2326
0,train,1647,2327
0,train,913,2328
0,train,161,2329
0,train,1945,2330
0,train,722,2331
0,train,2173,2332
0,train,703,2333
0,train,755,2334
0,train,118,2335
0,train,1028,2336
0,train,1279,2337
0,train,1535,2338
0,train,953,2339
0,train,2871,2340
0,train,201,2341
0,train,2671,2342
0,train,407,2343
0,train,1145,2344
0,train,16,2345
0,train,1159,2346
0,train,1438,2347
0,train,136,2348
0,train,1687,2349
0,train,1035,2350
0,train,1253,2351
0,train,1632,2352
0,train,182,2353
0,train,918,2354
0,train,611,2355
0,train,809,2356
0,train,1943,2357
0,train,1050,2358
0,train,1617,2359
0,train,1485,2360
0,train,1398,2361
0,train,208,2362
0,train,85,2363
0,train,1148,2364
0,train,108,2365
0,train,445,2366
0,train,1266,2367
0,train,537,2368
0,train,500,2369
0,train,2097,2370
0,train,262,2371
0,train,1523,2372
0,train,1527,2373
0,train,690,2374
0,train,2480,2375
0,train,742,2376
0,train,2505,2377
0,train,2374,2378
0,train,927,2379
0,train,2710,2380
0,train,2539,2381
0,train,1903,2382
0,train,1829,2383
0,train,1993,2384
0,train,1199,2385
0,train,1999,2386
0,train,444,2387
0,val,497,0
0,val,2886,1
0,val,1728,2
0,val,1327,3
0,val,2293,4
0,val,1556,5
0,val,1210,6
0,val,2032,7
0,val,905,8
0,val,1522,9
0,val,2134,10
0,val,1359,11
0,val,602,12
0,val,2326,13
0,val,329,14
0,val,1989,15
0,val,1518,16
0,val,2934,17
0,val,164,18
0,val,377,19
0,val,638,20
0,val,2673,21
0,val,1307,22
0,val,2120,23
0,val,655,24
0,val,2536,25
0,val,1580,26
0,val,1984,27
0,val,2256,28
0,val,2061,29
0,val,1847,30
0,val,958,31
0,val,1531,32
0,val,914,33
0,val,1121,34
0,val,1476,35
0,val,2780,36
0,val,1861,37
0,val,1686,38
0,val,1519,39
0,val,1832,40
0,val,2702,41
0,val,2391,42
0,val,469,43
0,val,1955,44
0,val,1352,45
0,val,483,46
0,val,1041,47
0,val,723,48
0,val,1918,49
0,val,2678,50
0,val,666,51
0,val,1034,52
0,val,1560,53
0,val,2086,54
0,val,1463,55
0,val,180,56
0,val,191,57
0,val,2529,58
0,val,2564,59
0,val,2884,60
0,val,2677,61
0,val,1343,62
0,val,1559,63
0,val,387,64
0,val,349,65
0,val,84,66
0,val,531,67
0,val,1368,68
0,val,698,69
0,val,1240,70
0,val,542,71
0,val,1610,72
0,val,2000,73
0,val,2735,74
0,val,697,75
0,val,1956,76
0,val,2594,77
0,val,238,78
0,val,1108,79
0,val,826,80
0,val,2472,81
0,val,424,82
0,val,1947,83
0,val,1629,84
0,val,248,85
0,val,725,86
0,val,431,87
0,val,127,88
0,val,1255,89
0,val,2614,90
0,val,1512,91
0,val,1875,92
0,val,1125,93
0,val,2797,94
0,val,2905,95
0,val,1739,96
0,val,1220,97
0,val,315,98
0,val,1204,99
0,val,2375,100
0,val,934,101
0,val,2432,102
0,val,42,103
0,val,348,104
0,val,822,105
0,val,1367,106
0,val,409,107
0,val,2024,108
0,val,1358,109
0,val,1594,110
0,val,2349,111
0,val,384,112
0,val,398,113
0,val,2885,114
0,val,1016,115
0,val,2304,116
0,val,672,117
0,val,257,118
0,val,337,119
0,val,696,120
0,val,2674,121
0,val,388,122
0,val,2961,123
0,val,2917,124
0,val,2607,125
0,val,2282,126
0,val,1713,127
0,val,1852,128
0,val,1690,129
0,val,11,130
0,val,2259,131
0,val,1504,132
0,val,129,133
0,val,768,134
0,val,1761,135
0,val,802,136
0,val,271,137
0,val,1331,138
0,val,140,139
0,val,1490,140
0,val,1067,141
0,val,2370,142
0,val,701,143
0,val,2892,144
0,val,575,145
0,val,648,146
0,val,1095,147
0,val,836,148
0,val,2951,149
0,val,1129,150
0,val,981,151
0,val,1365,152
0,val,2543,153
0,val,2372,154
0,val,2667,155
0,val,2407,156
0,val,1643,157
0,val,1073,158
0,val,2525,159
0,val,1301,160
0,val,1332,161
0,val,1269,162
0,val,628,163
0,val,1856,164
0,val,2746,165
0,val,2976,166
0,val,2551,167
0,val,70,168
0,val,1958,169
0,val,1788,170
0,val,2384,171
0,val,1115,172
0,val,215,173
0,val,1526,174
0,val,72,175
0,val,858,176
0,val,422,177
0,val,2204,178
0,val,2761,179
0,val,2890,180
0,val,450,181
0,val,2911,182
0,val,1303,183
0,val,976,184
0,val,1494,185
0,val,1468,186
0,val,2515,187
0,val,2013,188
0,val,325,189
0,val,2400,190
0,val,117,191
0,val,641,192
0,val,1722,193
0,val,2869,194
0,val,657,195
0,val,1192,196
0,val,1901,197
0,val,568,198
0,val,2065,199
0,val,1698,200
0,val,1820,201
0,val,2546,202
0,val,930,203
0,val,561,204
0,val,2156,205
0,val,1177,206
0,val,800,207
0,val,489,208
0,val,2262,209
0,val,1873,210
0,val,2192,211
0,val,461,212
0,val,2653,213
0,val,358,214
0,val,279,215
0,val,692,216
0,val,1880,217
0,val,1320,218
0,val,1471,219
0,val,2042,220
0,val,2285,221
0,val,1217,222
0,val,1201,223
0,val,1186,224
0,val,363,225
0,val,771,226
0,val,2855,227
0,val,1294,228
0,val,2795,229
0,val,2816,230
0,val,1296,231
0,val,2135,232
0,val,62,233
0,val,2145,234
0,val,548,235
0,val,1203,236
0,val,853,237
0,val,590,238
0,val,784,239
0,val,1232,240
0,val,834,241
0,val,372,242
0,val,947,243
0,val,1263,244
0,val,494,245
0,val,2369,246
0,val,617,247
0,val,2581,248
0,val,1445,249
0,val,2937,250
0,val,1375,251
0,val,859,252
0,val,1872,253
0,val,1181,254
0,val,1230,255
0,val,2440,256
0,val,863,257
0,val,297,258
0,val,1727,259
0,val,1198,260
0,val,1719,261
0,val,2332,262
0,val,851,263
0,val,2209,264
0,val,2692,265
0,val,75,266
0,val,1725,267
0,val,1319,268
0,val,2868,269
0,val,571,270
0,val,1667,271
0,val,2354,272
0,val,2864,273
0,val,510,274
0,val,1515,275
0,val,1258,276
0,val,2334,277
0,val,1284,278
0,val,74,279
0,val,975,280
0,val,1602,281
0,val,2341,282
0,val,6,283
0,val,1975,284
0,val,139,285
0,val,78,286
0,val,1944,287
0,val,2394,288
0,val,1219,289
0,val,490,290
0,val,19,291
0,val,286,292
0,val,1150,293
0,val,1815,294
0,val,2088,295
0,val,132,296
0,val,899,297
0,val,1626,298
1,train,884,0
1,train,653,1
1,train,757,2
1,train,2475,3
1,train,10,4
1,train,2733,5
1,train,721,6
1,train,2466,7
1,train,456,8
1,train,1972,9
1,train,652,10
1,train,924,11
1,train,1084,12
1,train,580,13
1,train,1695,14
1,train,2957,15
1,train,205,16
1,train,2447,17
1,train,1251,18
1,train,1342,19
1,train,2266,20
1,train,1105,21
1,train,1064,22
1,train,1260,23
1,train,2984,24
1,train,882,25
1,train,198,26
1,train,2776,27
1,train,1903,28
1,train,2584,29
1,train,1132,30
1,train,893,31
1,train,1692,32
1,train,730,33
1,train,569,34
1,train,1242,35
1,train,2347,36
1,train,1108,37
1,train,1358,38
1,train,240,39
1,train,2129,40
1,train,349,41
1,train,2161,42
1,train,2138,43
1,train,1580,44
1,train,2832,45
1,train,526,46
1,train,1749,47
1,train,1129,48
1,train,1352,49
1,train,1325,50
1,train,842,51
1,train,1561,52
1,train,1743,53
1,train,149,54
1,train,2278,55
1,train,247,56
1,train,1735,57
1,train,1784,58
1,train,487,59
1,train,2538,60
1,train,1179,61
1,train,827,62
1,train,648,63
1,train,2112,64
1,train,1507,65
1,train,2456,66
1,train,157,67
1,train,796,68
1,train,2201,69
1,train,547,70
1,train,142,71
1,train,2084,72
1,train,2792,73
1,train,783,74
1,train,2115,75
1,train,2215,76
1,train,835,77
1,train,2536,78
1,train,1997,79
1,train,2867,80
1,train,1723,81
1,train,1612,82
1,train,1651,83
1,train,1343,84
1,train,2871,85
1,train,1055,86
1,train,1308,87
1,train,2043,88
1,train,864,89
1,train,531,90
1,train,1530,91
1,train,1518,92
1,train,1143,93
1,train,1684,94
1,train,816,95
1,train,57,96
1,train,824,97
1,train,1920,98
1,train,2255,99
1,train,717,100
1,train,2661,101
1,train,122,102
1,train,1468,103
1,train,1144,104
1,train,1128,105
1,train,870,106
1,train,2590,107
1,train,1076,108
1,train,1659,109
1,train,146,110
1,train,2971,111
1,train,1753,112
1,train,503,113
1,train,2157,114
1,train,801,115
1,train,2528,116
1,train,1401,117
1,train,1078,118
1,train,848,119
1,train,409,120
1,train,378,121
1,train,1981,122
1,train,204,123
1,train,2519,124
1,train,216,125
1,train,2378,126
1,train,1217,127
1,train,1012,128
1,train,749,129
1,train,1346,130
1,train,997,131
1,train,626,132
1,train,384,133
1,train,399,134
1,train,2858,135
1,train,1987,136
1,train,2731,137
1,train,1570,138
1,train,492,139
1,train,1436,140
1,train,1792,141
1,train,1416,142
1,train,2389,143
1,train,2162,144
1,train,558,145
1,train,2851,146
1,train,2313,147
1,train,2468,148
1,train,1968,149
1,train,1448,150
1,train,475,151
1,train,115,152
1,train,230,153
1,train,2189,154
1,train,1801,155
1,train,928,156
1,train,375,157
1,train,920,158
1,train,1186,159
1,train,1815,160
1,train,2771,161
1,train,1890,162
1,train,800,163
1,train,1065,164
1,train,2920,165
1,train,2950,166
1,train,1013,167
1,train,1363,168
1,train,2489,169
1,train,1923,170
1,train,2870,171
1,train,1817,172
1,train,2230,173
1,train,2134,174
1,train,1114,175
1,train,2269,176
1,train,797,177
1,train,2087,178
1,train,1323,179
1,train,1934,180
1,train,903,181
1,train,2968,182
1,train,1965,183
1,train,1946,184
1,train,693,185
1,train,635,186
1,train,165,187
1,train,2130,188
1,train,2598,189
1,train,448,190
1,train,2402,191
1,train,2294,192
1,train,1639,193
1,train,2060,194
1,train,588,195
1,train,2809,196
1,train,857,197
1,train,155,198
1,train,2292,199
1,train,2737,200
1,train,494,201
1,train,2265,202
1,train,556,203
1,train,1611,204
1,train,2765,205
1,train,1522,206
1,train,1329,207
1,train,2051,208
1,train,899,209
1,train,15,210
1,train,747,211
1,train,236,212
1,train,267,213
1,train,2724,214
1,train,2610,215
1,train,1081,216
1,train,2507,217
1,train,560,218
1,train,624,219
1,train,1918,220
1,train,2298,221
1,train,43,222
1,train,2240,223
1,train,1059,224
1,train,2086,225
1,train,832,226
1,train,2299,227
1,train,1387,228
1,train,2487,229
1,train,1167,230
1,train,932,231
1,train,963,232
1,train,1754,233
1,train,2221,234
1,train,502,235
1,train,1454,236
1,train,1969,237
1,train,1898,238
1,train,980,239
1,train,1021,240
1,train,87,241
1,train,1921,242
1,train,1332,243
1,train,1319,244
1,train,2159,245
1,train,701,246
1,train,2633,247
1,train,478,248
1,train,290,249
1,train,255,250
1,train,713,251
1,train,2728,252
1,train,2428,253
1,train,2912,254
1,train,2852,255
1,train,2172,256
1,train,1636,257
1,train,109,258
1,train,1942,259
1,train,2419,260
1,train,2183,261
1,train,2068,262
1,train,1652,263
1,train,150,264
1,train,1228,265
1,train,515,266
1,train,2577,267
1,train,2064,268
1,train,1541,269
1,train,1962,270
1,train,1156,271
1,train,2175,272
1,train,584,273
1,train,2126,274
1,train,2710,275
1,train,319,276
1,train,1632,277
1,train,2600,278
1,train,2806,279
1,train,65,280
1,train,1103,281
1,train,1529,282
1,train,2685,283
1,train,2458,284
1,train,2745,285
1,train,1383,286
1,train,1593,287
1,train,315,288
1,train,2592,289
1,train,372,290
1,train,2898,291
1,train,2882,292
1,train,2253,293
1,train,715,294
1,train,1953,295
1,train,1818,296
1,train,411,297
1,train,1292,298
1,train,839,299
1,train,615,300
1,train,1878,301
1,train,2693,302
1,train,2688,303
1,train,1948,304
1,train,286,305
1,train,416,306
1,train,2411,307
1,train,1538,308
1,train,2105,309
1,train,1210,310
1,train,2686,311
1,train,2096,312
1,train,2264,313
1,train,702,314
1,train,392,315
1,train,2433,316
1,train,738,317
1,train,160,318
1,train,337,319
1,train,469,320
1,train,2657,321
1,train,1547,322
1,train,1986,323
1,train,1270,324
1,train,1606,325
1,train,2897,326
1,train,926,327
1,train,2625,328
1,train,2513,329
1,train,2276,330
1,train,2754,331
1,train,574,332
1,train,1024,333
1,train,2611,334
1,train,31,335
1,train,1349,336
1,train,1543,337
1,train,2976,338
1,train,1109,339
1,train,1717,340
1,train,1866,341
1,train,1802,342
1,train,1597,343
1,train,665,344
1,train,464,345
1,train,1360,346
1,train,841,347
1,train,2910,348
1,train,1648,349
1,train,809,350
1,train,2595,351
1,train,641,352
1,train,1855,353
1,train,2070,354
1,train,1528,355
1,train,2476,356
1,train,2168,357
1,train,1023,358
1,train,439,359
1,train,2497,360
1,train,1536,361
1,train,2905,362
1,train,2174,363
1,train,95,364
1,train,1062,365
1,train,127,366
1,train,1879,367
1,train,1910,368
1,train,1836,369
1,train,822,370
1,train,2875,371
1,train,1176,372
1,train,1991,373
1,train,504,374
1,train,2729,375
1,train,2674,376
1,train,1864,377
1,train,390,378
1,train,385,379
1,train,1872,380
1,train,2281,381
1,train,2887,382
1,train,2097,383
1,train,1685,384
1,train,2243,385
1,train,225,386
1,train,334,387
1,train,2555,388
1,train,2585,389
1,train,662,390
1,train,786,391
1,train,2872,392
1,train,2970,393
1,train,2617,394
1,train,2387,395
1,train,2167,396
1,train,170,397
1,train,2045,398
1,train,279,399
1,train,2607,400
1,train,597,401
1,train,1298,402
1,train,2559,403
1,train,891,404
1,train,2470,405
1,train,679,406
1,train,1288,407
1,train,2596,408
1,train,1275,409
1,train,22,410
1,train,2760,411
1,train,1955,412
1,train,2926,413
1,train,1665,414
1,train,1004,415
1,train,2902,416
1,train,17,417
1,train,2829,418
1,train,1120,419
1,train,1954,420
1,train,1490,421
1,train,640,422
1,train,2691,423
1,train,2904,424
1,train,1477,425
1,train,2582,426
1,train,11,427
1,train,2214,428
1,train,1418,429
1,train,815,430
1,train,371,431
1,train,919,432
1,train,2619,433
1,train,542,434
1,train,2979,435
1,train,2336,436
1,train,2877,437
1,train,1149,438
1,train,2141,439
1,train,602,440
1,train,820,441
1,train,2257,442
1,train,625,443
1,train,2002,444
1,train,2796,445
1,train,1277,446
1,train,1517,447
1,train,2934,448
1,train,2835,449
1,train,1115,450
1,train,2290,451
1,train,1336,452
1,train,2039,453
1,train,131,454
1,train,2817,455
1,train,1845,456
1,train,1384,457
1,train,1567,458
1,train,2311,459
1,train,125,460
1,train,2030,461
1,train,889,462
1,train,1038,463
1,train,1682,464
1,train,1480,465
1,train,1852,466
1,train,1496,467
1,train,1264,468
1,train,1377,469
1,train,231,470
1,train,942,471
1,train,234,472
1,train,1125,473
1,train,1045,474
1,train,2213,475
1,train,849,476
1,train,1973,477
1,train,913,478
1,train,2403,479
1,train,2573,480
1,train,2339,481
1,train,2017,482
1,train,1970,483
1,train,740,484
1,train,2690,485
1,train,2442,486
1,train,2525,487
1,train,2742,488
1,train,2568,489
1,train,2044,490
1,train,2735,491
1,train,2279,492
1,train,2139,493
1,train,1201,494
1,train,2072,495
1,train,2455,496
1,train,2890,497
1,train,1162,498
1,train,2467,499
1,train,99,500
1,train,2965,501
1,train,101,502
1,train,2365,503
1,train,1909,504
1,train,2018,505
1,train,915,506
1,train,2206,507
1,train,2786,508
1,train,930,509
1,train,2376,510
1,train,103,511
1,train,2382,512
1,train,2285,513
1,train,982,514
1,train,551,515
1,train,266,516
1,train,2216,517
1,train,1057,518
1,train,2889,519
1,train,2409,520
1,train,2660,521
1,train,2190,522
1,train,2192,523
1,train,937,524
1,train,910,525
1,train,2873,526
1,train,1153,527
1,train,1882,528
1,train,1562,529
1,train,2202,530
1,train,2738,531
1,train,881,532
1,train,89,533
1,train,2695,534
1,train,1595,535
1,train,307,536
1,train,2012,537
1,train,24,538
1,train,516,539
1,train,2333,540
1,train,998,541
1,train,2907,542
1,train,632,543
1,train,1327,544
1,train,1893,545
1,train,2751,546
1,train,2743,547
1,train,140,548
1,train,1979,549
1,train,2665,550
1,train,2184,551
1,train,288,552
1,train,252,553
1,train,1604,554
1,train,1404,555
1,train,616,556
1,train,1960,557
1,train,647,558
1,train,499,559
1,train,262,560
1,train,1107,561
1,train,2635,562
1,train,1168,563
1,train,2819,564
1,train,2020,565
1,train,2813,566
1,train,1568,567
1,train,1750,568
1,train,2131,569
1,train,482,570
1,train,744,571
1,train,2477,572
1,train,673,573
1,train,1828,574
1,train,1661,575
1,train,2283,576
1,train,50,577
1,train,2238,578
1,train,2260,579
1,train,2575,580
1,train,260,581
1,train,1526,582
1,train,2236,583
1,train,38,584
1,train,2977,585
1,train,2427,586
1,train,71,587
1,train,381,588
1,train,400,589
1,train,991,590
1,train,23,591
1,train,627,592
1,train,1686,593
1,train,1279,594
1,train,412,595
1,train,1691,596
1,train,1834,597
1,train,430,598
1,train,890,599
1,train,907,600
1,train,2744,601
1,train,2980,602
1,train,107,603
1,train,1203,604
1,train,229,605
1,train,2248,606
1,train,2678,607
1,train,1347,608
1,train,2049,609
1,train,61,610
1,train,1250,611
1,train,1889,612
1,train,2830,613
1,train,436,614
1,train,2656,615
1,train,1814,616
1,train,1779,617
1,train,872,618
1,train,2662,619
1,train,83,620
1,train,714,621
1,train,1154,622
1,train,1467,623
1,train,2663,624
1,train,1309,625
1,train,136,626
1,train,1280,627
1,train,2494,628
1,train,2152,629
1,train,2637,630
1,train,2580,631
1,train,100,632
1,train,2424,633
1,train,1428,634
1,train,2361,635
1,train,2149,636
1,train,491,637
1,train,1431,638
1,train,678,639
1,train,1249,640
1,train,1780,641
1,train,1219,642
1,train,304,643
1,train,2859,644
1,train,1441,645
1,train,394,646
1,train,1440,647
1,train,912,648
1,train,1703,649
1,train,568,650
1,train,2780,651
1,train,1861,652
1,train,878,653
1,train,274,654
1,train,207,655
1,train,1060,656
1,train,235,657
1,train,976,658
1,train,1398,659
1,train,1461,660
1,train,1943,661
1,train,1470,662
1,train,2293,663
1,train,1374,664
1,train,25,665
1,train,2461,666
1,train,2316,667
1,train,2539,668
1,train,1451,669
1,train,1187,670
1,train,1589,671
1,train,2479,672
1,train,1916,673
1,train,200,674
1,train,2896,675
1,train,418,676
1,train,2124,677
1,train,1067,678
1,train,1844,679
1,train,2185,680
1,train,780,681
1,train,1019,682
1,train,836,683
1,train,241,684
1,train,268,685
1,train,989,686
1,train,2026,687
1,train,373,688
1,train,2397,689
1,train,1099,690
1,train,687,691
1,train,1540,692
1,train,861,693
1,train,2393,694
1,train,490,695
1,train,1462,696
1,train,2384,697
1,train,278,698
1,train,1405,699
1,train,2308,700
1,train,2503,701
1,train,1290,702
1,train,1314,703
1,train,1759,704
1,train,2486,705
1,train,326,706
1,train,2334,707
1,train,1463,708
1,train,814,709
1,train,435,710
1,train,2778,711
1,train,540,712
1,train,2193,713
1,train,1631,714
1,train,1978,715
1,train,1414,716
1,train,2789,717
1,train,134,718
1,train,843,719
1,train,159,720
1,train,2794,721
1,train,1054,722
1,train,1549,723
1,train,425,724
1,train,2465,725
1,train,2059,726
1,train,1379,727
1,train,549,728
1,train,690,729
1,train,896,730
1,train,906,731
1,train,1393,732
1,train,743,733
1,train,1679,734
1,train,250,735
1,train,2143,736
1,train,1199,737
1,train,1693,738
1,train,793,739
1,train,1142,740
1,train,2653,741
1,train,617,742
1,train,2774,743
1,train,2736,744
1,train,2268,745
1,train,1747,746
1,train,2349,747
1,train,1758,748
1,train,2775,749
1,train,1209,750
1,train,328,751
1,train,468,752
1,train,1234,753
1,train,1300,754
1,train,1306,755
1,train,2964,756
1,train,2337,757
1,train,1956,758
1,train,911,759
1,train,729,760
1,train,1826,761
1,train,2645,762
1,train,2576,763
1,train,509,764
1,train,682,765
1,train,1585,766
1,train,2069,767
1,train,1700,768
1,train,1599,769
1,train,1941,770
1,train,546,771
1,train,1111,772
1,train,952,773
1,train,2647,774
1,train,1087,775
1,train,2135,776
1,train,1572,777
1,train,977,778
1,train,347,779
1,train,1499,780
1,train,595,781
1,train,2797,782
1,train,2713,783
1,train,1124,784
1,train,1244,785
1,train,182,786
1,train,1976,787
1,train,2177,788
1,train,1443,789
1,train,2854,790
1,train,156,791
1,train,181,792
1,train,1824,793
1,train,1316,794
1,train,2106,795
1,train,876,796
1,train,421,797
1,train,2937,798
1,train,2079,799
1,train,1353,800
1,train,1963,801
1,train,1399,802
1,train,1949,803
1,train,2569,804
1,train,969,805
1,train,2245,806
1,train,2554,807
1,train,2249,808
1,train,1122,809
1,train,2790,810
1,train,2056,811
1,train,1233,812
1,train,2646,813
1,train,2643,814
1,train,323,815
1,train,1527,816
1,train,6,817
1,train,2160,818
1,train,206,819
1,train,2429,820
1,train,2925,821
1,train,1622,822
1,train,2233,823
1,train,645,824
1,train,19,825
1,train,81,826
1,train,2700,827
1,train,1130,828
1,train,114,829
1,train,806,830
1,train,1867,831
1,train,2472,832
1,train,1457,833
1,train,1391,834
1,train,1620,835
1,train,1421,836
1,train,1215,837
1,train,2599,838
1,train,1213,839
1,train,2074,840
1,train,376,841
1,train,2179,842
1,train,369,843
1,train,2697,844
1,train,1574,845
1,train,1971,846
1,train,2621,847
1,train,1205,848
1,train,382,849
1,train,1489,850
1,train,386,851
1,train,1552,852
1,train,774,853
1,train,58,854
1,train,259,855
1,train,2439,856
1,train,1745,857
1,train,1643,858
1,train,1744,859
1,train,2681,860
1,train,723,861
1,train,2511,862
1,train,1104,863
1,train,818,864
1,train,1139,865
1,train,674,866
1,train,1583,867
1,train,86,868
1,train,630,869
1,train,281,870
1,train,1579,871
1,train,147,872
1,train,1486,873
1,train,2634,874
1,train,257,875
1,train,1816,876
1,train,2924,877
1,train,791,878
1,train,1474,879
1,train,1261,880
1,train,2521,881
1,train,2001,882
1,train,120,883
1,train,1772,884
1,train,1071,885
1,train,663,886
1,train,581,887
1,train,2564,888
1,train,742,889
1,train,1642,890
1,train,2483,891
1,train,1181,892
1,train,2943,893
1,train,943,894
1,train,2392,895
1,train,1340,896
1,train,450,897
1,train,553,898
1,train,1523,899
1,train,396,900
1,train,1623,901
1,train,1967,902
1,train,609,903
1,train,49,904
1,train,865,905
1,train,172,906
1,train,1564,907
1,train,1482,908
1,train,1600,909
1,train,2187,910
1,train,1959,911
1,train,732,912
1,train,681,913
1,train,1980,914
1,train,1296,915
1,train,94,916
1,train,2967,917
1,train,2345,918
1,train,1086,919
1,train,132,920
1,train,2287,921
1,train,2065,922
1,train,1687,923
1,train,312,924
1,train,1439,925
1,train,1412,926
1,train,1713,927
1,train,1488,928
1,train,2837,929
1,train,1,930
1,train,2195,931
1,train,826,932
1,train,2954,933
1,train,2535,934
1,train,805,935
1,train,2655,936
1,train,1184,937
1,train,209,938
1,train,959,939
1,train,1901,940
1,train,2464,941
1,train,2209,942
1,train,1419,943
1,train,263,944
1,train,1718,945
1,train,1811,946
1,train,2901,947
1,train,799,948
1,train,792,949
1,train,2094,950
1,train,2496,951
1,train,363,952
1,train,1141,953
1,train,833,954
1,train,202,955
1,train,1039,956
1,train,462,957
1,train,1481,958
1,train,1177,959
1,train,1096,960
1,train,577,961
1,train,1768,962
1,train,292,963
1,train,760,964
1,train,1034,965
1,train,2492,966
1,train,854,967
1,train,2915,968
1,train,2123,969
1,train,2949,970
1,train,1417,971
1,train,201,972
1,train,2321,973
1,train,561,974
1,train,398,975
1,train,2508,976
1,train,672,977
1,train,1426,978
1,train,2638,979
1,train,1324,980
1,train,572,981
1,train,2668,982
1,train,2307,983
1,train,2033,984
1,train,777,985
1,train,967,986
1,train,2929,987
1,train,1841,988
1,train,438,989
1,train,1738,990
1,train,1389,991
1,train,1433,992
1,train,428,993
1,train,1615,994
1,train,1645,995
1,train,521,996
1,train,2895,997
1,train,782,998
1,train,2291,999
1,train,1258,1000
1,train,2092,1001
1,train,2741,1002
1,train,2089,1003
1,train,1803,1004
1,train,850,1005
1,train,277,1006
1,train,2490,1007
1,train,2602,1008
1,train,276,1009
1,train,1831,1010
1,train,2372,1011
1,train,1627,1012
1,train,739,1013
1,train,1449,1014
1,train,557,1015
1,train,1396,1016
1,train,2016,1017
1,train,219,1018
1,train,566,1019
1,train,944,1020
1,train,1930,1021
1,train,1521,1022
1,train,2544,1023
1,train,2723,1024
1,train,2373,1025
1,train,168,1026
1,train,2557,1027
1,train,1445,1028
1,train,1635,1029
1,train,918,1030
1,train,1232,1031
1,train,2517,1032
1,train,1098,1033
1,train,2142,1034
1,train,1476,1035
1,train,2574,1036
1,train,2034,1037
1,train,179,1038
1,train,342,1039
1,train,720,1040
1,train,1408,1041
1,train,1544,1042
1,train,1259,1043
1,train,837,1044
1,train,1859,1045
1,train,1786,1046
1,train,1781,1047
1,train,1697,1048
1,train,1075,1049
1,train,845,1050
1,train,1827,1051
1,train,1846,1052
1,train,1007,1053
1,train,427,1054
1,train,1240,1055
1,train,901,1056
1,train,2624,1057
1,train,2927,1058
1,train,755,1059
1,train,810,1060
1,train,2803,1061
1,train,704,1062
1,train,1731,1063
1,train,949,1064
1,train,1504,1065
1,train,1191,1066
1,train,803,1067
1,train,2095,1068
1,train,973,1069
1,train,838,1070
1,train,1028,1071
1,train,1871,1072
1,train,1110,1073
1,train,2824,1074
1,train,2499,1075
1,train,599,1076
1,train,993,1077
1,train,2485,1078
1,train,2933,1079
1,train,341,1080
1,train,945,1081
1,train,1740,1082
1,train,2722,1083
1,train,2462,1084
1,train,2756,1085
1,train,1838,1086
1,train,1885,1087
1,train,1884,1088
1,train,2128,1089
1,train,1148,1090
1,train,2684,1091
1,train,751,1092
1,train,2630,1093
1,train,238,1094
1,train,2343,1095
1,train,994,1096
1,train,2448,1097
1,train,1070,1098
1,train,1420,1099
1,train,2530,1100
1,train,1671,1101
1,train,1557,1102
1,train,145,1103
1,train,2164,1104
1,train,2747,1105
1,train,1666,1106
1,train,442,1107
1,train,169,1108
1,train,2788,1109
1,train,1914,1110
1,train,2959,1111
1,train,2758,1112
1,train,1807,1113
1,train,2825,1114
1,train,152,1115
1,train,986,1116
1,train,353,1117
1,train,593,1118
1,train,2886,1119
1,train,453,1120
1,train,28,1121
1,train,1322,1122
1,train,1514,1123
1,train,403,1124
1,train,1402,1125
1,train,269,1126
1,train,1936,1127
1,train,2375,1128
1,train,118,1129
1,train,2553,1130
1,train,968,1131
1,train,2675,1132
1,train,37,1133
1,train,1118,1134
1,train,1310,1135
1,train,754,1136
1,train,858,1137
1,train,480,1138
1,train,1195,1139
1,train,1569,1140
1,train,1042,1141
1,train,979,1142
1,train,2652,1143
1,train,2750,1144
1,train,220,1145
1,train,275,1146
1,train,1165,1147
1,train,105,1148
1,train,688,1149
1,train,1403,1150
1,train,129,1151
1,train,2169,1152
1,train,2699,1153
1,train,660,1154
1,train,2913,1155
1,train,2972,1156
1,train,1676,1157
1,train,657,1158
1,train,2383,1159
1,train,2250,1160
1,train,413,1161
1,train,2969,1162
1,train,1446,1163
1,train,703,1164
1,train,1281,1165
1,train,360,1166
1,train,1856,1167
1,train,2098,1168
1,train,1146,1169
1,train,758,1170
1,train,537,1171
1,train,1939,1172
1,train,1394,1173
1,train,55,1174
1,train,2371,1175
1,train,1031,1176
1,train,1668,1177
1,train,562,1178
1,train,1161,1179
1,train,2721,1180
1,train,1291,1181
1,train,60,1182
1,train,2417,1183
1,train,2906,1184
1,train,417,1185
1,train,655,1186
1,train,1430,1187
1,train,2556,1188
1,train,1079,1189
1,train,1158,1190
1,train,1163,1191
1,train,1698,1192
1,train,2176,1193
1,train,669,1194
1,train,2679,1195
1,train,731,1196
1,train,2219,1197
1,train,545,1198
1,train,444,1199
1,train,961,1200
1,train,2862,1201
1,train,2666,1202
1,train,2973,1203
1,train,1860,1204
1,train,1756,1205
1,train,404,1206
1,train,1938,1207
1,train,74,1208
1,train,1424,1209
1,train,2673,1210
1,train,2003,1211
1,train,2363,1212
1,train,451,1213
1,train,1650,1214
1,train,788,1215
1,train,1537,1216
1,train,2953,1217
1,train,603,1218
1,train,1644,1219
1,train,2810,1220
1,train,2515,1221
1,train,197,1222
1,train,1857,1223
1,train,1608,1224
1,train,2041,1225
1,train,1873,1226
1,train,2805,1227
1,train,985,1228
1,train,1473,1229
1,train,62,1230
1,train,1368,1231
1,train,1193,1232
1,train,762,1233
1,train,874,1234
1,train,1628,1235
1,train,1646,1236
1,train,1805,1237
1,train,1701,1238
1,train,187,1239
1,train,2454,1240
1,train,1993,1241
1,train,2667,1242
1,train,2908,1243
1,train,1380,1244
1,train,847,1245
1,train,193,1246
1,train,638,1247
1,train,941,1248
1,train,1117,1249
1,train,294,1250
1,train,2626,1251
1,train,917,1252
1,train,2325,1253
1,train,1546,1254
1,train,2622,1255
1,train,2263,1256
1,train,1751,1257
1,train,636,1258
1,train,474,1259
1,train,1257,1260
1,train,215,1261
1,train,1248,1262
1,train,497,1263
1,train,741,1264
1,train,978,1265
1,train,1908,1266
1,train,1136,1267
1,train,2062,1268
1,train,1689,1269
1,train,1112,1270
1,train,775,1271
1,train,2282,1272
1,train,726,1273
1,train,1447,1274
1,train,951,1275
1,train,121,1276
1,train,2777,1277
1,train,391,1278
1,train,495,1279
1,train,2853,1280
1,train,1367,1281
1,train,1951,1282
1,train,1498,1283
1,train,1040,1284
1,train,628,1285
1,train,514,1286
1,train,407,1287
1,train,894,1288
1,train,1670,1289
1,train,2698,1290
1,train,306,1291
1,train,2408,1292
1,train,1475,1293
1,train,2928,1294
1,train,589,1295
1,train,2422,1296
1,train,2029,1297
1,train,130,1298
1,train,2171,1299
1,train,697,1300
1,train,981,1301
1,train,2055,1302
1,train,1511,1303
1,train,1928,1304
1,train,1262,1305
1,train,1704,1306
1,train,886,1307
1,train,2471,1308
1,train,1050,1309
1,train,2838,1310
1,train,2526,1311
1,train,1452,1312
1,train,1640,1313
1,train,2426,1314
1,train,808,1315
1,train,947,1316
1,train,72,1317
1,train,613,1318
1,train,1911,1319
1,train,414,1320
1,train,2795,1321
1,train,1854,1322
1,train,1657,1323
1,train,2416,1324
1,train,2252,1325
1,train,1886,1326
1,train,1766,1327
1,train,699,1328
1,train,2669,1329
1,train,1795,1330
1,train,2923,1331
1,train,2146,1332
1,train,2032,1333
1,train,1722,1334
1,train,1887,1335
1,train,374,1336
1,train,2449,1337
1,train,2078,1338
1,train,2009,1339
1,train,1180,1340
1,train,2865,1341
1,train,2644,1342
1,train,2884,1343
1,train,668,1344
1,train,664,1345
1,train,2225,1346
1,train,226,1347
1,train,1616,1348
1,train,272,1349
1,train,2013,1350
1,train,210,1351
1,train,1020,1352
1,train,2716,1353
1,train,1222,1354
1,train,725,1355
1,train,2234,1356
1,train,1339,1357
1,train,1649,1358
1,train,2226,1359
1,train,2836,1360
1,train,773,1361
1,train,258,1362
1,train,1520,1363
1,train,1905,1364
1,train,1484,1365
1,train,1018,1366
1,train,1823,1367
1,train,2035,1368
1,train,212,1369
1,train,2478,1370
1,train,2117,1371
1,train,1555,1372
1,train,2109,1373
1,train,2288,1374
1,train,2570,1375
1,train,2834,1376
1,train,2418,1377
1,train,1478,1378
1,train,1334,1379
1,train,1922,1380
1,train,218,1381
1,train,1690,1382
1,train,1027,1383
1,train,473,1384
1,train,2207,1385
1,train,2120,1386
1,train,770,1387
1,train,1858,1388
1,train,1913,1389
1,train,424,1390
1,train,2022,1391
1,train,1016,1392
1,train,2888,1393
1,train,2863,1394
1,train,2956,1395
1,train,1471,1396
1,train,1958,1397
1,train,1924,1398
1,train,2711,1399
1,train,92,1400
1,train,476,1401
1,train,2671,1402
1,train,649,1403
1,train,253,1404
1,train,2108,1405
1,train,909,1406
1,train,2063,1407
1,train,862,1408
1,train,1748,1409
1,train,2540,1410
1,train,214,1411
1,train,2935,1412
1,train,1804,1413
1,train,2560,1414
1,train,1755,1415
1,train,1558,1416
1,train,1456,1417
1,train,933,1418
1,train,40,1419
1,train,1218,1420
1,train,1629,1421
1,train,2811,1422
1,train,1453,1423
1,train,1361,1424
1,train,2893,1425
1,train,1267,1426
1,train,1263,1427
1,train,76,1428
1,train,1868,1429
1,train,1721,1430
1,train,2768,1431
1,train,2235,1432
1,train,1282,1433
1,train,2125,1434
1,train,2379,1435
1,train,2258,1436
1,train,2037,1437
1,train,1092,1438
1,train,728,1439
1,train,950,1440
1,train,1157,1441
1,train,2561,1442
1,train,936,1443
1,train,1100,1444
1,train,97,1445
1,train,2198,1446
1,train,2702,1447
1,train,2960,1448
1,train,2640,1449
1,train,1667,1450
1,train,2021,1451
1,train,2435,1452
1,train,90,1453
1,train,1052,1454
1,train,395,1455
1,train,2520,1456
1,train,1752,1457
1,train,2587,1458
1,train,1571,1459
1,train,2542,1460
1,train,186,1461
1,train,2975,1462
1,train,1984,1463
1,train,2178,1464
1,train,1047,1465
1,train,804,1466
1,train,1625,1467
1,train,2899,1468
1,train,880,1469
1,train,1892,1470
1,train,419,1471
1,train,1506,1472
1,train,1926,1473
1,train,1373,1474
1,train,1500,1475
1,train,1598,1476
1,train,970,1477
1,train,2705,1478
1,train,2396,1479
1,train,1790,1480
1,train,2452,1481
1,train,2400,1482
1,train,223,1483
1,train,957,1484
1,train,722,1485
1,train,583,1486
1,train,2355,1487
1,train,1673,1488
1,train,459,1489
1,train,1121,1490
1,train,634,1491
1,train,956,1492
1,train,2714,1493
1,train,1493,1494
1,train,2024,1495
1,train,1003,1496
1,train,401,1497
1,train,2938,1498
1,train,380,1499
1,train,677,1500
1,train,716,1501
1,train,2757,1502
1,train,1799,1503
1,train,855,1504
1,train,1806,1505
1,train,454,1506
1,train,56,1507
1,train,1356,1508
1,train,1989,1509
1,train,2818,1510
1,train,519,1511
1,train,1150,1512
1,train,2186,1513
1,train,128,1514
1,train,2484,1515
1,train,520,1516
1,train,2369,1517
1,train,1974,1518
1,train,1821,1519
1,train,530,1520
1,train,2940,1521
1,train,2932,1522
1,train,352,1523
1,train,1011,1524
1,train,2864,1525
1,train,190,1526
1,train,508,1527
1,train,1140,1528
1,train,1577,1529
1,train,692,1530
1,train,2769,1531
1,train,863,1532
1,train,2614,1533
1,train,1189,1534
1,train,1647,1535
1,train,2054,1536
1,train,1483,1537
1,train,111,1538
1,train,2145,1539
1,train,320,1540
1,train,1822,1541
1,train,1876,1542
1,train,771,1543
1,train,2231,1544
1,train,501,1545
1,train,48,1546
1,train,12,1547
1,train,2636,1548
1,train,1211,1549
1,train,1198,1550
1,train,2352,1551
1,train,2332,1552
1,train,2703,1553
1,train,54,1554
1,train,1947,1555
1,train,2423,1556
1,train,618,1557
1,train,232,1558
1,train,2119,1559
1,train,2524,1560
1,train,661,1561
1,train,1289,1562
1,train,33,1563
1,train,1778,1564
1,train,2808,1565
1,train,1761,1566
1,train,2450,1567
1,train,2985,1568
1,train,2648,1569
1,train,27,1570
1,train,191,1571
1,train,2014,1572
1,train,59,1573
1,train,1194,1574
1,train,228,1575
1,train,2071,1576
1,train,2473,1577
1,train,2828,1578
1,train,1813,1579
1,train,1563,1580
1,train,631,1581
1,train,2140,1582
1,train,35,1583
1,train,116,1584
1,train,2845,1585
1,train,1093,1586
1,train,513,1587
1,train,825,1588
1,train,1891,1589
1,train,2493,1590
1,train,1044,1591
1,train,2200,1592
1,train,1603,1593
1,train,946,1594
1,train,2324,1595
1,train,2047,1596
1,train,1243,1597
1,train,1304,1598
1,train,2399,1599
1,train,1376,1600
1,train,2042,1601
1,train,1123,1602
1,train,1375,1603
1,train,345,1604
1,train,1777,1605
1,train,2918,1606
1,train,1318,1607
1,train,1231,1608
1,train,1172,1609
1,train,585,1610
1,train,2558,1611
1,train,1535,1612
1,train,2562,1613
1,train,2821,1614
1,train,905,1615
1,train,284,1616
1,train,1407,1617
1,train,2629,1618
1,train,2286,1619
1,train,1073,1620
1,train,1297,1621
1,train,1315,1622
1,train,1945,1623
1,train,249,1624
1,train,1283,1625
1,train,1357,1626
1,train,2197,1627
1,train,270,1628
1,train,2262,1629
1,train,82,1630
1,train,1236,1631
1,train,2444,1632
1,train,2166,1633
1,train,379,1634
1,train,1200,1635
1,train,1479,1636
1,train,1330,1637
1,train,69,1638
1,train,2683,1639
1,train,2272,1640
1,train,2958,1641
1,train,1425,1642
1,train,2453,1643
1,train,1982,1644
1,train,2348,1645
1,train,68,1646
1,train,541,1647
1,train,1355,1648
1,train,77,1649
1,train,846,1650
1,train,2939,1651
1,train,2505,1652
1,train,1432,1653
1,train,2312,1654
1,train,496,1655
1,train,2480,1656
1,train,2237,1657
1,train,308,1658
1,train,887,1659
1,train,1134,1660
1,train,856,1661
1,train,756,1662
1,train,1707,1663
1,train,2220,1664
1,train,2151,1665
1,train,1586,1666
1,train,1002,1667
1,train,2335,1668
1,train,455,1669
1,train,1839,1670
1,train,154,1671
1,train,892,1672
1,train,1413,1673
1,train,1785,1674
1,train,1706,1675
1,train,1061,1676
1,train,297,1677
1,train,883,1678
1,train,429,1679
1,train,1254,1680
1,train,405,1681
1,train,875,1682
1,train,2261,1683
1,train,2843,1684
1,train,2102,1685
1,train,2066,1686
1,train,1350,1687
1,train,42,1688
1,train,2491,1689
1,train,2740,1690
1,train,1519,1691
1,train,1256,1692
1,train,254,1693
1,train,164,1694
1,train,393,1695
1,train,1338,1696
1,train,472,1697
1,train,452,1698
1,train,2753,1699
1,train,794,1700
1,train,1591,1701
1,train,860,1702
1,train,2460,1703
1,train,2518,1704
1,train,575,1705
1,train,1255,1706
1,train,336,1707
1,train,897,1708
1,train,2028,1709
1,train,2916,1710
1,train,1326,1711
1,train,1166,1712
1,train,2762,1713
1,train,1935,1714
1,train,1080,1715
1,train,974,1716
1,train,1178,1717
1,train,2892,1718
1,train,1302,1719
1,train,1524,1720
1,train,868,1721
1,train,1487,1722
1,train,1072,1723
1,train,1944,1724
1,train,1773,1725
1,train,972,1726
1,train,745,1727
1,train,1083,1728
1,train,1733,1729
1,train,2900,1730
1,train,484,1731
1,train,2326,1732
1,train,1862,1733
1,train,1634,1734
1,train,2203,1735
1,train,529,1736
1,train,318,1737
1,train,2194,1738
1,train,217,1739
1,train,2948,1740
1,train,1365,1741
1,train,587,1742
1,train,2952,1743
1,train,752,1744
1,train,1584,1745
1,train,2116,1746
1,train,2726,1747
1,train,522,1748
1,train,133,1749
1,train,402,1750
1,train,1303,1751
1,train,2338,1752
1,train,689,1753
1,train,866,1754
1,train,2090,1755
1,train,772,1756
1,train,314,1757
1,train,1074,1758
1,train,2689,1759
1,train,2844,1760
1,train,1159,1761
1,train,310,1762
1,train,271,1763
1,train,2309,1764
1,train,1313,1765
1,train,245,1766
1,train,737,1767
1,train,1737,1768
1,train,2148,1769
1,train,904,1770
1,train,685,1771
1,train,2856,1772
1,train,1030,1773
1,train,1226,1774
1,train,1830,1775
1,train,1992,1776
1,train,960,1777
1,train,1005,1778
1,train,244,1779
1,train,573,1780
1,train,2208,1781
1,train,426,1782
1,train,3,1783
1,train,1225,1784
1,train,2199,1785
1,train,1174,1786
1,train,316,1787
1,train,2322,1788
1,train,1888,1789
1,train,1406,1790
1,train,1791,1791
1,train,2360,1792
1,train,2919,1793
1,train,2354,1794
1,train,2816,1795
1,train,2734,1796
1,train,383,1797
1,train,189,1798
1,train,2451,1799
1,train,2767,1800
1,train,1850,1801
1,train,1875,1802
1,train,753,1803
1,train,2297,1804
1,train,21,1805
1,train,1026,1806
1,train,1223,1807
1,train,2147,1808
1,train,41,1809
1,train,877,1810
1,train,534,1811
1,train,1182,1812
1,train,18,1813
1,train,2581,1814
1,train,2787,1815
1,train,518,1816
1,train,199,1817
1,train,2658,1818
1,train,1216,1819
1,train,305,1820
1,train,948,1821
1,train,14,1822
1,train,227,1823
1,train,299,1824
1,train,2947,1825
1,train,1931,1826
1,train,1354,1827
1,train,659,1828
1,train,750,1829
1,train,2218,1830
1,train,470,1831
1,train,1849,1832
1,train,117,1833
1,train,2420,1834
1,train,2083,1835
1,train,2320,1836
1,train,1015,1837
1,train,570,1838
1,train,829,1839
1,train,2773,1840
1,train,1708,1841
1,train,590,1842
1,train,346,1843
1,train,2404,1844
1,train,1542,1845
1,train,1049,1846
1,train,2597,1847
1,train,1001,1848
1,train,1531,1849
1,train,2974,1850
1,train,830,1851
1,train,1919,1852
1,train,1677,1853
1,train,1459,1854
1,train,802,1855
1,train,287,1856
1,train,1725,1857
1,train,1782,1858
1,train,5,1859
1,train,1311,1860
1,train,2715,1861
1,train,2080,1862
1,train,2532,1863
1,train,2551,1864
1,train,1719,1865
1,train,135,1866
1,train,779,1867
1,train,2814,1868
1,train,2783,1869
1,train,1048,1870
1,train,2782,1871
1,train,1998,1872
1,train,1495,1873
1,train,1170,1874
1,train,330,1875
1,train,1230,1876
1,train,1464,1877
1,train,1238,1878
1,train,2370,1879
1,train,2500,1880
1,train,2048,1881
1,train,2680,1882
1,train,104,1883
1,train,36,1884
1,train,2050,1885
1,train,2801,1886
1,train,2306,1887
1,train,446,1888
1,train,2036,1889
1,train,1539,1890
1,train,1516,1891
1,train,2827,1892
1,train,2267,1893
1,train,2781,1894
1,train,64,1895
1,train,2682,1896
1,train,313,1897
1,train,161,1898
1,train,437,1899
1,train,8,1900
1,train,2488,1901
1,train,1371,1902
1,train,2571,1903
1,train,614,1904
1,train,2395,1905
1,train,1192,1906
1,train,1899,1907
1,train,935,1908
1,train,656,1909
1,train,1247,1910
1,train,1173,1911
1,train,1169,1912
1,train,1515,1913
1,train,1284,1914
1,train,1729,1915
1,train,1137,1916
1,train,819,1917
1,train,1532,1918
1,train,2565,1919
1,train,710,1920
1,train,711,1921
1,train,2651,1922
1,train,1299,1923
1,train,237,1924
1,train,1787,1925
1,train,1056,1926
1,train,2911,1927
1,train,1714,1928
1,train,1411,1929
1,train,2983,1930
1,train,2304,1931
1,train,1853,1932
1,train,686,1933
1,train,1837,1934
1,train,698,1935
1,train,2708,1936
1,train,1138,1937
1,train,834,1938
1,train,2761,1939
1,train,748,1940
1,train,2961,1941
1,train,2341,1942
1,train,921,1943
1,train,466,1944
1,train,995,1945
1,train,317,1946
1,train,449,1947
1,train,2463,1948
1,train,1370,1949
1,train,2860,1950
1,train,148,1951
1,train,2101,1952
1,train,1925,1953
1,train,1032,1954
1,train,2694,1955
1,train,2421,1956
1,train,2841,1957
1,train,2180,1958
1,train,2401,1959
1,train,2798,1960
1,train,2132,1961
1,train,2604,1962
1,train,2239,1963
1,train,75,1964
1,train,559,1965
1,train,1245,1966
1,train,1988,1967
1,train,1472,1968
1,train,1395,1969
1,train,1501,1970
1,train,888,1971
1,train,350,1972
1,train,1728,1973
1,train,1202,1974
1,train,2730,1975
1,train,2057,1976
1,train,1848,1977
1,train,1320,1978
1,train,85,1979
1,train,91,1980
1,train,2826,1981
1,train,708,1982
1,train,823,1983
1,train,1613,1984
1,train,1508,1985
1,train,1208,1986
1,train,1095,1987
1,train,2445,1988
1,train,1164,1989
1,train,406,1990
1,train,2053,1991
1,train,1190,1992
1,train,2672,1993
1,train,927,1994
1,train,1171,1995
1,train,2277,1996
1,train,1033,1997
1,train,1341,1998
1,train,1843,1999
1,train,2752,2000
1,train,2785,2001
1,train,98,2002
1,train,139,2003
1,train,2546,2004
1,train,789,2005
1,train,498,2006
1,train,2315,2007
1,train,2052,2008
1,train,1185,2009
1,train,922,2010
1,train,1301,2011
1,train,1102,2012
1,train,1702,2013
1,train,931,2014
1,train,1009,2015
1,train,2318,2016
1,train,1512,2017
1,train,2205,2018
1,train,2955,2019
1,train,1183,2020
1,train,769,2021
1,train,2099,2022
1,train,971,2023
1,train,1724,2024
1,train,705,2025
1,train,2978,2026
1,train,2891,2027
1,train,112,2028
1,train,110,2029
1,train,295,2030
1,train,1359,2031
1,train,576,2032
1,train,1840,2033
1,train,113,2034
1,train,955,2035
1,train,983,2036
1,train,2922,2037
1,train,283,2038
1,train,265,2039
1,train,1769,2040
1,train,2,2041
1,train,1556,2042
1,train,571,2043
1,train,592,2044
1,train,195,2045
1,train,1796,2046
1,train,2061,2047
1,train,2103,2048
1,train,1621,2049
1,train,2077,2050
1,train,2390,2051
1,train,1630,2052
1,train,1235,2053
1,train,646,2054
1,train,2330,2055
1,train,734,2056
1,train,2351,2057
1,train,344,2058
1,train,1602,2059
1,train,2613,2060
1,train,2641,2061
1,train,2173,2062
1,train,335,2063
1,train,642,2064
1,train,143,2065
1,train,1594,2066
1,train,1900,2067
1,train,1653,2068
1,train,1699,2069
1,train,938,2070
1,train,2155,2071
1,train,523,2072
1,train,1088,2073
1,train,607,2074
1,train,1863,2075
1,train,2981,2076
1,train,1788,2077
1,train,1739,2078
1,train,282,2079
1,train,2962,2080
1,train,591,2081
1,train,1734,2082
1,train,2732,2083
1,train,1688,2084
1,train,1066,2085
1,train,20,2086
1,train,902,2087
1,train,735,2088
1,train,2482,2089
1,train,1175,2090
1,train,2474,2091
1,train,1119,2092
1,train,1663,2093
1,train,611,2094
1,train,622,2095
1,train,2770,2096
1,train,2133,2097
1,train,695,2098
1,train,1587,2099
1,train,1265,2100
1,train,356,2101
1,train,1397,2102
1,train,2342,2103
1,train,339,2104
1,train,1576,2105
1,train,768,2106
1,train,2300,2107
1,train,2156,2108
1,train,563,2109
1,train,2204,2110
1,train,79,2111
1,train,2296,2112
1,train,2709,2113
1,train,2650,2114
1,train,2436,2115
1,train,1331,2116
1,train,123,2117
1,train,533,2118
1,train,852,2119
1,train,2328,2120
1,train,2885,2121
1,train,1680,2122
1,train,224,2123
1,train,233,2124
1,train,2931,2125
1,train,1669,2126
1,train,1101,2127
1,train,338,2128
1,train,1307,2129
1,train,1229,2130
1,train,996,2131
1,train,1633,2132
1,train,422,2133
1,train,2374,2134
1,train,2739,2135
1,train,2522,2136
1,train,2006,2137
1,train,1655,2138
1,train,2165,2139
1,train,34,2140
1,train,1550,2141
1,train,2182,2142
1,train,512,2143
1,train,2432,2144
1,train,2881,2145
1,train,2791,2146
1,train,1372,2147
1,train,1927,2148
1,train,2415,2149
1,train,1895,2150
1,train,1145,2151
1,train,1869,2152
1,train,2772,2153
1,train,1582,2154
1,train,1573,2155
1,train,358,2156
1,train,2270,2157
1,train,1877,2158
1,train,564,2159
1,train,2081,2160
1,train,1051,2161
1,train,2104,2162
1,train,2543,2163
1,train,2799,2164
1,train,1293,2165
1,train,2289,2166
1,train,608,2167
1,train,2552,2168
1,train,1566,2169
1,train,2368,2170
1,train,78,2171
1,train,447,2172
1,train,2883,2173
1,train,1434,2174
1,train,53,2175
1,train,548,2176
1,train,1151,2177
1,train,434,2178
1,train,2914,2179
1,train,1513,2180
1,train,280,2181
1,train,2153,2182
1,train,600,2183
1,train,2122,2184
1,train,2498,2185
1,train,2583,2186
1,train,1575,2187
1,train,1485,2188
1,train,242,2189
1,train,29,2190
1,train,2217,2191
1,train,2649,2192
1,train,776,2193
1,train,2111,2194
1,train,914,2195
1,train,2414,2196
1,train,26,2197
1,train,2443,2198
1,train,596,2199
1,train,1710,2200
1,train,348,2201
1,train,2567,2202
1,train,798,2203
1,train,1266,2204
1,train,1548,2205
1,train,1907,2206
1,train,2822,2207
1,train,1509,2208
1,train,1810,2209
1,train,2676,2210
1,train,1664,2211
1,train,1253,2212
1,train,2007,2213
1,train,2706,2214
1,train,1775,2215
1,train,1783,2216
1,train,481,2217
1,train,1494,2218
1,train,415,2219
1,train,763,2220
1,train,176,2221
1,train,916,2222
1,train,441,2223
1,train,859,2224
1,train,1036,2225
1,train,552,2226
1,train,2966,2227
1,train,1961,2228
1,train,351,2229
1,train,2510,2230
1,train,1510,2231
1,train,311,2232
1,train,119,2233
1,train,303,2234
1,train,366,2235
1,train,2386,2236
1,train,1619,2237
1,train,70,2238
1,train,1058,2239
1,train,1819,2240
1,train,183,2241
1,train,778,2242
1,train,1794,2243
1,train,1715,2244
1,train,2642,2245
1,train,2746,2246
1,train,221,2247
1,train,1906,2248
1,train,1312,2249
1,train,610,2250
1,train,2251,2251
1,train,1269,2252
1,train,2031,2253
1,train,1797,2254
1,train,2784,2255
1,train,273,2256
1,train,2720,2257
1,train,1214,2258
1,train,1660,2259
1,train,47,2260
1,train,2696,2261
1,train,2820,2262
1,train,126,2263
1,train,483,2264
1,train,2407,2265
1,train,992,2266
1,train,2434,2267
1,train,2241,2268
1,train,1638,2269
1,train,1224,2270
1,train,2941,2271
1,train,355,2272
1,train,2800,2273
1,train,364,2274
1,train,923,2275
1,train,2150,2276
1,train,359,2277
1,train,2114,2278
1,train,620,2279
1,train,388,2280
1,train,867,2281
1,train,784,2282
1,train,2113,2283
1,train,2869,2284
1,train,2410,2285
1,train,2982,2286
1,train,261,2287
1,train,2302,2288
1,train,1985,2289
1,train,2247,2290
1,train,477,2291
1,train,2930,2292
1,train,1390,2293
1,train,1469,2294
1,train,1409,2295
1,train,2437,2296
1,train,582,2297
1,train,173,2298
1,train,2082,2299
1,train,2861,2300
1,train,1415,2301
1,train,643,2302
1,train,2506,2303
1,train,2305,2304
1,train,1294,2305
1,train,2880,2306
1,train,333,2307
1,train,1880,2308
1,train,2609,2309
1,train,1881,2310
1,train,1427,2311
1,train,629,2312
1,train,2191,2313
1,train,1133,2314
1,train,2023,2315
1,train,1017,2316
1,train,1037,2317
1,train,2512,2318
1,train,2317,2319
1,train,633,2320
1,train,2840,2321
1,train,1285,2322
1,train,2088,2323
1,train,465,2324
1,train,2502,2325
1,train,934,2326
1,train,1592,2327
1,train,966,2328
1,train,1438,2329
1,train,2903,2330
1,train,2310,2331
1,train,309,2332
1,train,2015,2333
1,train,2362,2334
1,train,1460,2335
1,train,2514,2336
1,train,1287,2337
1,train,1932,2338
1,train,1610,2339
1,train,1147,2340
1,train,188,2341
1,train,1029,2342
1,train,761,2343
1,train,1757,2344
1,train,895,2345
1,train,1466,2346
1,train,2158,2347
1,train,423,2348
1,train,2495,2349
1,train,180,2350
1,train,2284,2351
1,train,1694,2352
1,train,2440,2353
1,train,1082,2354
1,train,1152,2355
1,train,1386,2356
1,train,301,2357
1,train,510,2358
1,train,2367,2359
1,train,1392,2360
1,train,1364,2361
1,train,2529,2362
1,train,724,2363
1,train,1221,2364
1,train,873,2365
1,train,1126,2366
1,train,1385,2367
1,train,767,2368
1,train,654,2369
1,train,1964,2370
1,train,2019,2371
1,train,939,2372
1,train,1551,2373
1,train,445,2374
1,train,1940,2375
1,train,300,2376
1,train,2894,2377
1,train,2593,2378
1,train,908,2379
1,train,431,2380
1,train,325,2381
1,train,2608,2382
1,train,667,2383
1,train,2545,2384
1,train,1705,2385
1,train,853,2386
1,train,1160,2387
1,val,2616,0
1,val,709,1
1,val,362,2
1,val,2727,3
1,val,2353,4
1,val,1617,5
1,val,1006,6
1,val,248,7
1,val,1131,8
1,val,550,9
1,val,16,10
1,val,1382,11
1,val,158,12
1,val,2085,13
1,val,1626,14
1,val,1545,15
1,val,2004,16
1,val,2364,17
1,val,1305,18
1,val,666,19
1,val,493,20
1,val,2601,21
1,val,1658,22
1,val,2815,23
1,val,555,24
1,val,2504,25
1,val,1220,26
1,val,302,27
1,val,2027,28
1,val,2615,29
1,val,2275,30
1,val,2850,31
1,val,2917,32
1,val,2866,33
1,val,2232,34
1,val,1618,35
1,val,1212,36
1,val,1274,37
1,val,2717,38
1,val,2857,39
1,val,2246,40
1,val,2244,41
1,val,706,42
1,val,213,43
1,val,2566,44
1,val,377,45
1,val,2849,46
1,val,106,47
1,val,954,48
1,val,525,49
1,val,2842,50
1,val,1560,51
1,val,675,52
1,val,243,53
1,val,1746,54
1,val,696,55
1,val,683,56
1,val,1832,57
1,val,361,58
1,val,2008,59
1,val,1870,60
1,val,813,61
1,val,694,62
1,val,343,63
1,val,2594,64
1,val,851,65
1,val,953,66
1,val,2628,67
1,val,137,68
1,val,1559,69
1,val,2046,70
1,val,1605,71
1,val,1533,72
1,val,2612,73
1,val,2509,74
1,val,2259,75
1,val,987,76
1,val,285,77
1,val,1581,78
1,val,1000,79
1,val,619,80
1,val,536,81
1,val,138,82
1,val,2868,83
1,val,2076,84
1,val,1369,85
1,val,1388,86
1,val,264,87
1,val,166,88
1,val,2380,89
1,val,1696,90
1,val,153,91
1,val,1808,92
1,val,440,93
1,val,1328,94
1,val,1035,95
1,val,2075,96
1,val,1883,97
1,val,2591,98
1,val,1709,99
1,val,2878,100
1,val,1503,101
1,val,389,102
1,val,1847,103
1,val,1820,104
1,val,1155,105
1,val,84,106
1,val,733,107
1,val,2523,108
1,val,1135,109
1,val,367,110
1,val,1444,111
1,val,712,112
1,val,2725,113
1,val,579,114
1,val,1765,115
1,val,1429,116
1,val,370,117
1,val,108,118
1,val,1614,119
1,val,1077,120
1,val,2701,121
1,val,461,122
1,val,1400,123
1,val,2951,124
1,val,1904,125
1,val,1975,126
1,val,1771,127
1,val,1014,128
1,val,2391,129
1,val,2000,130
1,val,1458,131
1,val,2501,132
1,val,925,133
1,val,2847,134
1,val,1246,135
1,val,167,136
1,val,1008,137
1,val,621,138
1,val,387,139
1,val,539,140
1,val,1204,141
1,val,1053,142
1,val,828,143
1,val,821,144
1,val,2946,145
1,val,2005,146
1,val,2963,147
1,val,163,148
1,val,2942,149
1,val,2874,150
1,val,171,151
1,val,1113,152
1,val,1865,153
1,val,2038,154
1,val,2301,155
1,val,639,156
1,val,1239,157
1,val,39,158
1,val,2759,159
1,val,2359,160
1,val,1335,161
1,val,2228,162
1,val,397,163
1,val,13,164
1,val,2137,165
1,val,1742,166
1,val,606,167
1,val,1999,168
1,val,1063,169
1,val,658,170
1,val,637,171
1,val,2350,172
1,val,1534,173
1,val,1491,174
1,val,2356,175
1,val,1043,176
1,val,898,177
1,val,984,178
1,val,766,179
1,val,795,180
1,val,2224,181
1,val,958,182
1,val,222,183
1,val,1252,184
1,val,208,185
1,val,707,186
1,val,2550,187
1,val,2327,188
1,val,66,189
1,val,1197,190
1,val,1952,191
1,val,517,192
1,val,1760,193
1,val,1348,194
1,val,2229,195
1,val,2578,196
1,val,2586,197
1,val,2107,198
1,val,623,199
1,val,2340,200
1,val,2719,201
1,val,885,202
1,val,975,203
1,val,1333,204
1,val,2256,205
1,val,684,206
1,val,1085,207
1,val,2481,208
1,val,2855,209
1,val,2537,210
1,val,2170,211
1,val,2011,212
1,val,1996,213
1,val,327,214
1,val,2344,215
1,val,2314,216
1,val,538,217
1,val,467,218
1,val,2358,219
1,val,2572,220
1,val,329,221
1,val,293,222
1,val,2677,223
1,val,2280,224
1,val,2091,225
1,val,2274,226
1,val,488,227
1,val,1069,228
1,val,2366,229
1,val,96,230
1,val,2846,231
1,val,1712,232
1,val,586,233
1,val,505,234
1,val,2531,235
1,val,2548,236
1,val,2692,237
1,val,1678,238
1,val,2831,239
1,val,2620,240
1,val,2879,241
1,val,151,242
1,val,1276,243
1,val,2118,244
1,val,1041,245
1,val,1683,246
1,val,988,247
1,val,1851,248
1,val,489,249
1,val,1793,250
1,val,1022,251
1,val,2025,252
1,val,719,253
1,val,1829,254
1,val,1588,255
1,val,1917,256
1,val,671,257
1,val,7,258
1,val,2394,259
1,val,1727,260
1,val,578,261
1,val,2100,262
1,val,2181,263
1,val,9,264
1,val,1094,265
1,val,2331,266
1,val,4,267
1,val,1492,268
1,val,1317,269
1,val,2534,270
1,val,2388,271
1,val,524,272
1,val,2627,273
1,val,2707,274
1,val,871,275
1,val,2812,276
1,val,2211,277
1,val,2802,278
1,val,2067,279
1,val,365,280
1,val,2210,281
1,val,604,282
1,val,1046,283
1,val,2631,284
1,val,185,285
1,val,2438,286
1,val,357,287
1,val,1268,288
1,val,2385,289
1,val,500,290
1,val,1654,291
1,val,340,292
1,val,1994,293
1,val,458,294
1,val,1227,295
1,val,1774,296
1,val,46,297
1,val,1983,298
2,train,1786,0
2,train,1431,1
2,train,648,2
2,train,2452,3
2,train,1493,4
2,train,2682,5
2,train,597,6
2,train,206,7
2,train,1960,8
2,train,1571,9
2,train,2501,10
2,train,1935,11
2,train,1274,12
2,train,62,13
2,train,1285,14
2,train,27,15
2,train,1907,16
2,train,1634,17
2,train,1243,18
2,train,1407,19
2,train,968,20
2,train,2035,21
2,train,1733,22
2,train,1857,23
2,train,306,24
2,train,2517,25
2,train,158,26
2,train,1723,27
2,train,753,28
2,train,647,29
2,train,1555,30
2,train,227,31
2,train,864,32
2,train,581,33
2,train,161,34
2,train,2872,35
2,train,1772,36
2,train,2134,37
2,train,351,38
2,train,1050,39
2,train,1365,40
2,train,2002,41
2,train,75,42
2,train,2289,43
2,train,1032,44
2,train,263,45
2,train,978,46
2,train,578,47
2,train,1621,48
2,train,610,49
2,train,2164,50
2,train,774,51
2,train,2262,52
2,train,261,53
2,train,943,54
2,train,899,55
2,train,2302,56
2,train,816,57
2,train,2326,58
2,train,2070,59
2,train,361,60
2,train,1881,61
2,train,1281,62
2,train,1839,63
2,train,2146,64
2,train,2458,65
2,train,142,66
2,train,379,67
2,train,1233,68
2,train,2455,69
2,train,386,70
2,train,69,71
2,train,2439,72
2,train,1899,73
2,train,2840,74
2,train,998,75
2,train,1629,76
2,train,1663,77
2,train,2624,78
2,train,1440,79
2,train,739,80
2,train,1562,81
2,train,2932,82
2,train,2716,83
2,train,2013,84
2,train,2257,85
2,train,1989,86
2,train,2732,87
2,train,1632,88
2,train,1107,89
2,train,36,90
2,train,786,91
2,train,1975,92
2,train,568,93
2,train,320,94
2,train,748,95
2,train,265,96
2,train,2447,97
2,train,1657,98
2,train,2529,99
2,train,1777,100
2,train,1982,101
2,train,1704,102
2,train,292,103
2,train,961,104
2,train,1627,105
2,train,2358,106
2,train,456,107
2,train,2515,108
2,train,876,109
2,train,2122,110
2,train,21,111
2,train,1165,112
2,train,2492,113
2,train,1586,114
2,train,2065,115
2,train,832,116
2,train,2708,117
2,train,2339,118
2,train,2092,119
2,train,1385,120
2,train,1018,121
2,train,2301,122
2,train,2478,123
2,train,254,124
2,train,712,125
2,train,1940,126
2,train,2875,127
2,train,2448,128
2,train,1176,129
2,train,1805,130
2,train,1370,131
2,train,1611,132
2,train,2946,133
2,train,2366,134
2,train,2864,135
2,train,2190,136
2,train,1652,137
2,train,2281,138
2,train,1215,139
2,train,2508,140
2,train,1880,141
2,train,1327,142
2,train,2899,143
2,train,2715,144
2,train,2342,145
2,train,2316,146
2,train,39,147
2,train,2355,148
2,train,1017,149
2,train,1759,150
2,train,1996,151
2,train,730,152
2,train,1520,153
2,train,2941,154
2,train,887,155
2,train,1822,156
2,train,2777,157
2,train,2202,158
2,train,1718,159
2,train,99,160
2,train,586,161
2,train,1153,162
2,train,2860,163
2,train,906,164
2,train,2525,165
2,train,2076,166
2,train,1845,167
2,train,2361,168
2,train,5,169
2,train,1885,170
2,train,2031,171
2,train,795,172
2,train,1441,173
2,train,1765,174
2,train,65,175
2,train,380,176
2,train,1044,177
2,train,266,178
2,train,1696,179
2,train,1668,180
2,train,170,181
2,train,439,182
2,train,2621,183
2,train,2546,184
2,train,286,185
2,train,1712,186
2,train,1069,187
2,train,1529,188
2,train,1577,189
2,train,2698,190
2,train,1870,191
2,train,2372,192
2,train,1567,193
2,train,1255,194
2,train,776,195
2,train,1997,196
2,train,1742,197
2,train,2170,198
2,train,873,199
2,train,1904,200
2,train,1939,201
2,train,1354,202
2,train,2920,203
2,train,1043,204
2,train,1053,205
2,train,2714,206
2,train,1981,207
2,train,1572,208
2,train,1402,209
2,train,2384,210
2,train,2562,211
2,train,1707,212
2,train,1048,213
2,train,1217,214
2,train,548,215
2,train,1548,216
2,train,2046,217
2,train,948,218
2,train,2619,219
2,train,855,220
2,train,1425,221
2,train,1315,222
2,train,151,223
2,train,762,224
2,train,2843,225
2,train,2841,226
2,train,2432,227
2,train,2673,228
2,train,208,229
2,train,1536,230
2,train,1414,231
2,train,2208,232
2,train,2750,233
2,train,40,234
2,train,850,235
2,train,1840,236
2,train,2614,237
2,train,659,238
2,train,497,239
2,train,885,240
2,train,2693,241
2,train,189,242
2,train,694,243
2,train,1473,244
2,train,1353,245
2,train,1242,246
2,train,435,247
2,train,2551,248
2,train,1198,249
2,train,2570,250
2,train,2312,251
2,train,2089,252
2,train,29,253
2,train,1314,254
2,train,1943,255
2,train,230,256
2,train,2652,257
2,train,1166,258
2,train,1851,259
2,train,148,260
2,train,1676,261
2,train,1430,262
2,train,1791,263
2,train,2236,264
2,train,2349,265
2,train,1361,266
2,train,2021,267
2,train,110,268
2,train,582,269
2,train,1618,270
2,train,971,271
2,train,334,272
2,train,2898,273
2,train,1214,274
2,train,390,275
2,train,537,276
2,train,465,277
2,train,552,278
2,train,920,279
2,train,2000,280
2,train,1040,281
2,train,1639,282
2,train,1012,283
2,train,2587,284
2,train,1225,285
2,train,2409,286
2,train,49,287
2,train,2942,288
2,train,333,289
2,train,397,290
2,train,2218,291
2,train,1248,292
2,train,2902,293
2,train,1143,294
2,train,1484,295
2,train,1992,296
2,train,769,297
2,train,2722,298
2,train,2400,299
2,train,536,300
2,train,773,301
2,train,1034,302
2,train,72,303
2,train,101,304
2,train,2288,305
2,train,2502,306
2,train,2685,307
2,train,577,308
2,train,2393,309
2,train,1670,310
2,train,2752,311
2,train,1737,312
2,train,1128,313
2,train,1159,314
2,train,520,315
2,train,1689,316
2,train,1099,317
2,train,1488,318
2,train,2376,319
2,train,1388,320
2,train,564,321
2,train,852,322
2,train,2792,323
2,train,1816,324
2,train,955,325
2,train,1827,326
2,train,1775,327
2,train,2690,328
2,train,2782,329
2,train,1735,330
2,train,1320,331
2,train,2830,332
2,train,1399,333
2,train,2511,334
2,train,1221,335
2,train,922,336
2,train,526,337
2,train,312,338
2,train,213,339
2,train,2616,340
2,train,2268,341
2,train,2674,342
2,train,2694,343
2,train,720,344
2,train,1559,345
2,train,561,346
2,train,2310,347
2,train,1479,348
2,train,2276,349
2,train,2363,350
2,train,1386,351
2,train,2050,352
2,train,1796,353
2,train,2297,354
2,train,1964,355
2,train,2007,356
2,train,2085,357
2,train,803,358
2,train,2309,359
2,train,1516,360
2,train,1703,361
2,train,726,362
2,train,533,363
2,train,845,364
2,train,2343,365
2,train,2318,366
2,train,2960,367
2,train,665,368
2,train,2710,369
2,train,115,370
2,train,2039,371
2,train,976,372
2,train,763,373
2,train,343,374
2,train,2336,375
2,train,1147,376
2,train,826,377
2,train,204,378
2,train,1526,379
2,train,931,380
2,train,1640,381
2,train,1231,382
2,train,2185,383
2,train,2420,384
2,train,2130,385
2,train,2914,386
2,train,122,387
2,train,794,388
2,train,896,389
2,train,2484,390
2,train,353,391
2,train,233,392
2,train,195,393
2,train,1397,394
2,train,2882,395
2,train,1311,396
2,train,326,397
2,train,1104,398
2,train,1680,399
2,train,94,400
2,train,2970,401
2,train,2037,402
2,train,1003,403
2,train,1434,404
2,train,1037,405
2,train,502,406
2,train,42,407
2,train,861,408
2,train,2194,409
2,train,954,410
2,train,823,411
2,train,2671,412
2,train,76,413
2,train,2063,414
2,train,2395,415
2,train,2213,416
2,train,355,417
2,train,698,418
2,train,1140,419
2,train,1075,420
2,train,729,421
2,train,199,422
2,train,820,423
2,train,2479,424
2,train,714,425
2,train,2772,426
2,train,679,427
2,train,328,428
2,train,915,429
2,train,1470,430
2,train,775,431
2,train,1395,432
2,train,278,433
2,train,2120,434
2,train,2760,435
2,train,2837,436
2,train,2741,437
2,train,367,438
2,train,1779,439
2,train,1130,440
2,train,2444,441
2,train,318,442
2,train,1023,443
2,train,1168,444
2,train,2115,445
2,train,1903,446
2,train,1882,447
2,train,1738,448
2,train,97,449
2,train,2132,450
2,train,1888,451
2,train,618,452
2,train,2189,453
2,train,1817,454
2,train,1580,455
2,train,1462,456
2,train,1905,457
2,train,1913,458
2,train,363,459
2,train,436,460
2,train,2426,461
2,train,560,462
2,train,2651,463
2,train,658,464
2,train,2239,465
2,train,916,466
2,train,452,467
2,train,1103,468
2,train,2856,469
2,train,1985,470
2,train,1944,471
2,train,1456,472
2,train,667,473
2,train,155,474
2,train,2211,475
2,train,362,476
2,train,2243,477
2,train,2333,478
2,train,234,479
2,train,2761,480
2,train,1778,481
2,train,299,482
2,train,81,483
2,train,2011,484
2,train,1523,485
2,train,425,486
2,train,1836,487
2,train,100,488
2,train,1289,489
2,train,1111,490
2,train,2370,491
2,train,928,492
2,train,2865,493
2,train,2948,494
2,train,1740,495
2,train,802,496
2,train,1269,497
2,train,2974,498
2,train,1232,499
2,train,2593,500
2,train,181,501
2,train,406,502
2,train,1928,503
2,train,26,504
2,train,1792,505
2,train,1443,506
2,train,2356,507
2,train,2380,508
2,train,1006,509
2,train,1318,510
2,train,1900,511
2,train,2320,512
2,train,863,513
2,train,160,514
2,train,724,515
2,train,1024,516
2,train,373,517
2,train,772,518
2,train,1734,519
2,train,710,520
2,train,1956,521
2,train,2106,522
2,train,1466,523
2,train,2519,524
2,train,1204,525
2,train,2754,526
2,train,1031,527
2,train,1254,528
2,train,176,529
2,train,415,530
2,train,2919,531
2,train,28,532
2,train,2476,533
2,train,2030,534
2,train,750,535
2,train,784,536
2,train,405,537
2,train,167,538
2,train,632,539
2,train,1478,540
2,train,1185,541
2,train,1195,542
2,train,248,543
2,train,2382,544
2,train,767,545
2,train,2824,546
2,train,121,547
2,train,187,548
2,train,2650,549
2,train,804,550
2,train,139,551
2,train,2530,552
2,train,1152,553
2,train,2736,554
2,train,754,555
2,train,2125,556
2,train,1109,557
2,train,690,558
2,train,988,559
2,train,2368,560
2,train,849,561
2,train,1678,562
2,train,1459,563
2,train,731,564
2,train,38,565
2,train,1055,566
2,train,1626,567
2,train,25,568
2,train,153,569
2,train,249,570
2,train,2548,571
2,train,1085,572
2,train,843,573
2,train,1307,574
2,train,2646,575
2,train,2775,576
2,train,2980,577
2,train,1661,578
2,train,1213,579
2,train,366,580
2,train,2717,581
2,train,510,582
2,train,2379,583
2,train,983,584
2,train,2168,585
2,train,319,586
2,train,1563,587
2,train,2219,588
2,train,2740,589
2,train,2183,590
2,train,1815,591
2,train,766,592
2,train,2893,593
2,train,1223,594
2,train,1546,595
2,train,1387,596
2,train,2008,597
2,train,317,598
2,train,1171,599
2,train,235,600
2,train,2054,601
2,train,696,602
2,train,2885,603
2,train,524,604
2,train,372,605
2,train,2967,606
2,train,1396,607
2,train,1226,608
2,train,1293,609
2,train,982,610
2,train,1403,611
2,train,1869,612
2,train,2978,613
2,train,494,614
2,train,716,615
2,train,310,616
2,train,501,617
2,train,212,618
2,train,20,619
2,train,1096,620
2,train,9,621
2,train,1461,622
2,train,2895,623
2,train,2657,624
2,train,859,625
2,train,91,626
2,train,2422,627
2,train,545,628
2,train,2059,629
2,train,839,630
2,train,2957,631
2,train,35,632
2,train,1349,633
2,train,2421,634
2,train,546,635
2,train,2369,636
2,train,1218,637
2,train,31,638
2,train,2532,639
2,train,728,640
2,train,2656,641
2,train,92,642
2,train,1416,643
2,train,1828,644
2,train,1412,645
2,train,1579,646
2,train,138,647
2,train,733,648
2,train,114,649
2,train,152,650
2,train,1259,651
2,train,2601,652
2,train,2204,653
2,train,1605,654
2,train,1115,655
2,train,1268,656
2,train,2497,657
2,train,83,658
2,train,801,659
2,train,1324,660
2,train,303,661
2,train,288,662
2,train,1174,663
2,train,2332,664
2,train,829,665
2,train,2095,666
2,train,846,667
2,train,607,668
2,train,2731,669
2,train,2220,670
2,train,156,671
2,train,426,672
2,train,2354,673
2,train,963,674
2,train,1108,675
2,train,1371,676
2,train,1958,677
2,train,1291,678
2,train,1908,679
2,train,514,680
2,train,2728,681
2,train,1850,682
2,train,346,683
2,train,1474,684
2,train,496,685
2,train,973,686
2,train,609,687
2,train,2471,688
2,train,2102,689
2,train,642,690
2,train,1633,691
2,train,857,692
2,train,2743,693
2,train,682,694
2,train,1760,695
2,train,951,696
2,train,944,697
2,train,1065,698
2,train,1561,699
2,train,2043,700
2,train,2814,701
2,train,1952,702
2,train,1594,703
2,train,979,704
2,train,2429,705
2,train,369,706
2,train,2622,707
2,train,1306,708
2,train,277,709
2,train,2394,710
2,train,1595,711
2,train,1519,712
2,train,2177,713
2,train,1101,714
2,train,1158,715
2,train,2894,716
2,train,2090,717
2,train,1263,718
2,train,440,719
2,train,169,720
2,train,907,721
2,train,220,722
2,train,210,723
2,train,2568,724
2,train,1384,725
2,train,103,726
2,train,2504,727
2,train,2171,728
2,train,412,729
2,train,2888,730
2,train,98,731
2,train,2200,732
2,train,2933,733
2,train,2438,734
2,train,2371,735
2,train,1036,736
2,train,1501,737
2,train,1264,738
2,train,1635,739
2,train,1658,740
2,train,725,741
2,train,835,742
2,train,481,743
2,train,636,744
2,train,1249,745
2,train,2300,746
2,train,1655,747
2,train,969,748
2,train,2365,749
2,train,2956,750
2,train,1028,751
2,train,1258,752
2,train,2230,753
2,train,504,754
2,train,741,755
2,train,613,756
2,train,1486,757
2,train,1363,758
2,train,2427,759
2,train,2930,760
2,train,483,761
2,train,2851,762
2,train,649,763
2,train,447,764
2,train,599,765
2,train,123,766
2,train,1878,767
2,train,2383,768
2,train,1867,769
2,train,743,770
2,train,357,771
2,train,2041,772
2,train,959,773
2,train,47,774
2,train,1253,775
2,train,1262,776
2,train,2878,777
2,train,64,778
2,train,1506,779
2,train,893,780
2,train,958,781
2,train,1029,782
2,train,1615,783
2,train,2488,784
2,train,531,785
2,train,872,786
2,train,517,787
2,train,2829,788
2,train,572,789
2,train,2758,790
2,train,1172,791
2,train,1583,792
2,train,1216,793
2,train,2456,794
2,train,1610,795
2,train,2590,796
2,train,95,797
2,train,1688,798
2,train,2688,799
2,train,1962,800
2,train,14,801
2,train,2001,802
2,train,1487,803
2,train,1071,804
2,train,1669,805
2,train,722,806
2,train,1926,807
2,train,1838,808
2,train,271,809
2,train,1135,810
2,train,1247,811
2,train,2028,812
2,train,1330,813
2,train,2610,814
2,train,1852,815
2,train,337,816
2,train,2826,817
2,train,815,818
2,train,588,819
2,train,462,820
2,train,2453,821
2,train,470,822
2,train,2935,823
2,train,2653,824
2,train,2415,825
2,train,1277,826
2,train,1600,827
2,train,1400,828
2,train,348,829
2,train,2636,830
2,train,2583,831
2,train,1102,832
2,train,2352,833
2,train,822,834
2,train,382,835
2,train,1642,836
2,train,2131,837
2,train,2665,838
2,train,1000,839
2,train,84,840
2,train,1059,841
2,train,505,842
2,train,2788,843
2,train,482,844
2,train,469,845
2,train,1468,846
2,train,677,847
2,train,1917,848
2,train,1514,849
2,train,699,850
2,train,1934,851
2,train,164,852
2,train,837,853
2,train,2466,854
2,train,2662,855
2,train,2805,856
2,train,1515,857
2,train,758,858
2,train,2635,859
2,train,541,860
2,train,1210,861
2,train,1373,862
2,train,1535,863
2,train,2224,864
2,train,1614,865
2,train,2245,866
2,train,1512,867
2,train,1750,868
2,train,646,869
2,train,875,870
2,train,662,871
2,train,655,872
2,train,2628,873
2,train,1494,874
2,train,980,875
2,train,2925,876
2,train,269,877
2,train,2015,878
2,train,1883,879
2,train,1931,880
2,train,686,881
2,train,37,882
2,train,2879,883
2,train,2330,884
2,train,360,885
2,train,2537,886
2,train,2351,887
2,train,2483,888
2,train,1164,889
2,train,2649,890
2,train,2918,891
2,train,1682,892
2,train,2124,893
2,train,1623,894
2,train,2053,895
2,train,2060,896
2,train,2684,897
2,train,2574,898
2,train,2482,899
2,train,2727,900
2,train,244,901
2,train,2962,902
2,train,2113,903
2,train,975,904
2,train,2954,905
2,train,783,906
2,train,411,907
2,train,1541,908
2,train,143,909
2,train,2176,910
2,train,1938,911
2,train,1527,912
2,train,2697,913
2,train,282,914
2,train,898,915
2,train,1239,916
2,train,1429,917
2,train,1256,918
2,train,551,919
2,train,653,920
2,train,518,921
2,train,1968,922
2,train,1113,923
2,train,685,924
2,train,740,925
2,train,2151,926
2,train,854,927
2,train,640,928
2,train,1021,929
2,train,2963,930
2,train,1439,931
2,train,293,932
2,train,1665,933
2,train,18,934
2,train,364,935
2,train,2340,936
2,train,1856,937
2,train,183,938
2,train,862,939
2,train,394,940
2,train,2084,941
2,train,1849,942
2,train,1826,943
2,train,2019,944
2,train,134,945
2,train,1004,946
2,train,559,947
2,train,2887,948
2,train,391,949
2,train,387,950
2,train,1394,951
2,train,418,952
2,train,1265,953
2,train,687,954
2,train,1643,955
2,train,1175,956
2,train,1863,957
2,train,1409,958
2,train,1919,959
2,train,1875,960
2,train,2672,961
2,train,1124,962
2,train,1304,963
2,train,2857,964
2,train,810,965
2,train,2979,966
2,train,1556,967
2,train,2062,968
2,train,1570,969
2,train,1773,970
2,train,2348,971
2,train,1347,972
2,train,2806,973
2,train,1823,974
2,train,1336,975
2,train,2423,976
2,train,2557,977
2,train,2324,978
2,train,2507,979
2,train,1973,980
2,train,159,981
2,train,1229,982
2,train,1426,983
2,train,2391,984
2,train,309,985
2,train,1145,986
2,train,2387,987
2,train,11,988
2,train,1925,989
2,train,50,990
2,train,602,991
2,train,1382,992
2,train,1507,993
2,train,2896,994
2,train,1209,995
2,train,374,996
2,train,389,997
2,train,2143,998
2,train,1074,999
2,train,1963,1000
2,train,1993,1001
2,train,1367,1002
2,train,1230,1003
2,train,2123,1004
2,train,2596,1005
2,train,2119,1006
2,train,2966,1007
2,train,2904,1008
2,train,2759,1009
2,train,1906,1010
2,train,301,1011
2,train,2472,1012
2,train,2416,1013
2,train,894,1014
2,train,1160,1015
2,train,2676,1016
2,train,2051,1017
2,train,2638,1018
2,train,2667,1019
2,train,117,1020
2,train,1077,1021
2,train,1144,1022
2,train,1631,1023
2,train,2100,1024
2,train,1795,1025
2,train,2099,1026
2,train,2341,1027
2,train,1082,1028
2,train,2152,1029
2,train,1829,1030
2,train,1866,1031
2,train,1650,1032
2,train,1597,1033
2,train,2467,1034
2,train,1537,1035
2,train,2908,1036
2,train,620,1037
2,train,2258,1038
2,train,180,1039
2,train,330,1040
2,train,2849,1041
2,train,388,1042
2,train,2071,1043
2,train,2550,1044
2,train,2853,1045
2,train,302,1046
2,train,1149,1047
2,train,338,1048
2,train,1581,1049
2,train,257,1050
2,train,1818,1051
2,train,1357,1052
2,train,2072,1053
2,train,1660,1054
2,train,1170,1055
2,train,2274,1056
2,train,1890,1057
2,train,2744,1058
2,train,136,1059
2,train,2645,1060
2,train,1608,1061
2,train,1452,1062
2,train,1979,1063
2,train,1530,1064
2,train,2373,1065
2,train,2780,1066
2,train,2023,1067
2,train,2524,1068
2,train,2044,1069
2,train,1994,1070
2,train,157,1071
2,train,2768,1072
2,train,2241,1073
2,train,274,1074
2,train,617,1075
2,train,2068,1076
2,train,1986,1077
2,train,2417,1078
2,train,1420,1079
2,train,2344,1080
2,train,780,1081
2,train,2815,1082
2,train,356,1083
2,train,221,1084
2,train,926,1085
2,train,2292,1086
2,train,522,1087
2,train,1731,1088
2,train,1837,1089
2,train,56,1090
2,train,1889,1091
2,train,1820,1092
2,train,836,1093
2,train,634,1094
2,train,1930,1095
2,train,997,1096
2,train,2057,1097
2,train,1971,1098
2,train,1499,1099
2,train,2078,1100
2,train,1807,1101
2,train,2802,1102
2,train,284,1103
2,train,1824,1104
2,train,2228,1105
2,train,1123,1106
2,train,1095,1107
2,train,66,1108
2,train,768,1109
2,train,1613,1110
2,train,127,1111
2,train,693,1112
2,train,2449,1113
2,train,1132,1114
2,train,2545,1115
2,train,2637,1116
2,train,1419,1117
2,train,596,1118
2,train,1013,1119
2,train,2275,1120
2,train,313,1121
2,train,1303,1122
2,train,1137,1123
2,train,2903,1124
2,train,279,1125
2,train,1518,1126
2,train,190,1127
2,train,1649,1128
2,train,1700,1129
2,train,1436,1130
2,train,2145,1131
2,train,2477,1132
2,train,1424,1133
2,train,228,1134
2,train,985,1135
2,train,2175,1136
2,train,2259,1137
2,train,1808,1138
2,train,521,1139
2,train,792,1140
2,train,2720,1141
2,train,422,1142
2,train,991,1143
2,train,2473,1144
2,train,2528,1145
2,train,1898,1146
2,train,756,1147
2,train,2087,1148
2,train,1671,1149
2,train,2158,1150
2,train,1072,1151
2,train,1355,1152
2,train,2929,1153
2,train,2017,1154
2,train,2385,1155
2,train,1522,1156
2,train,1490,1157
2,train,987,1158
2,train,703,1159
2,train,738,1160
2,train,970,1161
2,train,1788,1162
2,train,2855,1163
2,train,2083,1164
2,train,2774,1165
2,train,207,1166
2,train,145,1167
2,train,2494,1168
2,train,702,1169
2,train,1630,1170
2,train,2822,1171
2,train,2193,1172
2,train,1495,1173
2,train,473,1174
2,train,2486,1175
2,train,79,1176
2,train,1891,1177
2,train,689,1178
2,train,1205,1179
2,train,438,1180
2,train,2835,1181
2,train,1220,1182
2,train,1959,1183
2,train,1755,1184
2,train,2221,1185
2,train,1066,1186
2,train,827,1187
2,train,534,1188
2,train,2523,1189
2,train,974,1190
2,train,197,1191
2,train,2216,1192
2,train,1,1193
2,train,53,1194
2,train,821,1195
2,train,751,1196
2,train,270,1197
2,train,131,1198
2,train,519,1199
2,train,2900,1200
2,train,1319,1201
2,train,2799,1202
2,train,2565,1203
2,train,490,1204
2,train,1421,1205
2,train,2781,1206
2,train,451,1207
2,train,2328,1208
2,train,2573,1209
2,train,1173,1210
2,train,711,1211
2,train,2024,1212
2,train,1052,1213
2,train,1584,1214
2,train,2338,1215
2,train,981,1216
2,train,1015,1217
2,train,1227,1218
2,train,1161,1219
2,train,1190,1220
2,train,428,1221
2,train,1114,1222
2,train,2818,1223
2,train,1560,1224
2,train,89,1225
2,train,2109,1226
2,train,2003,1227
2,train,7,1228
2,train,2397,1229
2,train,2695,1230
2,train,1178,1231
2,train,2180,1232
2,train,2765,1233
2,train,268,1234
2,train,2762,1235
2,train,1445,1236
2,train,2734,1237
2,train,1811,1238
2,train,833,1239
2,train,1947,1240
2,train,198,1241
2,train,2938,1242
2,train,1202,1243
2,train,2707,1244
2,train,132,1245
2,train,68,1246
2,train,721,1247
2,train,1511,1248
2,train,404,1249
2,train,2971,1250
2,train,867,1251
2,train,61,1252
2,train,2128,1253
2,train,1035,1254
2,train,878,1255
2,train,2620,1256
2,train,500,1257
2,train,1744,1258
2,train,2133,1259
2,train,4,1260
2,train,2595,1261
2,train,1046,1262
2,train,2,1263
2,train,2679,1264
2,train,615,1265
2,train,245,1266
2,train,2345,1267
2,train,2410,1268
2,train,2951,1269
2,train,2404,1270
2,train,1016,1271
2,train,2353,1272
2,train,112,1273
2,train,1492,1274
2,train,2870,1275
2,train,1714,1276
2,train,1267,1277
2,train,2117,1278
2,train,2796,1279
2,train,1628,1280
2,train,15,1281
2,train,1653,1282
2,train,945,1283
2,train,2304,1284
2,train,414,1285
2,train,1769,1286
2,train,1086,1287
2,train,402,1288
2,train,55,1289
2,train,400,1290
2,train,375,1291
2,train,1181,1292
2,train,218,1293
2,train,16,1294
2,train,455,1295
2,train,525,1296
2,train,2505,1297
2,train,1573,1298
2,train,1179,1299
2,train,1531,1300
2,train,2480,1301
2,train,1283,1302
2,train,621,1303
2,train,34,1304
2,train,231,1305
2,train,2669,1306
2,train,1677,1307
2,train,1476,1308
2,train,604,1309
2,train,342,1310
2,train,2009,1311
2,train,2201,1312
2,train,1921,1313
2,train,2816,1314
2,train,1401,1315
2,train,149,1316
2,train,2424,1317
2,train,2640,1318
2,train,335,1319
2,train,2298,1320
2,train,2210,1321
2,train,2724,1322
2,train,669,1323
2,train,1654,1324
2,train,1064,1325
2,train,643,1326
2,train,1056,1327
2,train,120,1328
2,train,2032,1329
2,train,1686,1330
2,train,442,1331
2,train,1260,1332
2,train,1383,1333
2,train,323,1334
2,train,1331,1335
2,train,2403,1336
2,train,1965,1337
2,train,1451,1338
2,train,2794,1339
2,train,287,1340
2,train,2975,1341
2,train,1228,1342
2,train,868,1343
2,train,459,1344
2,train,2331,1345
2,train,444,1346
2,train,2641,1347
2,train,2836,1348
2,train,732,1349
2,train,761,1350
2,train,1033,1351
2,train,1619,1352
2,train,172,1353
2,train,619,1354
2,train,1187,1355
2,train,622,1356
2,train,1240,1357
2,train,2116,1358
2,train,1182,1359
2,train,800,1360
2,train,1475,1361
2,train,892,1362
2,train,889,1363
2,train,1343,1364
2,train,2703,1365
2,train,2696,1366
2,train,2585,1367
2,train,385,1368
2,train,2602,1369
2,train,1715,1370
2,train,2506,1371
2,train,1481,1372
2,train,540,1373
2,train,350,1374
2,train,1768,1375
2,train,2983,1376
2,train,1843,1377
2,train,2891,1378
2,train,1804,1379
2,train,2564,1380
2,train,24,1381
2,train,2491,1382
2,train,2460,1383
2,train,1574,1384
2,train,300,1385
2,train,942,1386
2,train,488,1387
2,train,1568,1388
2,train,1717,1389
2,train,489,1390
2,train,2178,1391
2,train,2389,1392
2,train,2886,1393
2,train,1620,1394
2,train,1332,1395
2,train,2234,1396
2,train,2308,1397
2,train,910,1398
2,train,1543,1399
2,train,2226,1400
2,train,2114,1401
2,train,1444,1402
2,train,657,1403
2,train,314,1404
2,train,1524,1405
2,train,1603,1406
2,train,708,1407
2,train,946,1408
2,train,674,1409
2,train,205,1410
2,train,1532,1411
2,train,1980,1412
2,train,1460,1413
2,train,1129,1414
2,train,2783,1415
2,train,749,1416
2,train,1199,1417
2,train,1814,1418
2,train,2738,1419
2,train,1183,1420
2,train,2307,1421
2,train,2711,1422
2,train,2191,1423
2,train,550,1424
2,train,1999,1425
2,train,2181,1426
2,train,924,1427
2,train,2470,1428
2,train,2877,1429
2,train,2286,1430
2,train,1194,1431
2,train,585,1432
2,train,2306,1433
2,train,1693,1434
2,train,1636,1435
2,train,914,1436
2,train,1177,1437
2,train,1751,1438
2,train,1364,1439
2,train,493,1440
2,train,1014,1441
2,train,1078,1442
2,train,668,1443
2,train,464,1444
2,train,1088,1445
2,train,2195,1446
2,train,512,1447
2,train,771,1448
2,train,384,1449
2,train,467,1450
2,train,1376,1451
2,train,182,1452
2,train,1350,1453
2,train,692,1454
2,train,1500,1455
2,train,1154,1456
2,train,556,1457
2,train,2066,1458
2,train,1757,1459
2,train,2599,1460
2,train,1564,1461
2,train,2033,1462
2,train,2982,1463
2,train,1193,1464
2,train,2868,1465
2,train,186,1466
2,train,275,1467
2,train,1148,1468
2,train,2272,1469
2,train,2322,1470
2,train,2287,1471
2,train,2534,1472
2,train,2463,1473
2,train,1725,1474
2,train,1112,1475
2,train,884,1476
2,train,87,1477
2,train,2244,1478
2,train,2246,1479
2,train,2034,1480
2,train,1871,1481
2,train,229,1482
2,train,2489,1483
2,train,2337,1484
2,train,1496,1485
2,train,1864,1486
2,train,652,1487
2,train,2615,1488
2,train,580,1489
2,train,2790,1490
2,train,1180,1491
2,train,1612,1492
2,train,281,1493
2,train,260,1494
2,train,1651,1495
2,train,475,1496
2,train,1413,1497
2,train,2454,1498
2,train,2436,1499
2,train,1713,1500
2,train,2126,1501
2,train,48,1502
2,train,1063,1503
2,train,2252,1504
2,train,150,1505
2,train,1585,1506
2,train,2976,1507
2,train,2950,1508
2,train,267,1509
2,train,1729,1510
2,train,2315,1511
2,train,325,1512
2,train,2577,1513
2,train,2867,1514
2,train,2156,1515
2,train,1390,1516
2,train,2225,1517
2,train,1134,1518
2,train,329,1519
2,train,2798,1520
2,train,1392,1521
2,train,1157,1522
2,train,2850,1523
2,train,1622,1524
2,train,1300,1525
2,train,2923,1526
2,train,106,1527
2,train,1517,1528
2,train,1692,1529
2,train,757,1530
2,train,874,1531
2,train,2214,1532
2,train,2737,1533
2,train,2586,1534
2,train,616,1535
2,train,791,1536
2,train,2958,1537
2,train,450,1538
2,train,222,1539
2,train,2510,1540
2,train,392,1541
2,train,2162,1542
2,train,701,1543
2,train,1212,1544
2,train,935,1545
2,train,1855,1546
2,train,1297,1547
2,train,2968,1548
2,train,365,1549
2,train,2560,1550
2,train,23,1551
2,train,1848,1552
2,train,2834,1553
2,train,250,1554
2,train,1533,1555
2,train,2686,1556
2,train,1448,1557
2,train,1592,1558
2,train,135,1559
2,train,1539,1560
2,train,1705,1561
2,train,897,1562
2,train,2402,1563
2,train,1438,1564
2,train,2150,1565
2,train,2600,1566
2,train,1203,1567
2,train,1380,1568
2,train,2079,1569
2,train,2235,1570
2,train,294,1571
2,train,1391,1572
2,train,671,1573
2,train,2584,1574
2,train,2981,1575
2,train,557,1576
2,train,449,1577
2,train,819,1578
2,train,466,1579
2,train,2005,1580
2,train,1060,1581
2,train,1284,1582
2,train,1576,1583
2,train,2149,1584
2,train,1007,1585
2,train,1246,1586
2,train,2291,1587
2,train,2854,1588
2,train,1702,1589
2,train,70,1590
2,train,1045,1591
2,train,1008,1592
2,train,2808,1593
2,train,847,1594
2,train,2364,1595
2,train,1910,1596
2,train,2250,1597
2,train,2647,1598
2,train,707,1599
2,train,2940,1600
2,train,1831,1601
2,train,901,1602
2,train,2769,1603
2,train,2036,1604
2,train,977,1605
2,train,2705,1606
2,train,904,1607
2,train,2435,1608
2,train,2359,1609
2,train,1745,1610
2,train,1746,1611
2,train,1294,1612
2,train,2129,1613
2,train,1333,1614
2,train,2791,1615
2,train,2411,1616
2,train,2082,1617
2,train,1664,1618
2,train,116,1619
2,train,215,1620
2,train,994,1621
2,train,2852,1622
2,train,2251,1623
2,train,684,1624
2,train,2911,1625
2,train,2097,1626
2,train,1503,1627
2,train,939,1628
2,train,2390,1629
2,train,1924,1630
2,train,2757,1631
2,train,2148,1632
2,train,1339,1633
2,train,1781,1634
2,train,2325,1635
2,train,96,1636
2,train,2299,1637
2,train,237,1638
2,train,1257,1639
2,train,1806,1640
2,train,2049,1641
2,train,474,1642
2,train,1617,1643
2,train,154,1644
2,train,1872,1645
2,train,2910,1646
2,train,185,1647
2,train,2786,1648
2,train,555,1649
2,train,2442,1650
2,train,398,1651
2,train,2111,1652
2,train,423,1653
2,train,1200,1654
2,train,2077,1655
2,train,1846,1656
2,train,1368,1657
2,train,2633,1658
2,train,2206,1659
2,train,129,1660
2,train,1208,1661
2,train,345,1662
2,train,1667,1663
2,train,1916,1664
2,train,1784,1665
2,train,635,1666
2,train,472,1667
2,train,1080,1668
2,train,165,1669
2,train,1469,1670
2,train,960,1671
2,train,2199,1672
2,train,1528,1673
2,train,2819,1674
2,train,2293,1675
2,train,2203,1676
2,train,201,1677
2,train,1358,1678
2,train,130,1679
2,train,1076,1680
2,train,2048,1681
2,train,1340,1682
2,train,1251,1683
2,train,2248,1684
2,train,2892,1685
2,train,1184,1686
2,train,1538,1687
2,train,41,1688
2,train,1083,1689
2,train,782,1690
2,train,2160,1691
2,train,630,1692
2,train,347,1693
2,train,563,1694
2,train,1802,1695
2,train,2231,1696
2,train,1666,1697
2,train,742,1698
2,train,1131,1699
2,train,584,1700
2,train,1398,1701
2,train,2139,1702
2,train,2643,1703
2,train,2296,1704
2,train,209,1705
2,train,2047,1706
2,train,2014,1707
2,train,2399,1708
2,train,2347,1709
2,train,223,1710
2,train,1279,1711
2,train,1879,1712
2,train,484,1713
2,train,2922,1714
2,train,2959,1715
2,train,1616,1716
2,train,2172,1717
2,train,2825,1718
2,train,760,1719
2,train,59,1720
2,train,2800,1721
2,train,1432,1722
2,train,1389,1723
2,train,2871,1724
2,train,558,1725
2,train,569,1726
2,train,2917,1727
2,train,2386,1728
2,train,1942,1729
2,train,509,1730
2,train,2859,1731
2,train,2493,1732
2,train,46,1733
2,train,992,1734
2,train,2279,1735
2,train,1766,1736
2,train,104,1737
2,train,1151,1738
2,train,656,1739
2,train,1854,1740
2,train,1932,1741
2,train,1483,1742
2,train,1027,1743
2,train,2388,1744
2,train,376,1745
2,train,895,1746
2,train,683,1747
2,train,2428,1748
2,train,538,1749
2,train,571,1750
2,train,1801,1751
2,train,1458,1752
2,train,1019,1753
2,train,2629,1754
2,train,1457,1755
2,train,996,1756
2,train,407,1757
2,train,2756,1758
2,train,2739,1759
2,train,2928,1760
2,train,1719,1761
2,train,1467,1762
2,train,2597,1763
2,train,2905,1764
2,train,1275,1765
2,train,1841,1766
2,train,2820,1767
2,train,1276,1768
2,train,2594,1769
2,train,2197,1770
2,train,1393,1771
2,train,339,1772
2,train,393,1773
2,train,841,1774
2,train,1317,1775
2,train,2660,1776
2,train,2256,1777
2,train,2953,1778
2,train,1832,1779
2,train,2311,1780
2,train,2842,1781
2,train,1785,1782
2,train,1951,1783
2,train,2498,1784
2,train,168,1785
2,train,2278,1786
2,train,2056,1787
2,train,2159,1788
2,train,1079,1789
2,train,2592,1790
2,train,2080,1791
2,train,82,1792
2,train,2006,1793
2,train,2770,1794
2,train,225,1795
2,train,71,1796
2,train,1298,1797
2,train,1797,1798
2,train,2265,1799
2,train,137,1800
2,train,377,1801
2,train,2238,1802
2,train,1186,1803
2,train,370,1804
2,train,912,1805
2,train,2419,1806
2,train,1070,1807
2,train,2173,1808
2,train,2831,1809
2,train,1301,1810
2,train,359,1811
2,train,118,1812
2,train,259,1813
2,train,2725,1814
2,train,1659,1815
2,train,853,1816
2,train,2803,1817
2,train,2691,1818
2,train,932,1819
2,train,1508,1820
2,train,1708,1821
2,train,2052,1822
2,train,2187,1823
2,train,403,1824
2,train,1868,1825
2,train,1139,1826
2,train,830,1827
2,train,2335,1828
2,train,419,1829
2,train,842,1830
2,train,1685,1831
2,train,307,1832
2,train,2266,1833
2,train,2101,1834
2,train,2901,1835
2,train,2294,1836
2,train,1299,1837
2,train,1105,1838
2,train,2112,1839
2,train,2192,1840
2,train,1329,1841
2,train,2916,1842
2,train,1972,1843
2,train,1041,1844
2,train,273,1845
2,train,2440,1846
2,train,2866,1847
2,train,547,1848
2,train,678,1849
2,train,2104,1850
2,train,2305,1851
2,train,304,1852
2,train,77,1853
2,train,2569,1854
2,train,2862,1855
2,train,2055,1856
2,train,911,1857
2,train,1860,1858
2,train,744,1859
2,train,688,1860
2,train,1753,1861
2,train,1058,1862
2,train,1138,1863
2,train,752,1864
2,train,126,1865
2,train,1602,1866
2,train,2038,1867
2,train,2566,1868
2,train,297,1869
2,train,2778,1870
2,train,1146,1871
2,train,2661,1872
2,train,881,1873
2,train,1694,1874
2,train,938,1875
2,train,193,1876
2,train,1302,1877
2,train,2461,1878
2,train,200,1879
2,train,2161,1880
2,train,966,1881
2,train,1117,1882
2,train,8,1883
2,train,242,1884
2,train,661,1885
2,train,1482,1886
2,train,2845,1887
2,train,1087,1888
2,train,2924,1889
2,train,2625,1890
2,train,1727,1891
2,train,2022,1892
2,train,2437,1893
2,train,1749,1894
2,train,664,1895
2,train,1728,1896
2,train,424,1897
2,train,2745,1898
2,train,2314,1899
2,train,2481,1900
2,train,583,1901
2,train,1498,1902
2,train,2556,1903
2,train,1266,1904
2,train,1062,1905
2,train,241,1906
2,train,1647,1907
2,train,513,1908
2,train,638,1909
2,train,2253,1910
2,train,315,1911
2,train,848,1912
2,train,3,1913
2,train,1862,1914
2,train,1244,1915
2,train,2167,1916
2,train,813,1917
2,train,717,1918
2,train,2522,1919
2,train,2029,1920
2,train,2721,1921
2,train,371,1922
2,train,2810,1923
2,train,1369,1924
2,train,238,1925
2,train,1598,1926
2,train,1699,1927
2,train,2797,1928
2,train,2407,1929
2,train,1549,1930
2,train,2520,1931
2,train,2719,1932
2,train,579,1933
2,train,1341,1934
2,train,1020,1935
2,train,2846,1936
2,train,2138,1937
2,train,2554,1938
2,train,573,1939
2,train,2821,1940
2,train,1593,1941
2,train,421,1942
2,train,2503,1943
2,train,737,1944
2,train,1310,1945
2,train,478,1946
2,train,755,1947
2,train,828,1948
2,train,171,1949
2,train,1081,1950
2,train,2375,1951
2,train,6,1952
2,train,2096,1953
2,train,1428,1954
2,train,870,1955
2,train,2135,1956
2,train,2392,1957
2,train,576,1958
2,train,252,1959
2,train,1375,1960
2,train,2334,1961
2,train,1803,1962
2,train,1472,1963
2,train,2931,1964
2,train,2817,1965
2,train,413,1966
2,train,2811,1967
2,train,2088,1968
2,train,2689,1969
2,train,1022,1970
2,train,468,1971
2,train,995,1972
2,train,627,1973
2,train,1819,1974
2,train,1189,1975
2,train,327,1976
2,train,1673,1977
2,train,1288,1978
2,train,1895,1979
2,train,2018,1980
2,train,1970,1981
2,train,416,1982
2,train,1418,1983
2,train,633,1984
2,train,2280,1985
2,train,1335,1986
2,train,1954,1987
2,train,236,1988
2,train,705,1989
2,train,1126,1990
2,train,709,1991
2,train,1093,1992
2,train,941,1993
2,train,902,1994
2,train,529,1995
2,train,1118,1996
2,train,2140,1997
2,train,90,1998
2,train,2567,1999
2,train,476,2000
2,train,1955,2001
2,train,2313,2002
2,train,109,2003
2,train,553,2004
2,train,2450,2005
2,train,2747,2006
2,train,1724,2007
2,train,1638,2008
2,train,603,2009
2,train,523,2010
2,train,695,2011
2,train,2604,2012
2,train,923,2013
2,train,1296,2014
2,train,216,2015
2,train,2555,2016
2,train,1141,2017
2,train,147,2018
2,train,1009,2019
2,train,2098,2020
2,train,2094,2021
2,train,628,2022
2,train,2509,2023
2,train,706,2024
2,train,516,2025
2,train,2108,2026
2,train,2926,2027
2,train,735,2028
2,train,2844,2029
2,train,2677,2030
2,train,1121,2031
2,train,107,2032
2,train,1446,2033
2,train,956,2034
2,train,2729,2035
2,train,623,2036
2,train,1687,2037
2,train,574,2038
2,train,1328,2039
2,train,917,2040
2,train,1558,2041
2,train,1644,2042
2,train,78,2043
2,train,1569,2044
2,train,19,2045
2,train,2890,2046
2,train,1551,2047
2,train,1961,2048
2,train,2531,2049
2,train,1073,2050
2,train,986,2051
2,train,2906,2052
2,train,1953,2053
2,train,2977,2054
2,train,352,2055
2,train,2205,2056
2,train,2414,2057
2,train,2103,2058
2,train,918,2059
2,train,499,2060
2,train,295,2061
2,train,1513,2062
2,train,1352,2063
2,train,838,2064
2,train,1342,2065
2,train,305,2066
2,train,58,2067
2,train,1698,2068
2,train,399,2069
2,train,285,2070
2,train,1793,2071
2,train,1100,2072
2,train,283,2073
2,train,1163,2074
2,train,2771,2075
2,train,2809,2076
2,train,2539,2077
2,train,1859,2078
2,train,704,2079
2,train,1589,2080
2,train,629,2081
2,train,1945,2082
2,train,2580,2083
2,train,2233,2084
2,train,454,2085
2,train,1119,2086
2,train,2609,2087
2,train,1830,2088
2,train,1758,2089
2,train,1787,2090
2,train,2186,2091
2,train,903,2092
2,train,1625,2093
2,train,2012,2094
2,train,2627,2095
2,train,2367,2096
2,train,909,2097
2,train,2828,2098
2,train,2617,2099
2,train,2742,2100
2,train,1049,2101
2,train,2061,2102
2,train,1405,2103
2,train,2521,2104
2,train,905,2105
2,train,240,2106
2,train,515,2107
2,train,1098,2108
2,train,105,2109
2,train,2668,2110
2,train,1120,2111
2,train,214,2112
2,train,2884,2113
2,train,2680,2114
2,train,2074,2115
2,train,1747,2116
2,train,1936,2117
2,train,2290,2118
2,train,1582,2119
2,train,806,2120
2,train,2789,2121
2,train,2075,2122
2,train,2611,2123
2,train,2067,2124
2,train,378,2125
2,train,1338,2126
2,train,2269,2127
2,train,2642,2128
2,train,880,2129
2,train,427,2130
2,train,883,2131
2,train,1923,2132
2,train,1057,2133
2,train,429,2134
2,train,930,2135
2,train,1521,2136
2,train,2378,2137
2,train,2396,2138
2,train,2943,2139
2,train,592,2140
2,train,1861,2141
2,train,2666,2142
2,train,2490,2143
2,train,1701,2144
2,train,663,2145
2,train,1453,2146
2,train,1308,2147
2,train,1847,2148
2,train,2540,2149
2,train,2004,2150
2,train,957,2151
2,train,1858,2152
2,train,866,2153
2,train,2542,2154
2,train,492,2155
2,train,2881,2156
2,train,2020,2157
2,train,1322,2158
2,train,358,2159
2,train,226,2160
2,train,2184,2161
2,train,2260,2162
2,train,1774,2163
2,train,2608,2164
2,train,1038,2165
2,train,461,2166
2,train,54,2167
2,train,1162,2168
2,train,542,2169
2,train,1721,2170
2,train,2658,2171
2,train,2913,2172
2,train,933,2173
2,train,2249,2174
2,train,1094,2175
2,train,2773,2176
2,train,562,2177
2,train,243,2178
2,train,1323,2179
2,train,654,2180
2,train,789,2181
2,train,1987,2182
2,train,1780,2183
2,train,600,2184
2,train,1756,2185
2,train,383,2186
2,train,2713,2187
2,train,1810,2188
2,train,2784,2189
2,train,2518,2190
2,train,631,2191
2,train,2418,2192
2,train,2147,2193
2,train,166,2194
2,train,1447,2195
2,train,1743,2196
2,train,805,2197
2,train,448,2198
2,train,57,2199
2,train,2496,2200
2,train,2753,2201
2,train,1313,2202
2,train,2630,2203
2,train,1876,2204
2,train,308,2205
2,train,2613,2206
2,train,340,2207
2,train,247,2208
2,train,2229,2209
2,train,921,2210
2,train,2575,2211
2,train,1813,2212
2,train,625,2213
2,train,2787,2214
2,train,2499,2215
2,train,2526,2216
2,train,1026,2217
2,train,2961,2218
2,train,666,2219
2,train,2767,2220
2,train,673,2221
2,train,1133,2222
2,train,1534,2223
2,train,1219,2224
2,train,255,2225
2,train,2069,2226
2,train,1998,2227
2,train,799,2228
2,train,2644,2229
2,train,2360,2230
2,train,1477,2231
2,train,2965,2232
2,train,2631,2233
2,train,17,2234
2,train,934,2235
2,train,1464,2236
2,train,495,2237
2,train,566,2238
2,train,2464,2239
2,train,1316,2240
2,train,639,2241
2,train,2155,2242
2,train,113,2243
2,train,1967,2244
2,train,1645,2245
2,train,1406,2246
2,train,2025,2247
2,train,2350,2248
2,train,1679,2249
2,train,280,2250
2,train,1510,2251
2,train,219,2252
2,train,1325,2253
2,train,672,2254
2,train,1245,2255
2,train,2578,2256
2,train,1290,2257
2,train,2937,2258
2,train,1454,2259
2,train,1709,2260
2,train,2897,2261
2,train,1865,2262
2,train,1235,2263
2,train,2699,2264
2,train,2847,2265
2,train,989,2266
2,train,2321,2267
2,train,549,2268
2,train,1892,2269
2,train,1991,2270
2,train,637,2271
2,train,446,2272
2,train,1197,2273
2,train,2512,2274
2,train,1084,2275
2,train,1901,2276
2,train,645,2277
2,train,22,2278
2,train,608,2279
2,train,723,2280
2,train,2692,2281
2,train,2746,2282
2,train,1234,2283
2,train,1941,2284
2,train,1790,2285
2,train,10,2286
2,train,1051,2287
2,train,1005,2288
2,train,2263,2289
2,train,2947,2290
2,train,1969,2291
2,train,491,2292
2,train,851,2293
2,train,60,2294
2,train,1591,2295
2,train,349,2296
2,train,1211,2297
2,train,1834,2298
2,train,1191,2299
2,train,2474,2300
2,train,480,2301
2,train,1001,2302
2,train,2091,2303
2,train,2869,2304
2,train,2572,2305
2,train,2581,2306
2,train,173,2307
2,train,133,2308
2,train,2240,2309
2,train,1136,2310
2,train,890,2311
2,train,1604,2312
2,train,715,2313
2,train,1261,2314
2,train,2401,2315
2,train,1110,2316
2,train,2016,2317
2,train,1739,2318
2,train,1252,2319
2,train,43,2320
2,train,2915,2321
2,train,1761,2322
2,train,2232,2323
2,train,1408,2324
2,train,1411,2325
2,train,1545,2326
2,train,1280,2327
2,train,108,2328
2,train,1575,2329
2,train,2166,2330
2,train,344,2331
2,train,2535,2332
2,train,2237,2333
2,train,434,2334
2,train,453,2335
2,train,950,2336
2,train,2283,2337
2,train,2949,2338
2,train,2261,2339
2,train,1192,2340
2,train,508,2341
2,train,796,2342
2,train,660,2343
2,train,2462,2344
2,train,779,2345
2,train,2064,2346
2,train,2832,2347
2,train,1201,2348
2,train,2544,2349
2,train,1067,2350
2,train,770,2351
2,train,2475,2352
2,train,972,2353
2,train,336,2354
2,train,1417,2355
2,train,341,2356
2,train,967,2357
2,train,641,2358
2,train,2795,2359
2,train,2536,2360
2,train,891,2361
2,train,2217,2362
2,train,2433,2363
2,train,793,2364
2,train,952,2365
2,train,1346,2366
2,train,2874,2367
2,train,202,2368
2,train,927,2369
2,train,591,2370
2,train,253,2371
2,train,2487,2372
2,train,1509,2373
2,train,614,2374
2,train,2561,2375
2,train,1710,2376
2,train,747,2377
2,train,119,2378
2,train,1706,2379
2,train,2801,2380
2,train,1771,2381
2,train,2655,2382
2,train,2284,2383
2,train,1156,2384
2,train,719,2385
2,train,2972,2386
2,train,2434,2387
2,val,1348,0
2,val,401,1
2,val,1491,2
2,val,188,3
2,val,2362,4
2,val,2559,5
2,val,606,6
2,val,1415,7
2,val,539,8
2,val,1312,9
2,val,487,10
2,val,2939,11
2,val,871,12
2,val,858,13
2,val,1550,14
2,val,2086,15
2,val,2969,16
2,val,2215,17
2,val,624,18
2,val,611,19
2,val,2270,20
2,val,1356,21
2,val,2582,22
2,val,2730,23
2,val,1918,24
2,val,396,25
2,val,860,26
2,val,1886,27
2,val,818,28
2,val,1011,29
2,val,316,30
2,val,2634,31
2,val,1893,32
2,val,1599,33
2,val,503,34
2,val,437,35
2,val,590,36
2,val,2255,37
2,val,745,38
2,val,1799,39
2,val,825,40
2,val,1167,41
2,val,2812,42
2,val,1047,43
2,val,2374,44
2,val,681,45
2,val,2873,46
2,val,2153,47
2,val,2500,48
2,val,2701,49
2,val,146,50
2,val,1433,51
2,val,179,52
2,val,2468,53
2,val,949,54
2,val,2626,55
2,val,1566,56
2,val,2327,57
2,val,2107,58
2,val,2735,59
2,val,2576,60
2,val,2912,61
2,val,2726,62
2,val,2198,63
2,val,1752,64
2,val,2984,65
2,val,1544,66
2,val,2267,67
2,val,1542,68
2,val,445,69
2,val,2813,70
2,val,2165,71
2,val,1911,72
2,val,1983,73
2,val,2751,74
2,val,217,75
2,val,2514,76
2,val,264,77
2,val,290,78
2,val,797,79
2,val,163,80
2,val,1305,81
2,val,589,82
2,val,2538,83
2,val,809,84
2,val,1471,85
2,val,2141,86
2,val,1887,87
2,val,191,88
2,val,1683,89
2,val,888,90
2,val,1821,91
2,val,1360,92
2,val,530,93
2,val,1552,94
2,val,778,95
2,val,1287,96
2,val,1695,97
2,val,1976,98
2,val,1309,99
2,val,2282,100
2,val,2045,101
2,val,2105,102
2,val,111,103
2,val,430,104
2,val,587,105
2,val,2553,106
2,val,2118,107
2,val,276,108
2,val,1489,109
2,val,1061,110
2,val,2042,111
2,val,2785,112
2,val,2408,113
2,val,33,114
2,val,1540,115
2,val,1125,116
2,val,2552,117
2,val,441,118
2,val,984,119
2,val,395,120
2,val,1690,121
2,val,1002,122
2,val,1844,123
2,val,2591,124
2,val,2675,125
2,val,1155,126
2,val,2683,127
2,val,1404,128
2,val,409,129
2,val,1485,130
2,val,2889,131
2,val,1754,132
2,val,734,133
2,val,2883,134
2,val,865,135
2,val,575,136
2,val,1480,137
2,val,2495,138
2,val,2858,139
2,val,1722,140
2,val,814,141
2,val,2973,142
2,val,1292,143
2,val,1984,144
2,val,953,145
2,val,2648,146
2,val,1463,147
2,val,1504,148
2,val,886,149
2,val,570,150
2,val,2663,151
2,val,856,152
2,val,477,153
2,val,431,154
2,val,1326,155
2,val,224,156
2,val,2157,157
2,val,2733,158
2,val,834,159
2,val,1691,160
2,val,1236,161
2,val,595,162
2,val,1922,163
2,val,2182,164
2,val,2678,165
2,val,1282,166
2,val,798,167
2,val,1646,168
2,val,2706,169
2,val,2702,170
2,val,2445,171
2,val,1684,172
2,val,919,173
2,val,993,174
2,val,1927,175
2,val,1427,176
2,val,1377,177
2,val,1884,178
2,val,2513,179
2,val,1946,180
2,val,877,181
2,val,2142,182
2,val,2838,183
2,val,1372,184
2,val,1877,185
2,val,1238,186
2,val,1449,187
2,val,1853,188
2,val,1949,189
2,val,925,190
2,val,1948,191
2,val,777,192
2,val,1039,193
2,val,381,194
2,val,593,195
2,val,1920,196
2,val,1042,197
2,val,2880,198
2,val,675,199
2,val,713,200
2,val,2955,201
2,val,1142,202
2,val,824,203
2,val,908,204
2,val,2174,205
2,val,2607,206
2,val,232,207
2,val,2485,208
2,val,85,209
2,val,2776,210
2,val,458,211
2,val,2612,212
2,val,125,213
2,val,140,214
2,val,626,215
2,val,1054,216
2,val,2027,217
2,val,808,218
2,val,1648,219
2,val,128,220
2,val,1359,221
2,val,2598,222
2,val,1092,223
2,val,2543,224
2,val,2137,225
2,val,1974,226
2,val,86,227
2,val,1334,228
2,val,2247,229
2,val,2952,230
2,val,2964,231
2,val,2207,232
2,val,788,233
2,val,1587,234
2,val,2827,235
2,val,2264,236
2,val,311,237
2,val,913,238
2,val,937,239
2,val,2934,240
2,val,2709,241
2,val,2317,242
2,val,262,243
2,val,1169,244
2,val,2209,245
2,val,1150,246
2,val,1030,247
2,val,2681,248
2,val,12,249
2,val,1988,250
2,val,1224,251
2,val,2285,252
2,val,2700,253
2,val,2465,254
2,val,936,255
2,val,2277,256
2,val,2169,257
2,val,74,258
2,val,1748,259
2,val,1270,260
2,val,1547,261
2,val,2026,262
2,val,13,263
2,val,1222,264
2,val,1379,265
2,val,2861,266
2,val,2443,267
2,val,1588,268
2,val,2451,269
2,val,947,270
2,val,2571,271
2,val,1783,272
2,val,1374,273
2,val,498,274
2,val,1794,275
2,val,2723,276
2,val,1557,277
2,val,417,278
2,val,2179,279
2,val,258,280
2,val,1250,281
2,val,2927,282
2,val,2985,283
2,val,1122,284
2,val,697,285
2,val,1909,286
2,val,2558,287
2,val,272,288
2,val,1782,289
2,val,882,290
2,val,2907,291
2,val,1978,292
2,val,2081,293
2,val,1914,294
2,val,2863,295
2,val,1697,296
2,val,1873,297
2,val,1606,298
3,train,107,0
3,train,2321,1
3,train,1493,2
3,train,206,3
3,train,280,4
3,train,860,5
3,train,533,6
3,train,1306,7
3,train,1092,8
3,train,72,9
3,train,1617,10
3,train,1795,11
3,train,2372,12
3,train,1059,13
3,train,2519,14
3,train,880,15
3,train,2628,16
3,train,2418,17
3,train,549,18
3,train,1962,19
3,train,2036,20
3,train,1151,21
3,train,730,22
3,train,234,23
3,train,1215,24
3,train,138,25
3,train,1857,26
3,train,1938,27
3,train,712,28
3,train,2801,29
3,train,101,30
3,train,499,31
3,train,943,32
3,train,334,33
3,train,2209,34
3,train,857,35
3,train,1636,36
3,train,305,37
3,train,188,38
3,train,2257,39
3,train,26,40
3,train,1153,41
3,train,2895,42
3,train,1322,43
3,train,695,44
3,train,1964,45
3,train,2378,46
3,train,1169,47
3,train,2389,48
3,train,441,49
3,train,1339,50
3,train,502,51
3,train,2879,52
3,train,309,53
3,train,1490,54
3,train,1663,55
3,train,750,56
3,train,1686,57
3,train,2540,58
3,train,1975,59
3,train,2092,60
3,train,1791,61
3,train,1765,62
3,train,2361,63
3,train,1484,64
3,train,2065,65
3,train,18,66
3,train,2401,67
3,train,2933,68
3,train,1288,69
3,train,2150,70
3,train,2506,71
3,train,1495,72
3,train,788,73
3,train,2316,74
3,train,2318,75
3,train,2339,76
3,train,355,77
3,train,213,78
3,train,2752,79
3,train,2871,80
3,train,2792,81
3,train,1774,82
3,train,2239,83
3,train,1335,84
3,train,438,85
3,train,1111,86
3,train,922,87
3,train,2595,88
3,train,1425,89
3,train,2313,90
3,train,1699,91
3,train,396,92
3,train,2938,93
3,train,1612,94
3,train,798,95
3,train,2460,96
3,train,2641,97
3,train,1166,98
3,train,905,99
3,train,2650,100
3,train,852,101
3,train,2610,102
3,train,2690,103
3,train,820,104
3,train,693,105
3,train,2249,106
3,train,2363,107
3,train,1753,108
3,train,2865,109
3,train,2846,110
3,train,1293,111
3,train,2883,112
3,train,2272,113
3,train,892,114
3,train,235,115
3,train,547,116
3,train,185,117
3,train,732,118
3,train,1264,119
3,train,2795,120
3,train,2861,121
3,train,2051,122
3,train,2243,123
3,train,2310,124
3,train,2942,125
3,train,753,126
3,train,2166,127
3,train,2864,128
3,train,1821,129
3,train,2086,130
3,train,871,131
3,train,866,132
3,train,1947,133
3,train,1552,134
3,train,2108,135
3,train,1135,136
3,train,2384,137
3,train,94,138
3,train,1610,139
3,train,1942,140
3,train,1668,141
3,train,1415,142
3,train,1638,143
3,train,1682,144
3,train,742,145
3,train,2100,146
3,train,1261,147
3,train,2825,148
3,train,2672,149
3,train,2751,150
3,train,1538,151
3,train,1810,152
3,train,1551,153
3,train,1679,154
3,train,275,155
3,train,815,156
3,train,2122,157
3,train,1739,158
3,train,1270,159
3,train,208,160
3,train,1509,161
3,train,1892,162
3,train,1384,163
3,train,2567,164
3,train,1228,165
3,train,1949,166
3,train,2232,167
3,train,2485,168
3,train,1826,169
3,train,877,170
3,train,2515,171
3,train,1704,172
3,train,2062,173
3,train,2400,174
3,train,364,175
3,train,1616,176
3,train,1564,177
3,train,932,178
3,train,2860,179
3,train,1855,180
3,train,2414,181
3,train,843,182
3,train,2125,183
3,train,639,184
3,train,686,185
3,train,1986,186
3,train,525,187
3,train,1124,188
3,train,1980,189
3,train,1297,190
3,train,634,191
3,train,25,192
3,train,2926,193
3,train,2347,194
3,train,1692,195
3,train,1338,196
3,train,1923,197
3,train,2878,198
3,train,2109,199
3,train,947,200
3,train,927,201
3,train,1007,202
3,train,821,203
3,train,2244,204
3,train,853,205
3,train,2474,206
3,train,921,207
3,train,2287,208
3,train,2420,209
3,train,526,210
3,train,167,211
3,train,614,212
3,train,744,213
3,train,2728,214
3,train,274,215
3,train,346,216
3,train,1149,217
3,train,2757,218
3,train,2048,219
3,train,113,220
3,train,2816,221
3,train,2201,222
3,train,2053,223
3,train,1146,224
3,train,808,225
3,train,2240,226
3,train,720,227
3,train,2134,228
3,train,1584,229
3,train,655,230
3,train,1180,231
3,train,1573,232
3,train,876,233
3,train,862,234
3,train,1719,235
3,train,1671,236
3,train,2192,237
3,train,2368,238
3,train,284,239
3,train,2193,240
3,train,2137,241
3,train,1803,242
3,train,2364,243
3,train,341,244
3,train,529,245
3,train,11,246
3,train,2465,247
3,train,394,248
3,train,558,249
3,train,1760,250
3,train,1517,251
3,train,1967,252
3,train,1600,253
3,train,1326,254
3,train,743,255
3,train,2832,256
3,train,2031,257
3,train,262,258
3,train,71,259
3,train,76,260
3,train,1394,261
3,train,491,262
3,train,2360,263
3,train,1347,264
3,train,755,265
3,train,643,266
3,train,2238,267
3,train,2505,268
3,train,413,269
3,train,2089,270
3,train,1472,271
3,train,1217,272
3,train,255,273
3,train,2177,274
3,train,1240,275
3,train,873,276
3,train,1467,277
3,train,841,278
3,train,1799,279
3,train,482,280
3,train,1006,281
3,train,2028,282
3,train,1307,283
3,train,2941,284
3,train,2675,285
3,train,168,286
3,train,428,287
3,train,95,288
3,train,1669,289
3,train,2139,290
3,train,2550,291
3,train,1062,292
3,train,1815,293
3,train,2324,294
3,train,215,295
3,train,390,296
3,train,848,297
3,train,380,298
3,train,2653,299
3,train,2643,300
3,train,2023,301
3,train,1969,302
3,train,2740,303
3,train,1077,304
3,train,377,305
3,train,572,306
3,train,2126,307
3,train,2291,308
3,train,1003,309
3,train,2548,310
3,train,2956,311
3,train,1626,312
3,train,1981,313
3,train,1778,314
3,train,969,315
3,train,2857,316
3,train,2140,317
3,train,2056,318
3,train,1036,319
3,train,1013,320
3,train,2264,321
3,train,2131,322
3,train,2812,323
3,train,2411,324
3,train,512,325
3,train,1202,326
3,train,1174,327
3,train,976,328
3,train,2458,329
3,train,263,330
3,train,1197,331
3,train,395,332
3,train,376,333
3,train,1281,334
3,train,792,335
3,train,1911,336
3,train,1715,337
3,train,2231,338
3,train,2784,339
3,train,2521,340
3,train,1615,341
3,train,2101,342
3,train,2855,343
3,train,2388,344
3,train,1754,345
3,train,350,346
3,train,1470,347
3,train,2551,348
3,train,33,349
3,train,1860,350
3,train,776,351
3,train,1238,352
3,train,386,353
3,train,21,354
3,train,2059,355
3,train,615,356
3,train,1243,357
3,train,917,358
3,train,2609,359
3,train,782,360
3,train,2601,361
3,train,2667,362
3,train,2665,363
3,train,2284,364
3,train,82,365
3,train,1232,366
3,train,1492,367
3,train,1355,368
3,train,53,369
3,train,2002,370
3,train,1811,371
3,train,2374,372
3,train,1431,373
3,train,1917,374
3,train,476,375
3,train,2971,376
3,train,209,377
3,train,2175,378
3,train,774,379
3,train,1487,380
3,train,1178,381
3,train,1093,382
3,train,1438,383
3,train,2706,384
3,train,2081,385
3,train,571,386
3,train,1577,387
3,train,2145,388
3,train,1434,389
3,train,1993,390
3,train,317,391
3,train,1331,392
3,train,1527,393
3,train,1822,394
3,train,1818,395
3,train,236,396
3,train,1195,397
3,train,661,398
3,train,2356,399
3,train,2033,400
3,train,64,401
3,train,1115,402
3,train,2436,403
3,train,517,404
3,train,595,405
3,train,1807,406
3,train,311,407
3,train,620,408
3,train,2435,409
3,train,2229,410
3,train,1843,411
3,train,794,412
3,train,2935,413
3,train,2735,414
3,train,1152,415
3,train,2494,416
3,train,2889,417
3,train,1875,418
3,train,863,419
3,train,1282,420
3,train,1659,421
3,train,2071,422
3,train,2047,423
3,train,1014,424
3,train,2640,425
3,train,1365,426
3,train,2968,427
3,train,1489,428
3,train,1486,429
3,train,904,430
3,train,2345,431
3,train,751,432
3,train,2479,433
3,train,888,434
3,train,803,435
3,train,1239,436
3,train,2924,437
3,train,2960,438
3,train,1318,439
3,train,1020,440
3,train,1691,441
3,train,772,442
3,train,734,443
3,train,1219,444
3,train,961,445
3,train,1850,446
3,train,1048,447
3,train,1457,448
3,train,2868,449
3,train,1053,450
3,train,2124,451
3,train,1496,452
3,train,2863,453
3,train,2536,454
3,train,374,455
3,train,2334,456
3,train,2636,457
3,train,978,458
3,train,2185,459
3,train,2759,460
3,train,1352,461
3,train,1948,462
3,train,356,463
3,train,1783,464
3,train,2943,465
3,train,1733,466
3,train,2261,467
3,train,2684,468
3,train,997,469
3,train,834,470
3,train,2849,471
3,train,702,472
3,train,1287,473
3,train,1971,474
3,train,1233,475
3,train,2352,476
3,train,1738,477
3,train,1814,478
3,train,1065,479
3,train,1308,480
3,train,189,481
3,train,1808,482
3,train,1785,483
3,train,146,484
3,train,1698,485
3,train,1761,486
3,train,1757,487
3,train,114,488
3,train,295,489
3,train,1540,490
3,train,766,491
3,train,445,492
3,train,2497,493
3,train,1085,494
3,train,802,495
3,train,1008,496
3,train,2646,497
3,train,1511,498
3,train,1248,499
3,train,2072,500
3,train,2882,501
3,train,2821,502
3,train,1891,503
3,train,1661,504
3,train,2487,505
3,train,2590,506
3,train,48,507
3,train,1519,508
3,train,728,509
3,train,2778,510
3,train,2678,511
3,train,2158,512
3,train,1192,513
3,train,1508,514
3,train,704,515
3,train,2985,516
3,train,858,517
3,train,1057,518
3,train,2174,519
3,train,2068,520
3,train,835,521
3,train,1236,522
3,train,2009,523
3,train,2057,524
3,train,2526,525
3,train,2482,526
3,train,2445,527
3,train,2049,528
3,train,2453,529
3,train,1175,530
3,train,585,531
3,train,641,532
3,train,132,533
3,train,2001,534
3,train,1628,535
3,train,1436,536
3,train,131,537
3,train,157,538
3,train,359,539
3,train,864,540
3,train,822,541
3,train,422,542
3,train,837,543
3,train,492,544
3,train,1210,545
3,train,2402,546
3,train,2082,547
3,train,948,548
3,train,2899,549
3,train,2286,550
3,train,2499,551
3,train,2769,552
3,train,1037,553
3,train,1673,554
3,train,440,555
3,train,937,556
3,train,2520,557
3,train,638,558
3,train,2683,559
3,train,1445,560
3,train,1700,561
3,train,2765,562
3,train,1758,563
3,train,2268,564
3,train,1100,565
3,train,2293,566
3,train,795,567
3,train,2756,568
3,train,1830,569
3,train,1723,570
3,train,635,571
3,train,2489,572
3,train,2202,573
3,train,1329,574
3,train,2558,575
3,train,2214,576
3,train,1500,577
3,train,1279,578
3,train,103,579
3,train,425,580
3,train,578,581
3,train,484,582
3,train,2844,583
3,train,2597,584
3,train,1595,585
3,train,1231,586
3,train,1049,587
3,train,2045,588
3,train,2843,589
3,train,130,590
3,train,1876,591
3,train,1105,592
3,train,1403,593
3,train,2754,594
3,train,1677,595
3,train,1712,596
3,train,2037,597
3,train,402,598
3,train,2099,599
3,train,31,600
3,train,1250,601
3,train,423,602
3,train,699,603
3,train,2016,604
3,train,714,605
3,train,1961,606
3,train,42,607
3,train,1845,608
3,train,135,609
3,train,1972,610
3,train,329,611
3,train,1583,612
3,train,2224,613
3,train,882,614
3,train,1298,615
3,train,1413,616
3,train,2768,617
3,train,773,618
3,train,760,619
3,train,2695,620
3,train,133,621
3,train,352,622
3,train,836,623
3,train,2663,624
3,train,1227,625
3,train,2226,626
3,train,2872,627
3,train,1,628
3,train,1005,629
3,train,648,630
3,train,2168,631
3,train,221,632
3,train,2330,633
3,train,589,634
3,train,456,635
3,train,1721,636
3,train,1900,637
3,train,2581,638
3,train,419,639
3,train,777,640
3,train,96,641
3,train,1479,642
3,train,2210,643
3,train,983,644
3,train,1359,645
3,train,1914,646
3,train,2902,647
3,train,611,648
3,train,74,649
3,train,2248,650
3,train,2934,651
3,train,2923,652
3,train,117,653
3,train,654,654
3,train,338,655
3,train,2967,656
3,train,1218,657
3,train,2241,658
3,train,2947,659
3,train,2615,660
3,train,2419,661
3,train,1301,662
3,train,2230,663
3,train,1708,664
3,train,2981,665
3,train,2731,666
3,train,637,667
3,train,2069,668
3,train,241,669
3,train,2914,670
3,train,416,671
3,train,316,672
3,train,183,673
3,train,1182,674
3,train,2979,675
3,train,1324,676
3,train,1012,677
3,train,552,678
3,train,2602,679
3,train,2481,680
3,train,494,681
3,train,252,682
3,train,2908,683
3,train,286,684
3,train,850,685
3,train,10,686
3,train,281,687
3,train,2182,688
3,train,2179,689
3,train,214,690
3,train,24,691
3,train,2583,692
3,train,2161,693
3,train,1587,694
3,train,2710,695
3,train,403,696
3,train,1707,697
3,train,2762,698
3,train,1094,699
3,train,2176,700
3,train,2471,701
3,train,1145,702
3,train,2680,703
3,train,1560,704
3,train,391,705
3,train,1464,706
3,train,2662,707
3,train,2213,708
3,train,1794,709
3,train,2133,710
3,train,1141,711
3,train,1030,712
3,train,388,713
3,train,2403,714
3,train,2490,715
3,train,1046,716
3,train,523,717
3,train,2335,718
3,train,1376,719
3,train,190,720
3,train,909,721
3,train,1220,722
3,train,1872,723
3,train,2699,724
3,train,1881,725
3,train,934,726
3,train,2219,727
3,train,2638,728
3,train,1695,729
3,train,1267,730
3,train,2423,731
3,train,121,732
3,train,136,733
3,train,1919,734
3,train,1247,735
3,train,1123,736
3,train,1559,737
3,train,2443,738
3,train,1353,739
3,train,47,740
3,train,57,741
3,train,1514,742
3,train,1296,743
3,train,2770,744
3,train,1650,745
3,train,2886,746
3,train,2050,747
3,train,2495,748
3,train,1575,749
3,train,1884,750
3,train,1864,751
3,train,564,752
3,train,2200,753
3,train,1255,754
3,train,60,755
3,train,1576,756
3,train,2354,757
3,train,468,758
3,train,143,759
3,train,5,760
3,train,2288,761
3,train,1185,762
3,train,2103,763
3,train,2973,764
3,train,1481,765
3,train,14,766
3,train,2953,767
3,train,2434,768
3,train,1430,769
3,train,1130,770
3,train,2120,771
3,train,125,772
3,train,956,773
3,train,1177,774
3,train,2929,775
3,train,2141,776
3,train,1851,777
3,train,2331,778
3,train,1837,779
3,train,2077,780
3,train,2151,781
3,train,2438,782
3,train,1526,783
3,train,1142,784
3,train,885,785
3,train,1051,786
3,train,169,787
3,train,287,788
3,train,2187,789
3,train,2842,790
3,train,708,791
3,train,2404,792
3,train,537,793
3,train,2744,794
3,train,1782,795
3,train,1213,796
3,train,2903,797
3,train,2838,798
3,train,1400,799
3,train,172,800
3,train,128,801
3,train,401,802
3,train,797,803
3,train,1107,804
3,train,1688,805
3,train,109,806
3,train,2462,807
3,train,2715,808
3,train,2725,809
3,train,421,810
3,train,1660,811
3,train,696,812
3,train,2390,813
3,train,1621,814
3,train,2964,815
3,train,2775,816
3,train,559,817
3,train,2910,818
3,train,2805,819
3,train,112,820
3,train,2203,821
3,train,1958,822
3,train,1623,823
3,train,1251,824
3,train,1159,825
3,train,2559,826
3,train,2912,827
3,train,2407,828
3,train,70,829
3,train,1946,830
3,train,2017,831
3,train,609,832
3,train,1462,833
3,train,2063,834
3,train,2066,835
3,train,2191,836
3,train,725,837
3,train,259,838
3,train,1205,839
3,train,1113,840
3,train,1147,841
3,train,2135,842
3,train,2635,843
3,train,1991,844
3,train,968,845
3,train,2344,846
3,train,2651,847
3,train,2060,848
3,train,1846,849
3,train,1598,850
3,train,2799,851
3,train,389,852
3,train,2900,853
3,train,2102,854
3,train,851,855
3,train,2568,856
3,train,1363,857
3,train,697,858
3,train,1258,859
3,train,1075,860
3,train,2827,861
3,train,2042,862
3,train,498,863
3,train,1614,864
3,train,2592,865
3,train,705,866
3,train,2881,867
3,train,2940,868
3,train,153,869
3,train,1356,870
3,train,1547,871
3,train,2666,872
3,train,29,873
3,train,2978,874
3,train,1899,875
3,train,319,876
3,train,161,877
3,train,417,878
3,train,756,879
3,train,649,880
3,train,2473,881
3,train,2961,882
3,train,2269,883
3,train,2598,884
3,train,584,885
3,train,1566,886
3,train,2739,887
3,train,1529,888
3,train,818,889
3,train,1060,890
3,train,977,891
3,train,810,892
3,train,1047,893
3,train,1045,894
3,train,2046,895
3,train,1001,896
3,train,1873,897
3,train,493,898
3,train,2599,899
3,train,1781,900
3,train,645,901
3,train,2096,902
3,train,2496,903
3,train,2652,904
3,train,2545,905
3,train,1354,906
3,train,2824,907
3,train,1110,908
3,train,2537,909
3,train,895,910
3,train,1262,911
3,train,1905,912
3,train,2427,913
3,train,994,914
3,train,147,915
3,train,1039,916
3,train,2742,917
3,train,2760,918
3,train,1411,919
3,train,110,920
3,train,1449,921
3,train,349,922
3,train,2566,923
3,train,1358,924
3,train,1291,925
3,train,1256,926
3,train,1973,927
3,train,899,928
3,train,327,929
3,train,1402,930
3,train,2373,931
3,train,1136,932
3,train,195,933
3,train,1823,934
3,train,931,935
3,train,566,936
3,train,2362,937
3,train,653,938
3,train,2455,939
3,train,2270,940
3,train,435,941
3,train,2930,942
3,train,1648,943
3,train,1895,944
3,train,806,945
3,train,2043,946
3,train,2529,947
3,train,2162,948
3,train,2724,949
3,train,1212,950
3,train,2106,951
3,train,2116,952
3,train,2894,953
3,train,2461,954
3,train,1150,955
3,train,2853,956
3,train,2627,957
3,train,2022,958
3,train,2311,959
3,train,13,960
3,train,2829,961
3,train,2679,962
3,train,2701,963
3,train,1834,964
3,train,2510,965
3,train,726,966
3,train,2888,967
3,train,2565,968
3,train,2262,969
3,train,1642,970
3,train,1649,971
3,train,1154,972
3,train,229,973
3,train,2236,974
3,train,477,975
3,train,292,976
3,train,1602,977
3,train,272,978
3,train,2697,979
3,train,2630,980
3,train,150,981
3,train,1790,982
3,train,1452,983
3,train,775,984
3,train,2534,985
3,train,966,986
3,train,1759,987
3,train,464,988
3,train,1165,989
3,train,2205,990
3,train,429,991
3,train,2041,992
3,train,365,993
3,train,1524,994
3,train,577,995
3,train,658,996
3,train,2543,997
3,train,2428,998
3,train,379,999
3,train,212,1000
3,train,2542,1001
3,train,2705,1002
3,train,979,1003
3,train,1424,1004
3,train,2484,1005
3,train,1687,1006
3,train,1041,1007
3,train,2097,1008
3,train,2891,1009
3,train,1266,1010
3,train,2845,1011
3,train,2326,1012
3,train,1294,1013
3,train,1836,1014
3,train,995,1015
3,train,248,1016
3,train,384,1017
3,train,2393,1018
3,train,2003,1019
3,train,1067,1020
3,train,662,1021
3,train,79,1022
3,train,953,1023
3,train,2338,1024
3,train,1181,1025
3,train,771,1026
3,train,2000,1027
3,train,2204,1028
3,train,2172,1029
3,train,2211,1030
3,train,847,1031
3,train,2292,1032
3,train,437,1033
3,train,1546,1034
3,train,610,1035
3,train,1409,1036
3,train,1548,1037
3,train,1734,1038
3,train,935,1039
3,train,1696,1040
3,train,2915,1041
3,train,2946,1042
3,train,1635,1043
3,train,2736,1044
3,train,2275,1045
3,train,2555,1046
3,train,326,1047
3,train,809,1048
3,train,2376,1049
3,train,723,1050
3,train,1827,1051
3,train,2931,1052
3,train,2500,1053
3,train,2309,1054
3,train,1651,1055
3,train,2611,1056
3,train,1439,1057
3,train,1890,1058
3,train,986,1059
3,train,993,1060
3,train,258,1061
3,train,1101,1062
3,train,2625,1063
3,train,576,1064
3,train,1542,1065
3,train,2061,1066
3,train,1129,1067
3,train,2440,1068
3,train,2920,1069
3,train,400,1070
3,train,1784,1071
3,train,1685,1072
3,train,1314,1073
3,train,2717,1074
3,train,1183,1075
3,train,2983,1076
3,train,2726,1077
3,train,1312,1078
3,train,342,1079
3,train,151,1080
3,train,865,1081
3,train,823,1082
3,train,1252,1083
3,train,1156,1084
3,train,1844,1085
3,train,77,1086
3,train,2451,1087
3,train,220,1088
3,train,1935,1089
3,train,749,1090
3,train,1096,1091
3,train,2791,1092
3,train,2044,1093
3,train,2919,1094
3,train,1885,1095
3,train,1869,1096
3,train,2745,1097
3,train,1164,1098
3,train,1522,1099
3,train,1998,1100
3,train,2561,1101
3,train,439,1102
3,train,2084,1103
3,train,2315,1104
3,train,160,1105
3,train,642,1106
3,train,1309,1107
3,train,366,1108
3,train,739,1109
3,train,1412,1110
3,train,1697,1111
3,train,2020,1112
3,train,300,1113
3,train,713,1114
3,train,536,1115
3,train,2522,1116
3,train,1909,1117
3,train,1064,1118
3,train,1742,1119
3,train,1128,1120
3,train,97,1121
3,train,260,1122
3,train,1161,1123
3,train,546,1124
3,train,19,1125
3,train,1608,1126
3,train,600,1127
3,train,958,1128
3,train,357,1129
3,train,245,1130
3,train,1709,1131
3,train,1083,1132
3,train,320,1133
3,train,495,1134
3,train,939,1135
3,train,154,1136
3,train,2447,1137
3,train,2682,1138
3,train,1515,1139
3,train,1959,1140
3,train,2380,1141
3,train,690,1142
3,train,2302,1143
3,train,219,1144
3,train,222,1145
3,train,2281,1146
3,train,2820,1147
3,train,1996,1148
3,train,581,1149
3,train,1570,1150
3,train,2727,1151
3,train,2852,1152
3,train,2076,1153
3,train,2713,1154
3,train,1441,1155
3,train,325,1156
3,train,1543,1157
3,train,38,1158
3,train,903,1159
3,train,1985,1160
3,train,1901,1161
3,train,2633,1162
3,train,1144,1163
3,train,573,1164
3,train,1693,1165
3,train,2409,1166
3,train,1473,1167
3,train,2289,1168
3,train,2554,1169
3,train,981,1170
3,train,2689,1171
3,train,123,1172
3,train,1034,1173
3,train,2399,1174
3,train,2918,1175
3,train,514,1176
3,train,2982,1177
3,train,951,1178
3,train,1095,1179
3,train,156,1180
3,train,1925,1181
3,train,1323,1182
3,train,2119,1183
3,train,1813,1184
3,train,2658,1185
3,train,2772,1186
3,train,1052,1187
3,train,2294,1188
3,train,800,1189
3,train,1155,1190
3,train,555,1191
3,train,767,1192
3,train,2578,1193
3,train,1102,1194
3,train,2580,1195
3,train,2437,1196
3,train,2530,1197
3,train,1015,1198
3,train,2629,1199
3,train,621,1200
3,train,1428,1201
3,train,1382,1202
3,train,1198,1203
3,train,668,1204
3,train,1797,1205
3,train,1743,1206
3,train,657,1207
3,train,2007,1208
3,train,1211,1209
3,train,182,1210
3,train,602,1211
3,train,563,1212
3,train,2382,1213
3,train,36,1214
3,train,1883,1215
3,train,1044,1216
3,train,176,1217
3,train,1585,1218
3,train,2366,1219
3,train,1277,1220
3,train,1099,1221
3,train,1104,1222
3,train,1521,1223
3,train,1088,1224
3,train,2218,1225
3,train,2729,1226
3,train,673,1227
3,train,2789,1228
3,train,1458,1229
3,train,2503,1230
3,train,78,1231
3,train,473,1232
3,train,2337,1233
3,train,1371,1234
3,train,1024,1235
3,train,92,1236
3,train,2255,1237
3,train,1333,1238
3,train,2620,1239
3,train,2803,1240
3,train,2035,1241
3,train,2306,1242
3,train,2371,1243
3,train,2260,1244
3,train,1504,1245
3,train,407,1246
3,train,2228,1247
3,train,1429,1248
3,train,1440,1249
3,train,1717,1250
3,train,1689,1251
3,train,1647,1252
3,train,2012,1253
3,train,1976,1254
3,train,2890,1255
3,train,2253,1256
3,train,804,1257
3,train,1893,1258
3,train,548,1259
3,train,541,1260
3,train,2167,1261
3,train,1639,1262
3,train,985,1263
3,train,623,1264
3,train,1906,1265
3,train,2826,1266
3,train,1421,1267
3,train,254,1268
3,train,1325,1269
3,train,542,1270
3,train,1820,1271
3,train,1507,1272
3,train,2410,1273
3,train,2277,1274
3,train,2263,1275
3,train,706,1276
3,train,2385,1277
3,train,590,1278
3,train,1407,1279
3,train,270,1280
3,train,1302,1281
3,train,361,1282
3,train,2464,1283
3,train,158,1284
3,train,56,1285
3,train,2170,1286
3,train,1120,1287
3,train,1393,1288
3,train,1952,1289
3,train,763,1290
3,train,427,1291
3,train,15,1292
3,train,916,1293
3,train,2676,1294
3,train,1627,1295
3,train,1319,1296
3,train,1132,1297
3,train,290,1298
3,train,375,1299
3,train,2892,1300
3,train,118,1301
3,train,2449,1302
3,train,383,1303
3,train,2397,1304
3,train,1216,1305
3,train,1131,1306
3,train,2396,1307
3,train,1854,1308
3,train,2707,1309
3,train,238,1310
3,train,2173,1311
3,train,1788,1312
3,train,2951,1313
3,train,1469,1314
3,train,1828,1315
3,train,2758,1316
3,train,1283,1317
3,train,2429,1318
3,train,2815,1319
3,train,913,1320
3,train,2198,1321
3,train,1038,1322
3,train,868,1323
3,train,508,1324
3,train,1498,1325
3,train,855,1326
3,train,2693,1327
3,train,1594,1328
3,train,1652,1329
3,train,2348,1330
3,train,164,1331
3,train,328,1332
3,train,224,1333
3,train,1932,1334
3,train,2148,1335
3,train,2634,1336
3,train,2773,1337
3,train,2546,1338
3,train,1109,1339
3,train,1777,1340
3,train,1620,1341
3,train,406,1342
3,train,950,1343
3,train,1939,1344
3,train,1586,1345
3,train,1931,1346
3,train,2937,1347
3,train,1582,1348
3,train,1941,1349
3,train,1653,1350
3,train,1330,1351
3,train,2637,1352
3,train,1377,1353
3,train,1443,1354
3,train,351,1355
3,train,603,1356
3,train,237,1357
3,train,2006,1358
3,train,1112,1359
3,train,703,1360
3,train,297,1361
3,train,1332,1362
3,train,1162,1363
3,train,367,1364
3,train,1173,1365
3,train,2165,1366
3,train,2104,1367
3,train,1882,1368
3,train,65,1369
3,train,1082,1370
3,train,737,1371
3,train,2911,1372
3,train,279,1373
3,train,2859,1374
3,train,2586,1375
3,train,2369,1376
3,train,1731,1377
3,train,1226,1378
3,train,266,1379
3,train,1979,1380
3,train,2737,1381
3,train,1122,1382
3,train,1558,1383
3,train,2143,1384
3,train,1680,1385
3,train,998,1386
3,train,2925,1387
3,train,694,1388
3,train,1633,1389
3,train,268,1390
3,train,1856,1391
3,train,1643,1392
3,train,687,1393
3,train,2585,1394
3,train,1033,1395
3,train,1968,1396
3,train,963,1397
3,train,867,1398
3,train,1172,1399
3,train,1369,1400
3,train,2052,1401
3,train,2024,1402
3,train,2307,1403
3,train,1316,1404
3,train,1832,1405
3,train,115,1406
3,train,824,1407
3,train,784,1408
3,train,2570,1409
3,train,2851,1410
3,train,490,1411
3,train,1138,1412
3,train,1299,1413
3,train,2870,1414
3,train,1221,1415
3,train,2572,1416
3,train,2250,1417
3,train,816,1418
3,train,2225,1419
3,train,455,1420
3,train,1225,1421
3,train,846,1422
3,train,2984,1423
3,train,2498,1424
3,train,2655,1425
3,train,2341,1426
3,train,941,1427
3,train,617,1428
3,train,2828,1429
3,train,98,1430
3,train,959,1431
3,train,2132,1432
3,train,163,1433
3,train,679,1434
3,train,678,1435
3,train,842,1436
3,train,1516,1437
3,train,1367,1438
3,train,1370,1439
3,train,1930,1440
3,train,740,1441
3,train,50,1442
3,train,789,1443
3,train,2493,1444
3,train,475,1445
3,train,2622,1446
3,train,2869,1447
3,train,923,1448
3,train,2557,1449
3,train,1483,1450
3,train,179,1451
3,train,2252,1452
3,train,2656,1453
3,train,796,1454
3,train,2342,1455
3,train,2433,1456
3,train,227,1457
3,train,561,1458
3,train,34,1459
3,train,2299,1460
3,train,1420,1461
3,train,59,1462
3,train,1667,1463
3,train,84,1464
3,train,302,1465
3,train,339,1466
3,train,335,1467
3,train,202,1468
3,train,849,1469
3,train,569,1470
3,train,187,1471
3,train,715,1472
3,train,2375,1473
3,train,1126,1474
3,train,656,1475
3,train,1488,1476
3,train,870,1477
3,train,40,1478
3,train,2450,1479
3,train,1476,1480
3,train,1645,1481
3,train,925,1482
3,train,1839,1483
3,train,35,1484
3,train,1460,1485
3,train,733,1486
3,train,1988,1487
3,train,1357,1488
3,train,1134,1489
3,train,2854,1490
3,train,210,1491
3,train,362,1492
3,train,2087,1493
3,train,1772,1494
3,train,370,1495
3,train,2746,1496
3,train,826,1497
3,train,1640,1498
3,train,2877,1499
3,train,99,1500
3,train,1373,1501
3,train,2523,1502
3,train,613,1503
3,train,2980,1504
3,train,2290,1505
3,train,2032,1506
3,train,1179,1507
3,train,2674,1508
3,train,813,1509
3,train,1786,1510
3,train,2884,1511
3,train,449,1512
3,train,2008,1513
3,train,2279,1514
3,train,2619,1515
3,train,1537,1516
3,train,1630,1517
3,train,1771,1518
3,train,659,1519
3,train,2206,1520
3,train,16,1521
3,train,530,1522
3,train,825,1523
3,train,1454,1524
3,train,1613,1525
3,train,137,1526
3,train,1230,1527
3,train,2761,1528
3,train,1866,1529
3,train,510,1530
3,train,2502,1531
3,train,1920,1532
3,train,675,1533
3,train,415,1534
3,train,343,1535
3,train,652,1536
3,train,126,1537
3,train,747,1538
3,train,2480,1539
3,train,1528,1540
3,train,980,1541
3,train,2235,1542
3,train,1300,1543
3,train,1055,1544
3,train,955,1545
3,train,2492,1546
3,train,770,1547
3,train,2806,1548
3,train,996,1549
3,train,134,1550
3,train,2885,1551
3,train,2539,1552
3,train,799,1553
3,train,902,1554
3,train,2080,1555
3,train,1746,1556
3,train,1978,1557
3,train,2703,1558
3,train,149,1559
3,train,2818,1560
3,train,1622,1561
3,train,1840,1562
3,train,1398,1563
3,train,928,1564
3,train,1263,1565
3,train,1787,1566
3,train,607,1567
3,train,336,1568
3,train,1031,1569
3,train,1494,1570
3,train,264,1571
3,train,497,1572
3,train,1313,1573
3,train,830,1574
3,train,2456,1575
3,train,1023,1576
3,train,1081,1577
3,train,988,1578
3,train,442,1579
3,train,261,1580
3,train,1414,1581
3,train,1463,1582
3,train,1780,1583
3,train,412,1584
3,train,358,1585
3,train,2708,1586
3,train,2317,1587
3,train,1079,1588
3,train,597,1589
3,train,474,1590
3,train,426,1591
3,train,1943,1592
3,train,920,1593
3,train,2840,1594
3,train,2867,1595
3,train,2688,1596
3,train,1341,1597
3,train,2034,1598
3,train,314,1599
3,train,1534,1600
3,train,1567,1601
3,train,1533,1602
3,train,1729,1603
3,train,424,1604
3,train,398,1605
3,train,1157,1606
3,train,345,1607
3,train,1385,1608
3,train,1348,1609
3,train,444,1610
3,train,907,1611
3,train,247,1612
3,train,1372,1613
3,train,1926,1614
3,train,1397,1615
3,train,2178,1616
3,train,972,1617
3,train,1303,1618
3,train,1224,1619
3,train,496,1620
3,train,2190,1621
3,train,2626,1622
3,train,1796,1623
3,train,378,1624
3,train,2111,1625
3,train,591,1626
3,train,872,1627
3,train,1539,1628
3,train,2113,1629
3,train,2750,1630
3,train,385,1631
3,train,1246,1632
3,train,2811,1633
3,train,1209,1634
3,train,2905,1635
3,train,632,1636
3,train,418,1637
3,train,2488,1638
3,train,1944,1639
3,train,2819,1640
3,train,574,1641
3,train,2880,1642
3,train,313,1643
3,train,1690,1644
3,train,1401,1645
3,train,1305,1646
3,train,1817,1647
3,train,1984,1648
3,train,2039,1649
3,train,553,1650
3,train,2850,1651
3,train,430,1652
3,train,1735,1653
3,train,762,1654
3,train,2604,1655
3,train,1775,1656
3,train,1054,1657
3,train,1603,1658
3,train,1706,1659
3,train,1480,1660
3,train,627,1661
3,train,2511,1662
3,train,2822,1663
3,train,757,1664
3,train,2157,1665
3,train,1725,1666
3,train,1684,1667
3,train,2896,1668
3,train,2325,1669
3,train,2025,1670
3,train,738,1671
3,train,217,1672
3,train,710,1673
3,train,633,1674
3,train,2587,1675
3,train,557,1676
3,train,1737,1677
3,train,1050,1678
3,train,1924,1679
3,train,1710,1680
3,train,1194,1681
3,train,2251,1682
3,train,285,1683
3,train,2785,1684
3,train,119,1685
3,train,1518,1686
3,train,7,1687
3,train,1311,1688
3,train,1536,1689
3,train,1320,1690
3,train,2416,1691
3,train,1701,1692
3,train,2367,1693
3,train,2781,1694
3,train,2719,1695
3,train,2215,1696
3,train,1858,1697
3,train,2830,1698
3,train,1026,1699
3,train,2576,1700
3,train,501,1701
3,train,832,1702
3,train,2305,1703
3,train,243,1704
3,train,957,1705
3,train,2685,1706
3,train,2504,1707
3,train,1571,1708
3,train,1722,1709
3,train,889,1710
3,train,1756,1711
3,train,1555,1712
3,train,480,1713
3,train,2525,1714
3,train,973,1715
3,train,618,1716
3,train,129,1717
3,train,1802,1718
3,train,2189,1719
3,train,1592,1720
3,train,914,1721
3,train,1167,1722
3,train,709,1723
3,train,2156,1724
3,train,105,1725
3,train,761,1726
3,train,2866,1727
3,train,1042,1728
3,train,2624,1729
3,train,1748,1730
3,train,2475,1731
3,train,2359,1732
3,train,1334,1733
3,train,459,1734
3,train,1841,1735
3,train,451,1736
3,train,373,1737
3,train,1416,1738
3,train,108,1739
3,train,1176,1740
3,train,2171,1741
3,train,778,1742
3,train,628,1743
3,train,277,1744
3,train,458,1745
3,train,249,1746
3,train,1744,1747
3,train,201,1748
3,train,1061,1749
3,train,2217,1750
3,train,583,1751
3,train,278,1752
3,train,1831,1753
3,train,2922,1754
3,train,1417,1755
3,train,2584,1756
3,train,2668,1757
3,train,2340,1758
3,train,1625,1759
3,train,2085,1760
3,train,2379,1761
3,train,448,1762
3,train,232,1763
3,train,1234,1764
3,train,1017,1765
3,train,487,1766
3,train,722,1767
3,train,1461,1768
3,train,43,1769
3,train,2507,1770
3,train,267,1771
3,train,75,1772
3,train,1889,1773
3,train,2355,1774
3,train,293,1775
3,train,1444,1776
3,train,68,1777
3,train,748,1778
3,train,1021,1779
3,train,2975,1780
3,train,2259,1781
3,train,106,1782
3,train,971,1783
3,train,1235,1784
3,train,1665,1785
3,train,405,1786
3,train,588,1787
3,train,801,1788
3,train,90,1789
3,train,1557,1790
3,train,1561,1791
3,train,984,1792
3,train,1475,1793
3,train,2847,1794
3,train,630,1795
3,train,303,1796
3,train,1611,1797
3,train,173,1798
3,train,924,1799
3,train,2607,1800
3,train,906,1801
3,train,1867,1802
3,train,881,1803
3,train,1512,1804
3,train,2963,1805
3,train,1664,1806
3,train,1304,1807
3,train,2669,1808
3,train,2358,1809
3,train,2130,1810
3,train,1591,1811
3,train,1751,1812
3,train,1072,1813
3,train,344,1814
3,train,49,1815
3,train,1364,1816
3,train,2038,1817
3,train,2939,1818
3,train,1427,1819
3,train,55,1820
3,train,2974,1821
3,train,1391,1822
3,train,318,1823
3,train,2560,1824
3,train,2094,1825
3,train,2282,1826
3,train,1285,1827
3,train,9,1828
3,train,2571,1829
3,train,2146,1830
3,train,2011,1831
3,train,489,1832
3,train,2199,1833
3,train,622,1834
3,train,142,1835
3,train,2349,1836
3,train,1849,1837
3,train,166,1838
3,train,2786,1839
3,train,819,1840
3,train,1350,1841
3,train,2720,1842
3,train,228,1843
3,train,58,1844
3,train,2696,1845
3,train,898,1846
3,train,908,1847
3,train,2442,1848
3,train,1562,1849
3,train,2600,1850
3,train,2297,1851
3,train,1426,1852
3,train,86,1853
3,train,2544,1854
3,train,2392,1855
3,train,2508,1856
3,train,1634,1857
3,train,2730,1858
3,train,2021,1859
3,train,23,1860
3,train,1829,1861
3,train,1468,1862
3,train,1666,1863
3,train,2969,1864
3,train,500,1865
3,train,677,1866
3,train,1530,1867
3,train,930,1868
3,train,1806,1869
3,train,2875,1870
3,train,1606,1871
3,train,856,1872
3,train,893,1873
3,train,2415,1874
3,train,954,1875
3,train,1447,1876
3,train,1544,1877
3,train,910,1878
3,train,1658,1879
3,train,2386,1880
3,train,1888,1881
3,train,646,1882
3,train,253,1883
3,train,1898,1884
3,train,1200,1885
3,train,707,1886
3,train,2159,1887
3,train,894,1888
3,train,2258,1889
3,train,1728,1890
3,train,2336,1891
3,train,1503,1892
3,train,520,1893
3,train,282,1894
3,train,568,1895
3,train,2783,1896
3,train,434,1897
3,train,271,1898
3,train,230,1899
3,train,1654,1900
3,train,619,1901
3,train,2841,1902
3,train,640,1903
3,train,1208,1904
3,train,2660,1905
3,train,2647,1906
3,train,582,1907
3,train,944,1908
3,train,27,1909
3,train,1773,1910
3,train,2564,1911
3,train,171,1912
3,train,1768,1913
3,train,967,1914
3,train,2452,1915
3,train,551,1916
3,train,1098,1917
3,train,1163,1918
3,train,1852,1919
3,train,1541,1920
3,train,2501,1921
3,train,2328,1922
3,train,1009,1923
3,train,1908,1924
3,train,6,1925
3,train,926,1926
3,train,2296,1927
3,train,2301,1928
3,train,2138,1929
3,train,1987,1930
3,train,1074,1931
3,train,2887,1932
3,train,1819,1933
3,train,1027,1934
3,train,1433,1935
3,train,2513,1936
3,train,1340,1937
3,train,1242,1938
3,train,1374,1939
3,train,2285,1940
3,train,69,1941
3,train,1859,1942
3,train,829,1943
3,train,2553,1944
3,train,599,1945
3,train,2387,1946
3,train,1747,1947
3,train,1139,1948
3,train,596,1949
3,train,2152,1950
3,train,1749,1951
3,train,1396,1952
3,train,579,1953
3,train,1016,1954
3,train,875,1955
3,train,2070,1956
3,train,516,1957
3,train,1073,1958
3,train,1040,1959
3,train,1793,1960
3,train,2916,1961
3,train,120,1962
3,train,741,1963
3,train,2702,1964
3,train,1284,1965
3,train,550,1966
3,train,2796,1967
3,train,450,1968
3,train,531,1969
3,train,1368,1970
3,train,2771,1971
3,train,2424,1972
3,train,780,1973
3,train,2478,1974
3,train,901,1975
3,train,1921,1976
3,train,1535,1977
3,train,2115,1978
3,train,467,1979
3,train,1862,1980
3,train,556,1981
3,train,1379,1982
3,train,970,1983
3,train,2194,1984
3,train,1360,1985
3,train,1501,1986
3,train,814,1987
3,train,1629,1988
3,train,2810,1989
3,train,1779,1990
3,train,2054,1991
3,train,1886,1992
3,train,1877,1993
3,train,2928,1994
3,train,791,1995
3,train,2814,1996
3,train,663,1997
3,train,2741,1998
3,train,758,1999
3,train,414,2000
3,train,1506,2001
3,train,2898,2002
3,train,1201,2003
3,train,1714,2004
3,train,265,2005
3,train,1945,2006
3,train,87,2007
3,train,625,2008
3,train,2265,2009
3,train,276,2010
3,train,2817,2011
3,train,2612,2012
3,train,1456,2013
3,train,2858,2014
3,train,2948,2015
3,train,688,2016
3,train,1597,2017
3,train,2117,2018
3,train,2862,2019
3,train,2422,2020
3,train,1390,2021
3,train,1140,2022
3,train,2476,2023
3,train,2686,2024
3,train,779,2025
3,train,1478,2026
3,train,2836,2027
3,train,1389,2028
3,train,1994,2029
3,train,2118,2030
3,train,647,2031
3,train,1550,2032
3,train,1035,2033
3,train,2834,2034
3,train,387,2035
3,train,664,2036
3,train,1466,2037
3,train,8,2038
3,train,159,2039
3,train,2421,2040
3,train,2147,2041
3,train,2074,2042
3,train,1678,2043
3,train,1022,2044
3,train,2098,2045
3,train,2408,2046
3,train,315,2047
3,train,1191,2048
3,train,2351,2049
3,train,783,2050
3,train,2780,2051
3,train,2732,2052
3,train,89,2053
3,train,2276,2054
3,train,1029,2055
3,train,2535,2056
3,train,2617,2057
3,train,1249,2058
3,train,2917,2059
3,train,1870,2060
3,train,191,2061
3,train,987,2062
3,train,2245,2063
3,train,716,2064
3,train,671,2065
3,train,915,2066
3,train,218,2067
3,train,518,2068
3,train,669,2069
3,train,83,2070
3,train,170,2071
3,train,1618,2072
3,train,989,2073
3,train,409,2074
3,train,1070,2075
3,train,1499,2076
3,train,1193,2077
3,train,462,2078
3,train,1934,2079
3,train,2794,2080
3,train,1474,2081
3,train,2932,2082
3,train,2029,2083
3,train,1491,2084
3,train,1568,2085
3,train,1750,2086
3,train,1599,2087
3,train,2186,2088
3,train,1531,2089
3,train,2582,2090
3,train,216,2091
3,train,1632,2092
3,train,1755,2093
3,train,205,2094
3,train,2645,2095
3,train,672,2096
3,train,431,2097
3,train,2,2098
3,train,1545,2099
3,train,2180,2100
3,train,1955,2101
3,train,1572,2102
3,train,2692,2103
3,train,521,2104
3,train,513,2105
3,train,312,2106
3,train,942,2107
3,train,2014,2108
3,train,2164,2109
3,train,2247,2110
3,train,524,2111
3,train,1903,2112
3,train,1838,2113
3,train,1386,2114
3,train,39,2115
3,train,2721,2116
3,train,1965,2117
3,train,505,2118
3,train,2596,2119
3,train,2952,2120
3,train,1676,2121
3,train,1956,2122
3,train,1927,2123
3,train,2906,2124
3,train,2320,2125
3,train,250,2126
3,train,1019,2127
3,train,469,2128
3,train,37,2129
3,train,2454,2130
3,train,1317,2131
3,train,2343,2132
3,train,666,2133
3,train,1451,2134
3,train,1257,2135
3,train,116,2136
3,train,152,2137
3,train,91,2138
3,train,683,2139
3,train,1878,2140
3,train,1448,2141
3,train,2088,2142
3,train,1589,2143
3,train,1581,2144
3,train,371,2145
3,train,2027,2146
3,train,1910,2147
3,train,2019,2148
3,train,2959,2149
3,train,122,2150
3,train,308,2151
3,train,1863,2152
3,train,1244,2153
3,train,2208,2154
3,train,1170,2155
3,train,2927,2156
3,train,2782,2157
3,train,2709,2158
3,train,1229,2159
3,train,140,2160
3,train,2278,2161
3,train,1148,2162
3,train,1683,2163
3,train,155,2164
3,train,2491,2165
3,train,1011,2166
3,train,2608,2167
3,train,61,2168
3,train,22,2169
3,train,207,2170
3,train,2594,2171
3,train,2562,2172
3,train,1769,2173
3,train,1186,2174
3,train,1342,2175
3,train,2123,2176
3,train,333,2177
3,train,2904,2178
3,train,2657,2179
3,train,2518,2180
3,train,304,2181
3,train,1418,2182
3,train,2184,2183
3,train,2532,2184
3,train,1865,2185
3,train,2955,2186
3,train,100,2187
3,train,2090,2188
3,train,1954,2189
3,train,1953,2190
3,train,1292,2191
3,train,2266,2192
3,train,945,2193
3,train,2631,2194
3,train,1137,2195
3,train,2233,2196
3,train,887,2197
3,train,604,2198
3,train,404,2199
3,train,1913,2200
3,train,1510,2201
3,train,2970,2202
3,train,2283,2203
3,train,1158,2204
3,train,845,2205
3,train,2621,2206
3,train,1336,2207
3,train,240,2208
3,train,890,2209
3,train,754,2210
3,train,721,2211
3,train,294,2212
3,train,636,2213
3,train,1940,2214
3,train,1861,2215
3,train,1887,2216
3,train,2809,2217
3,train,1245,2218
3,train,62,2219
3,train,1853,2220
3,train,1254,2221
3,train,2064,2222
3,train,960,2223
3,train,446,2224
3,train,2556,2225
3,train,2797,2226
3,train,509,2227
3,train,2169,2228
3,train,392,2229
3,train,2957,2230
3,train,2965,2231
3,train,330,2232
3,train,854,2233
3,train,1713,2234
3,train,1871,2235
3,train,2439,2236
3,train,2112,2237
3,train,2901,2238
3,train,1705,2239
3,train,1453,2240
3,train,2722,2241
3,train,447,2242
3,train,2949,2243
3,train,1563,2244
3,train,139,2245
3,train,1259,2246
3,train,2802,2247
3,train,2304,2248
3,train,1387,2249
3,train,2383,2250
3,train,2083,2251
3,train,348,2252
3,train,1117,2253
3,train,2574,2254
3,train,2237,2255
3,train,323,2256
3,train,2738,2257
3,train,631,2258
3,train,233,2259
3,train,2333,2260
3,train,729,2261
3,train,1346,2262
3,train,660,2263
3,train,1143,2264
3,train,46,2265
3,train,2220,2266
3,train,1569,2267
3,train,1604,2268
3,train,2831,2269
3,train,1399,2270
3,train,242,2271
3,train,2298,2272
3,train,2181,2273
3,train,2149,2274
3,train,1327,2275
3,train,2300,2276
3,train,2681,2277
3,train,2280,2278
3,train,2079,2279
3,train,353,2280
3,train,54,2281
3,train,2694,2282
3,train,2005,2283
3,train,586,2284
3,train,2723,2285
3,train,2593,2286
3,train,2091,2287
3,train,839,2288
3,train,1274,2289
3,train,382,2290
3,train,1999,2291
3,train,2067,2292
3,train,1189,2293
3,train,1792,2294
3,train,933,2295
3,train,1727,2296
3,train,946,2297
3,train,1805,2298
3,train,1724,2299
3,train,1482,2300
3,train,301,2301
3,train,2528,2302
3,train,698,2303
3,train,1556,2304
3,train,1056,2305
3,train,2417,2306
3,train,2575,2307
3,train,2614,2308
3,train,2472,2309
3,train,2246,2310
3,train,982,2311
3,train,665,2312
3,train,2573,2313
3,train,1580,2314
3,train,2954,2315
3,train,2267,2316
3,train,884,2317
3,train,681,2318
3,train,472,2319
3,train,2444,2320
3,train,2977,2321
3,train,859,2322
3,train,2677,2323
3,train,2470,2324
3,train,2835,2325
3,train,198,2326
3,train,1119,2327
3,train,2613,2328
3,train,2777,2329
3,train,1187,2330
3,train,952,2331
3,train,1880,2332
3,train,1069,2333
3,train,2873,2334
3,train,805,2335
3,train,2391,2336
3,train,2512,2337
3,train,466,2338
3,train,2509,2339
3,train,223,2340
3,train,2183,2341
3,train,2966,2342
3,train,580,2343
3,train,2753,2344
3,train,226,2345
3,train,1766,2346
3,train,2691,2347
3,train,369,2348
3,train,2463,2349
3,train,752,2350
3,train,397,2351
3,train,307,2352
3,train,1579,2353
3,train,1745,2354
3,train,919,2355
3,train,1269,2356
3,train,912,2357
3,train,2395,2358
3,train,1405,2359
3,train,2514,2360
3,train,2743,2361
3,train,337,2362
3,train,1646,2363
3,train,587,2364
3,train,896,2365
3,train,2616,2366
3,train,629,2367
3,train,1801,2368
3,train,1343,2369
3,train,974,2370
3,train,257,2371
3,train,540,2372
3,train,684,2373
3,train,1549,2374
3,train,399,2375
3,train,1080,2376
3,train,1655,2377
3,train,1018,2378
3,train,1268,2379
3,train,411,2380
3,train,288,2381
3,train,1260,2382
3,train,2129,2383
3,train,1644,2384
3,train,1276,2385
3,train,2569,2386
3,train,197,2387
3,val,2648,0
3,val,685,1
3,val,2972,2
3,val,1928,3
3,val,1289,4
3,val,461,5
3,val,1960,6
3,val,347,7
3,val,833,8
3,val,2426,9
3,val,522,10
3,val,453,11
3,val,1936,12
3,val,1657,13
3,val,936,14
3,val,1916,15
3,val,488,16
3,val,1223,17
3,val,539,18
3,val,1718,19
3,val,1280,20
3,val,1222,21
3,val,1740,22
3,val,66,23
3,val,1086,24
3,val,2234,25
3,val,2477,26
3,val,1118,27
3,val,2893,28
3,val,2055,29
3,val,1670,30
3,val,481,31
3,val,2962,32
3,val,1199,33
3,val,3,34
3,val,616,35
3,val,1513,36
3,val,478,37
3,val,231,38
3,val,2649,39
3,val,393,40
3,val,1361,41
3,val,2698,42
3,val,1076,43
3,val,1970,44
3,val,2517,45
3,val,1694,46
3,val,360,47
3,val,1002,48
3,val,786,49
3,val,2114,50
3,val,465,51
3,val,883,52
3,val,731,53
3,val,1066,54
3,val,2747,55
3,val,1204,56
3,val,606,57
3,val,2105,58
3,val,1907,59
3,val,2207,60
3,val,949,61
3,val,2714,62
3,val,504,63
3,val,1160,64
3,val,861,65
3,val,1477,66
3,val,735,67
3,val,626,68
3,val,2030,69
3,val,878,70
3,val,2486,71
3,val,891,72
3,val,381,73
3,val,2195,74
3,val,2798,75
3,val,2808,76
3,val,886,77
3,val,2531,78
3,val,1752,79
3,val,1392,80
3,val,2700,81
3,val,745,82
3,val,538,83
3,val,827,84
3,val,1063,85
3,val,1290,86
3,val,111,87
3,val,41,88
3,val,85,89
3,val,2524,90
3,val,2950,91
3,val,667,92
3,val,2432,93
3,val,624,94
3,val,938,95
3,val,2767,96
3,val,193,97
3,val,1593,98
3,val,768,99
3,val,1133,100
3,val,1974,101
3,val,828,102
3,val,1349,103
3,val,200,104
3,val,2160,105
3,val,911,106
3,val,838,107
3,val,2015,108
3,val,306,109
3,val,2466,110
3,val,2327,111
3,val,2958,112
3,val,2644,113
3,val,1989,114
3,val,1171,115
3,val,1847,116
3,val,2642,117
3,val,2790,118
3,val,1214,119
3,val,20,120
3,val,2370,121
3,val,1951,122
3,val,1310,123
3,val,2813,124
3,val,1419,125
3,val,127,126
3,val,81,127
3,val,519,128
3,val,1190,129
3,val,1125,130
3,val,1380,131
3,val,1523,132
3,val,2274,133
3,val,711,134
3,val,2312,135
3,val,717,136
3,val,2874,137
3,val,1383,138
3,val,273,139
3,val,2483,140
3,val,874,141
3,val,4,142
3,val,104,143
3,val,2078,144
3,val,2322,145
3,val,436,146
3,val,1520,147
3,val,2776,148
3,val,181,149
3,val,2155,150
3,val,2448,151
3,val,1588,152
3,val,918,153
3,val,310,154
3,val,340,155
3,val,1328,156
3,val,503,157
3,val,2332,158
3,val,225,159
3,val,1121,160
3,val,2197,161
3,val,2314,162
3,val,560,163
3,val,2913,164
3,val,470,165
3,val,1084,166
3,val,28,167
3,val,483,168
3,val,452,169
3,val,1992,170
3,val,1275,171
3,val,608,172
3,val,2661,173
3,val,363,174
3,val,2308,175
3,val,545,176
3,val,701,177
3,val,2394,178
3,val,2856,179
3,val,2013,180
3,val,1702,181
3,val,2468,182
3,val,2711,183
3,val,2142,184
3,val,2671,185
3,val,2976,186
3,val,1388,187
3,val,2026,188
3,val,1459,189
3,val,570,190
3,val,724,191
3,val,992,192
3,val,534,193
3,val,515,194
3,val,2774,195
3,val,1184,196
3,val,2673,197
3,val,165,198
3,val,2467,199
3,val,1848,200
3,val,2128,201
3,val,1816,202
3,val,975,203
3,val,1631,204
3,val,1983,205
3,val,1982,206
3,val,1203,207
3,val,1963,208
3,val,719,209
3,val,1868,210
3,val,12,211
3,val,1028,212
3,val,593,213
3,val,2734,214
3,val,2733,215
3,val,1703,216
3,val,1922,217
3,val,2216,218
3,val,1114,219
3,val,1997,220
3,val,1108,221
3,val,2075,222
3,val,372,223
3,val,269,224
3,val,575,225
3,val,1619,226
3,val,2800,227
3,val,2353,228
3,val,1408,229
3,val,2004,230
3,val,1043,231
3,val,1574,232
3,val,283,233
3,val,2538,234
3,val,148,235
3,val,2095,236
3,val,454,237
3,val,145,238
3,val,1432,239
3,val,1485,240
3,val,1375,241
3,val,1471,242
3,val,1000,243
3,val,592,244
3,val,1004,245
3,val,1446,246
3,val,1253,247
3,val,897,248
3,val,682,249
3,val,2787,250
3,val,2552,251
3,val,2107,252
3,val,562,253
3,val,186,254
3,val,1404,255
3,val,689,256
3,val,244,257
3,val,692,258
3,val,2350,259
3,val,1904,260
3,val,2577,261
3,val,2837,262
3,val,299,263
3,val,199,264
3,val,1103,265
3,val,1406,266
3,val,1265,267
3,val,2716,268
3,val,1032,269
3,val,2221,270
3,val,1395,271
3,val,1315,272
3,val,991,273
3,val,2591,274
3,val,1087,275
3,val,2907,276
3,val,2256,277
3,val,2365,278
3,val,2788,279
3,val,1078,280
3,val,674,281
3,val,1918,282
3,val,1532,283
3,val,2153,284
3,val,769,285
3,val,793,286
3,val,1824,287
3,val,1605,288
3,val,1058,289
3,val,17,290
3,val,180,291
3,val,2897,292
3,val,1071,293
3,val,204,294
3,val,1168,295
3,val,2018,296
3,val,1879,297
3,val,1804,298
4,train,1727,0
4,train,2971,1
4,train,2630,2
4,train,1146,3
4,train,110,4
4,train,2870,5
4,train,2796,6
4,train,1417,7
4,train,2411,8
4,train,2176,9
4,train,1669,10
4,train,74,11
4,train,947,12
4,train,820,13
4,train,1020,14
4,train,148,15
4,train,115,16
4,train,1640,17
4,train,1790,18
4,train,2619,19
4,train,2799,20
4,train,1859,21
4,train,2122,22
4,train,28,23
4,train,2803,24
4,train,1537,25
4,train,2974,26
4,train,2700,27
4,train,1257,28
4,train,899,29
4,train,1757,30
4,train,2274,31
4,train,1695,32
4,train,2482,33
4,train,1593,34
4,train,1755,35
4,train,1341,36
4,train,1754,37
4,train,164,38
4,train,2786,39
4,train,866,40
4,train,1094,41
4,train,1827,42
4,train,475,43
4,train,1993,44
4,train,958,45
4,train,2179,46
4,train,1542,47
4,train,364,48
4,train,998,49
4,train,2565,50
4,train,2567,51
4,train,2866,52
4,train,452,53
4,train,1848,54
4,train,2337,55
4,train,2649,56
4,train,483,57
4,train,90,58
4,train,451,59
4,train,2835,60
4,train,991,61
4,train,618,62
4,train,1888,63
4,train,2185,64
4,train,2113,65
4,train,1667,66
4,train,2078,67
4,train,303,68
4,train,237,69
4,train,1916,70
4,train,1960,71
4,train,1375,72
4,train,639,73
4,train,86,74
4,train,1086,75
4,train,2070,76
4,train,1451,77
4,train,959,78
4,train,1861,79
4,train,1908,80
4,train,654,81
4,train,1415,82
4,train,2887,83
4,train,2477,84
4,train,1350,85
4,train,771,86
4,train,2276,87
4,train,1538,88
4,train,2642,89
4,train,1971,90
4,train,1385,91
4,train,105,92
4,train,1200,93
4,train,871,94
4,train,417,95
4,train,933,96
4,train,615,97
4,train,1870,98
4,train,1626,99
4,train,1079,100
4,train,1055,101
4,train,1424,102
4,train,1587,103
4,train,316,104
4,train,197,105
4,train,473,106
4,train,34,107
4,train,1144,108
4,train,2625,109
4,train,550,110
4,train,1768,111
4,train,935,112
4,train,2719,113
4,train,2822,114
4,train,923,115
4,train,6,116
4,train,1022,117
4,train,2372,118
4,train,290,119
4,train,1133,120
4,train,1179,121
4,train,2443,122
4,train,2168,123
4,train,2865,124
4,train,89,125
4,train,1320,126
4,train,2043,127
4,train,1630,128
4,train,1660,129
4,train,541,130
4,train,111,131
4,train,503,132
4,train,2105,133
4,train,2954,134
4,train,629,135
4,train,2695,136
4,train,1843,137
4,train,128,138
4,train,2532,139
4,train,1723,140
4,train,1562,141
4,train,361,142
4,train,2057,143
4,train,655,144
4,train,1810,145
4,train,1372,146
4,train,2556,147
4,train,1832,148
4,train,984,149
4,train,2442,150
4,train,898,151
4,train,2142,152
4,train,1546,153
4,train,461,154
4,train,1925,155
4,train,2559,156
4,train,2656,157
4,train,2282,158
4,train,1449,159
4,train,1013,160
4,train,1307,161
4,train,683,162
4,train,38,163
4,train,1027,164
4,train,2726,165
4,train,2061,166
4,train,801,167
4,train,1197,168
4,train,2762,169
4,train,1214,170
4,train,2724,171
4,train,2384,172
4,train,56,173
4,train,2387,174
4,train,1668,175
4,train,135,176
4,train,2169,177
4,train,53,178
4,train,917,179
4,train,627,180
4,train,1482,181
4,train,2794,182
4,train,675,183
4,train,851,184
4,train,2552,185
4,train,2970,186
4,train,2221,187
4,train,357,188
4,train,2745,189
4,train,2607,190
4,train,2257,191
4,train,1504,192
4,train,2018,193
4,train,1855,194
4,train,1390,195
4,train,2060,196
4,train,1001,197
4,train,302,198
4,train,1066,199
4,train,119,200
4,train,330,201
4,train,2773,202
4,train,2244,203
4,train,2960,204
4,train,553,205
4,train,264,206
4,train,379,207
4,train,837,208
4,train,1069,209
4,train,1745,210
4,train,1155,211
4,train,2300,212
4,train,1203,213
4,train,1346,214
4,train,2973,215
4,train,1078,216
4,train,2622,217
4,train,688,218
4,train,2561,219
4,train,2697,220
4,train,1664,221
4,train,1635,222
4,train,819,223
4,train,198,224
4,train,1567,225
4,train,2813,226
4,train,1077,227
4,train,1201,228
4,train,920,229
4,train,2236,230
4,train,2520,231
4,train,2546,232
4,train,914,233
4,train,2160,234
4,train,1056,235
4,train,647,236
4,train,1616,237
4,train,1738,238
4,train,139,239
4,train,109,240
4,train,1777,241
4,train,1100,242
4,train,2124,243
4,train,2905,244
4,train,1791,245
4,train,1299,246
4,train,133,247
4,train,1050,248
4,train,653,249
4,train,419,250
4,train,1494,251
4,train,587,252
4,train,574,253
4,train,2316,254
4,train,287,255
4,train,739,256
4,train,1721,257
4,train,573,258
4,train,2104,259
4,train,2651,260
4,train,2728,261
4,train,796,262
4,train,1062,263
4,train,1583,264
4,train,2150,265
4,train,2502,266
4,train,1432,267
4,train,582,268
4,train,2317,269
4,train,484,270
4,train,2165,271
4,train,562,272
4,train,2091,273
4,train,2359,274
4,train,2479,275
4,train,1707,276
4,train,1406,277
4,train,1480,278
4,train,1137,279
4,train,1697,280
4,train,2081,281
4,train,2085,282
4,train,1084,283
4,train,906,284
4,train,1158,285
4,train,464,286
4,train,1687,287
4,train,1573,288
4,train,462,289
4,train,2843,290
4,train,626,291
4,train,1434,292
4,train,995,293
4,train,1685,294
4,train,1256,295
4,train,151,296
4,train,279,297
4,train,2005,298
4,train,1917,299
4,train,1279,300
4,train,1108,301
4,train,581,302
4,train,2672,303
4,train,2325,304
4,train,2968,305
4,train,1953,306
4,train,735,307
4,train,2955,308
4,train,1104,309
4,train,2106,310
4,train,2092,311
4,train,2946,312
4,train,2524,313
4,train,815,314
4,train,1561,315
4,train,380,316
4,train,270,317
4,train,2872,318
4,train,2267,319
4,train,1638,320
4,train,58,321
4,train,802,322
4,train,2616,323
4,train,2033,324
4,train,2249,325
4,train,1622,326
4,train,1041,327
4,train,679,328
4,train,1645,329
4,train,734,330
4,train,857,331
4,train,1477,332
4,train,1689,333
4,train,946,334
4,train,2636,335
4,train,1261,336
4,train,2635,337
4,train,427,338
4,train,2550,339
4,train,12,340
4,train,1904,341
4,train,1107,342
4,train,2653,343
4,train,2576,344
4,train,351,345
4,train,1131,346
4,train,2852,347
4,train,305,348
4,train,672,349
4,train,1370,350
4,train,2871,351
4,train,1454,352
4,train,1204,353
4,train,319,354
4,train,2364,355
4,train,751,356
4,train,1785,357
4,train,5,358
4,train,1507,359
4,train,2326,360
4,train,1453,361
4,train,806,362
4,train,62,363
4,train,1619,364
4,train,2932,365
4,train,414,366
4,train,772,367
4,train,710,368
4,train,382,369
4,train,2830,370
4,train,2348,371
4,train,1356,372
4,train,187,373
4,train,2725,374
4,train,1085,375
4,train,2710,376
4,train,1126,377
4,train,2923,378
4,train,2731,379
4,train,1591,380
4,train,2875,381
4,train,911,382
4,train,390,383
4,train,1132,384
4,train,120,385
4,train,365,386
4,train,2219,387
4,train,1166,388
4,train,2705,389
4,train,2507,390
4,train,2230,391
4,train,304,392
4,train,378,393
4,train,2130,394
4,train,84,395
4,train,1300,396
4,train,387,397
4,train,1496,398
4,train,1892,399
4,train,2506,400
4,train,1589,401
4,train,2011,402
4,train,2472,403
4,train,2620,404
4,train,501,405
4,train,2327,406
4,train,2500,407
4,train,1462,408
4,train,1678,409
4,train,1600,410
4,train,1495,411
4,train,1386,412
4,train,1918,413
4,train,1973,414
4,train,85,415
4,train,2644,416
4,train,1734,417
4,train,1519,418
4,train,2204,419
4,train,548,420
4,train,943,421
4,train,1684,422
4,train,456,423
4,train,2820,424
4,train,142,425
4,train,901,426
4,train,1389,427
4,train,259,428
4,train,1252,429
4,train,642,430
4,train,2493,431
4,train,81,432
4,train,2029,433
4,train,2333,434
4,train,1039,435
4,train,4,436
4,train,2860,437
4,train,2038,438
4,train,1955,439
4,train,325,440
4,train,2699,441
4,train,2837,442
4,train,137,443
4,train,597,444
4,train,1714,445
4,train,1148,446
4,train,1264,447
4,train,580,448
4,train,208,449
4,train,1461,450
4,train,1478,451
4,train,749,452
4,train,450,453
4,train,2086,454
4,train,2535,455
4,train,418,456
4,train,862,457
4,train,1147,458
4,train,641,459
4,train,442,460
4,train,1999,461
4,train,190,462
4,train,1403,463
4,train,1666,464
4,train,1110,465
4,train,1518,466
4,train,661,467
4,train,1226,468
4,train,662,469
4,train,2307,470
4,train,2046,471
4,train,1491,472
4,train,2980,473
4,train,2753,474
4,train,547,475
4,train,2069,476
4,train,715,477
4,train,659,478
4,train,767,479
4,train,281,480
4,train,1293,481
4,train,1786,482
4,train,738,483
4,train,551,484
4,train,254,485
4,train,2184,486
4,train,1199,487
4,train,358,488
4,train,1954,489
4,train,2655,490
4,train,16,491
4,train,809,492
4,train,2374,493
4,train,1866,494
4,train,1931,495
4,train,829,496
4,train,1238,497
4,train,2912,498
4,train,702,499
4,train,846,500
4,train,2468,501
4,train,1318,502
4,train,2017,503
4,train,1533,504
4,train,2859,505
4,train,1235,506
4,train,2389,507
4,train,549,508
4,train,403,509
4,train,674,510
4,train,1363,511
4,train,2596,512
4,train,994,513
4,train,776,514
4,train,1287,515
4,train,1606,516
4,train,229,517
4,train,212,518
4,train,244,519
4,train,2134,520
4,train,2129,521
4,train,2145,522
4,train,2782,523
4,train,2137,524
4,train,975,525
4,train,1963,526
4,train,2369,527
4,train,1970,528
4,train,1927,529
4,train,1627,530
4,train,835,531
4,train,71,532
4,train,632,533
4,train,218,534
4,train,778,535
4,train,2847,536
4,train,1,537
4,train,221,538
4,train,2214,539
4,train,2747,540
4,train,2378,541
4,train,1002,542
4,train,2671,543
4,train,2171,544
4,train,423,545
4,train,1412,546
4,train,1215,547
4,train,1511,548
4,train,412,549
4,train,1474,550
4,train,50,551
4,train,2256,552
4,train,2125,553
4,train,2128,554
4,train,2229,555
4,train,206,556
4,train,1930,557
4,train,1156,558
4,train,2978,559
4,train,881,560
4,train,103,561
4,train,425,562
4,train,1219,563
4,train,2810,564
4,train,2934,565
4,train,904,566
4,train,1584,567
4,train,2750,568
4,train,505,569
4,train,2568,570
4,train,130,571
4,train,915,572
4,train,1459,573
4,train,1429,574
4,train,1901,575
4,train,1428,576
4,train,311,577
4,train,1072,578
4,train,348,579
4,train,2301,580
4,train,2344,581
4,train,729,582
4,train,2126,583
4,train,2984,584
4,train,1987,585
4,train,459,586
4,train,1152,587
4,train,292,588
4,train,185,589
4,train,1230,590
4,train,2423,591
4,train,2515,592
4,train,2526,593
4,train,1928,594
4,train,2886,595
4,train,979,596
4,train,68,597
4,train,1544,598
4,train,603,599
4,train,2720,600
4,train,1771,601
4,train,1706,602
4,train,2669,603
4,train,1735,604
4,train,2390,605
4,train,2723,606
4,train,1853,607
4,train,369,608
4,train,1633,609
4,train,2956,610
4,train,2368,611
4,train,2918,612
4,train,1873,613
4,train,2376,614
4,train,156,615
4,train,1054,616
4,train,1119,617
4,train,200,618
4,train,91,619
4,train,613,620
4,train,712,621
4,train,1648,622
4,train,1694,623
4,train,1463,624
4,train,1019,625
4,train,340,626
4,train,1113,627
4,train,813,628
4,train,762,629
4,train,1503,630
4,train,250,631
4,train,468,632
4,train,2825,633
4,train,1979,634
4,train,558,635
4,train,158,636
4,train,633,637
4,train,2321,638
4,train,755,639
4,train,2306,640
4,train,519,641
4,train,2298,642
4,train,1742,643
4,train,1012,644
4,train,2107,645
4,train,150,646
4,train,478,647
4,train,1057,648
4,train,312,649
4,train,2964,650
4,train,2769,651
4,train,1924,652
4,train,1124,653
4,train,421,654
4,train,2262,655
4,train,2034,656
4,train,27,657
4,train,2183,658
4,train,2336,659
4,train,328,660
4,train,2197,661
4,train,1709,662
4,train,2967,663
4,train,539,664
4,train,2536,665
4,train,2388,666
4,train,1064,667
4,train,2350,668
4,train,2811,669
4,train,843,670
4,train,2203,671
4,train,1304,672
4,train,2429,673
4,train,123,674
4,train,2007,675
4,train,976,676
4,train,928,677
4,train,476,678
4,train,1233,679
4,train,1367,680
4,train,540,681
4,train,2335,682
4,train,760,683
4,train,2022,684
4,train,33,685
4,train,15,686
4,train,2396,687
4,train,1883,688
4,train,2775,689
4,train,1890,690
4,train,1452,691
4,train,1095,692
4,train,385,693
4,train,2352,694
4,train,1751,695
4,train,890,696
4,train,2311,697
4,train,2049,698
4,train,2087,699
4,train,1515,700
4,train,1659,701
4,train,1377,702
4,train,116,703
4,train,2943,704
4,train,1170,705
4,train,1517,706
4,train,1492,707
4,train,2341,708
4,train,1168,709
4,train,1310,710
4,train,2268,711
4,train,308,712
4,train,2324,713
4,train,791,714
4,train,1015,715
4,train,1445,716
4,train,1182,717
4,train,2631,718
4,train,2026,719
4,train,1348,720
4,train,1524,721
4,train,160,722
4,train,1125,723
4,train,255,724
4,train,1456,725
4,train,1154,726
4,train,488,727
4,train,2052,728
4,train,2098,729
4,train,2108,730
4,train,1416,731
4,train,317,732
4,train,465,733
4,train,1658,734
4,train,2037,735
4,train,2173,736
4,train,2193,737
4,train,2139,738
4,train,2309,739
4,train,1932,740
4,train,2035,741
4,train,278,742
4,train,1280,743
4,train,1875,744
4,train,122,745
4,train,2181,746
4,train,1876,747
4,train,1498,748
4,train,2572,749
4,train,1691,750
4,train,910,751
4,train,1815,752
4,train,1149,753
4,train,709,754
4,train,896,755
4,train,1899,756
4,train,741,757
4,train,1479,758
4,train,1008,759
4,train,1032,760
4,train,2162,761
4,train,520,762
4,train,848,763
4,train,1212,764
4,train,406,765
4,train,884,766
4,train,2879,767
4,train,1359,768
4,train,2621,769
4,train,1599,770
4,train,384,771
4,train,572,772
4,train,508,773
4,train,733,774
4,train,2951,775
4,train,2119,776
4,train,2911,777
4,train,2465,778
4,train,1639,779
4,train,2566,780
4,train,2958,781
4,train,1398,782
4,train,2660,783
4,train,219,784
4,train,435,785
4,train,2195,786
4,train,480,787
4,train,716,788
4,train,143,789
4,train,2802,790
4,train,1611,791
4,train,2343,792
4,train,2296,793
4,train,748,794
4,train,1670,795
4,train,1083,796
4,train,1298,797
4,train,926,798
4,train,179,799
4,train,207,800
4,train,1114,801
4,train,2120,802
4,train,2637,803
4,train,146,804
4,train,276,805
4,train,1499,806
4,train,589,807
4,train,2689,808
4,train,1162,809
4,train,2071,810
4,train,2758,811
4,train,1508,812
4,train,858,813
4,train,2828,814
4,train,825,815
4,train,159,816
4,train,2080,817
4,train,1145,818
4,train,925,819
4,train,719,820
4,train,1409,821
4,train,1868,822
4,train,747,823
4,train,2709,824
4,train,2237,825
4,train,217,826
4,train,1481,827
4,train,1514,828
4,train,455,829
4,train,2280,830
4,train,722,831
4,train,472,832
4,train,60,833
4,train,678,834
4,train,1756,835
4,train,2407,836
4,train,2708,837
4,train,1159,838
4,train,913,839
4,train,1493,840
4,train,2798,841
4,train,1552,842
4,train,213,843
4,train,2483,844
4,train,2863,845
4,train,2615,846
4,train,883,847
4,train,1414,848
4,train,1715,849
4,train,1991,850
4,train,1352,851
4,train,529,852
4,train,2340,853
4,train,1576,854
4,train,2652,855
4,train,2613,856
4,train,300,857
4,train,411,858
4,train,349,859
4,train,2499,860
4,train,1418,861
4,train,189,862
4,train,2634,863
4,train,1945,864
4,train,699,865
4,train,2403,866
4,train,66,867
4,train,2778,868
4,train,1263,869
4,train,2930,870
4,train,2611,871
4,train,684,872
4,train,360,873
4,train,1472,874
4,train,2243,875
4,train,1354,876
4,train,1556,877
4,train,2416,878
4,train,1729,879
4,train,1976,880
4,train,1984,881
4,train,2940,882
4,train,585,883
4,train,2959,884
4,train,2028,885
4,train,555,886
4,train,2383,887
4,train,2683,888
4,train,2251,889
4,train,2055,890
4,train,2790,891
4,train,2394,892
4,train,872,893
4,train,2449,894
4,train,70,895
4,train,657,896
4,train,288,897
4,train,1093,898
4,train,247,899
4,train,2044,900
4,train,2051,901
4,train,1594,902
4,train,2208,903
4,train,2675,904
4,train,315,905
4,train,839,906
4,train,1081,907
4,train,1460,908
4,train,2781,909
4,train,578,910
4,train,1625,911
4,train,2473,912
4,train,794,913
4,train,1903,914
4,train,2048,915
4,train,2192,916
4,train,226,917
4,train,2702,918
4,train,1673,919
4,train,1121,920
4,train,494,921
4,train,705,922
4,train,768,923
4,train,40,924
4,train,2151,925
4,train,797,926
4,train,1153,927
4,train,310,928
4,train,140,929
4,train,1702,930
4,train,1712,931
4,train,2401,932
4,train,1489,933
4,train,2277,934
4,train,859,935
4,train,2226,936
4,train,1360,937
4,train,356,938
4,train,2066,939
4,train,78,940
4,train,522,941
4,train,1436,942
4,train,1407,943
4,train,2045,944
4,train,1105,945
4,train,22,946
4,train,623,947
4,train,2844,948
4,train,1766,949
4,train,2054,950
4,train,99,951
4,train,404,952
4,train,841,953
4,train,2491,954
4,train,1545,955
4,train,253,956
4,train,2555,957
4,train,2894,958
4,train,2305,959
4,train,1189,960
4,train,1202,961
4,train,1250,962
4,train,937,963
4,train,2759,964
4,train,223,965
4,train,606,966
4,train,1053,967
4,train,713,968
4,train,2284,969
4,train,2962,970
4,train,2610,971
4,train,199,972
4,train,320,973
4,train,1914,974
4,train,989,975
4,train,2663,976
4,train,409,977
4,train,2373,978
4,train,2440,979
4,train,353,980
4,train,1885,981
4,train,2768,982
4,train,1173,983
4,train,1402,984
4,train,1983,985
4,train,714,986
4,train,2172,987
4,train,504,988
4,train,1878,989
4,train,630,990
4,train,1185,991
4,train,2840,992
4,train,2434,993
4,train,2821,994
4,train,2075,995
4,train,129,996
4,train,2342,997
4,train,2036,998
4,train,1029,999
4,train,2438,1000
4,train,155,1001
4,train,853,1002
4,train,860,1003
4,train,2238,1004
4,train,225,1005
4,train,1329,1006
4,train,1486,1007
4,train,437,1008
4,train,1262,1009
4,train,693,1010
4,train,267,1011
4,train,2338,1012
4,train,586,1013
4,train,1989,1014
4,train,1052,1015
4,train,893,1016
4,train,2211,1017
4,train,723,1018
4,train,2925,1019
4,train,591,1020
4,train,1281,1021
4,train,2447,1022
4,train,2279,1023
4,train,1718,1024
4,train,1743,1025
4,train,1349,1026
4,train,2143,1027
4,train,1733,1028
4,train,241,1029
4,train,1243,1030
4,train,1157,1031
4,train,2021,1032
4,train,2004,1033
4,train,724,1034
4,train,2385,1035
4,train,1846,1036
4,train,1516,1037
4,train,1549,1038
4,train,1750,1039
4,train,234,1040
4,train,214,1041
4,train,1805,1042
4,train,2836,1043
4,train,1692,1044
4,train,2083,1045
4,train,1802,1046
4,train,1628,1047
4,train,1111,1048
4,train,1074,1049
4,train,1704,1050
4,train,2982,1051
4,train,1822,1052
4,train,1975,1053
4,train,1959,1054
4,train,2322,1055
4,train,1939,1056
4,train,1222,1057
4,train,1783,1058
4,train,2231,1059
4,train,2612,1060
4,train,2062,1061
4,train,761,1062
4,train,957,1063
4,train,1419,1064
4,train,1160,1065
4,train,238,1066
4,train,1380,1067
4,train,1737,1068
4,train,1430,1069
4,train,938,1070
4,train,367,1071
4,train,273,1072
4,train,2068,1073
4,train,799,1074
4,train,1782,1075
4,train,343,1076
4,train,648,1077
4,train,2464,1078
4,train,449,1079
4,train,1007,1080
4,train,525,1081
4,train,1221,1082
4,train,195,1083
4,train,2258,1084
4,train,631,1085
4,train,1218,1086
4,train,969,1087
4,train,2838,1088
4,train,1140,1089
4,train,1942,1090
4,train,2458,1091
4,train,516,1092
4,train,681,1093
4,train,1192,1094
4,train,924,1095
4,train,1797,1096
4,train,2981,1097
4,train,1532,1098
4,train,2009,1099
4,train,1647,1100
4,train,1530,1101
4,train,2042,1102
4,train,2089,1103
4,train,1710,1104
4,train,2855,1105
4,train,706,1106
4,train,2929,1107
4,train,2353,1108
4,train,2331,1109
4,train,1268,1110
4,train,2575,1111
4,train,2777,1112
4,train,493,1113
4,train,1526,1114
4,train,1373,1115
4,train,2877,1116
4,train,1004,1117
4,train,1198,1118
4,train,2626,1119
4,train,7,1120
4,train,956,1121
4,train,2957,1122
4,train,1623,1123
4,train,2001,1124
4,train,2920,1125
4,train,376,1126
4,train,822,1127
4,train,2744,1128
4,train,2594,1129
4,train,277,1130
4,train,2213,1131
4,train,61,1132
4,train,1317,1133
4,train,758,1134
4,train,2308,1135
4,train,510,1136
4,train,242,1137
4,train,1613,1138
4,train,970,1139
4,train,147,1140
4,train,1551,1141
4,train,2761,1142
4,train,2270,1143
4,train,397,1144
4,train,1277,1145
4,train,136,1146
4,train,2174,1147
4,train,992,1148
4,train,2391,1149
4,train,2880,1150
4,train,436,1151
4,train,2166,1152
4,train,2864,1153
4,train,193,1154
4,train,2003,1155
4,train,2424,1156
4,train,2484,1157
4,train,2304,1158
4,train,1592,1159
4,train,1254,1160
4,train,467,1161
4,train,1795,1162
4,train,880,1163
4,train,1060,1164
4,train,1391,1165
4,train,2738,1166
4,train,329,1167
4,train,72,1168
4,train,8,1169
4,train,1102,1170
4,train,2754,1171
4,train,2170,1172
4,train,383,1173
4,train,1425,1174
4,train,1602,1175
4,train,362,1176
4,train,2053,1177
4,train,309,1178
4,train,1772,1179
4,train,266,1180
4,train,2648,1181
4,train,686,1182
4,train,2752,1183
4,train,1509,1184
4,train,1636,1185
4,train,426,1186
4,train,2889,1187
4,train,107,1188
4,train,1123,1189
4,train,2892,1190
4,train,1186,1191
4,train,1829,1192
4,train,2261,1193
4,train,2439,1194
4,train,2209,1195
4,train,2379,1196
4,train,2667,1197
4,train,232,1198
4,train,2666,1199
4,train,616,1200
4,train,2679,1201
4,train,2711,1202
4,train,2627,1203
4,train,1913,1204
4,train,887,1205
4,train,2931,1206
4,train,588,1207
4,train,182,1208
4,train,1759,1209
4,train,590,1210
4,train,1251,1211
4,train,1365,1212
4,train,602,1213
4,train,2245,1214
4,train,987,1215
4,train,788,1216
4,train,2488,1217
4,train,977,1218
4,train,1862,1219
4,train,609,1220
4,train,1294,1221
4,train,1775,1222
4,train,513,1223
4,train,2713,1224
4,train,2814,1225
4,train,1382,1226
4,train,2207,1227
4,train,2030,1228
4,train,1213,1229
4,train,1819,1230
4,train,1229,1231
4,train,2131,1232
4,train,1803,1233
4,train,249,1234
4,train,2899,1235
4,train,593,1236
4,train,2278,1237
4,train,1837,1238
4,train,431,1239
4,train,1769,1240
4,train,1282,1241
4,train,1585,1242
4,train,1051,1243
4,train,731,1244
4,train,395,1245
4,train,1033,1246
4,train,1330,1247
4,train,720,1248
4,train,2902,1249
4,train,1326,1250
4,train,1191,1251
4,train,2115,1252
4,train,92,1253
4,train,2478,1254
4,train,2503,1255
4,train,1175,1256
4,train,2783,1257
4,train,2358,1258
4,train,2471,1259
4,train,1026,1260
4,train,1570,1261
4,train,2834,1262
4,train,2983,1263
4,train,611,1264
4,train,1774,1265
4,train,2795,1266
4,train,805,1267
4,train,2771,1268
4,train,1258,1269
4,train,1217,1270
4,train,2586,1271
4,train,1665,1272
4,train,1487,1273
4,train,2014,1274
4,train,1752,1275
4,train,1563,1276
4,train,2815,1277
4,train,453,1278
4,train,2436,1279
4,train,487,1280
4,train,2452,1281
4,train,936,1282
4,train,1582,1283
4,train,1657,1284
4,train,1854,1285
4,train,732,1286
4,train,2455,1287
4,train,1396,1288
4,train,1968,1289
4,train,818,1290
4,train,2608,1291
4,train,2867,1292
4,train,2141,1293
4,train,1276,1294
4,train,2521,1295
4,train,2914,1296
4,train,323,1297
4,train,2345,1298
4,train,856,1299
4,train,863,1300
4,train,1285,1301
4,train,2495,1302
4,train,359,1303
4,train,154,1304
4,train,1867,1305
4,train,2845,1306
4,train,1311,1307
4,train,1793,1308
4,train,2187,1309
4,train,2808,1310
4,train,2152,1311
4,train,2690,1312
4,train,1342,1313
4,train,1748,1314
4,train,854,1315
4,train,1355,1316
4,train,566,1317
4,train,2817,1318
4,train,2201,1319
4,train,2312,1320
4,train,1374,1321
4,train,2275,1322
4,train,1605,1323
4,train,1807,1324
4,train,447,1325
4,train,1909,1326
4,train,1446,1327
4,train,2604,1328
4,train,2979,1329
4,train,2367,1330
4,train,827,1331
4,train,127,1332
4,train,795,1333
4,train,176,1334
4,train,2167,1335
4,train,870,1336
4,train,1631,1337
4,train,1817,1338
4,train,2906,1339
4,train,2393,1340
4,train,352,1341
4,train,1997,1342
4,train,514,1343
4,train,2246,1344
4,train,868,1345
4,train,638,1346
4,train,422,1347
4,train,745,1348
4,train,531,1349
4,train,1849,1350
4,train,1176,1351
4,train,1142,1352
4,train,2314,1353
4,train,2861,1354
4,train,721,1355
4,train,2463,1356
4,train,2928,1357
4,train,1044,1358
4,train,2205,1359
4,train,524,1360
4,train,1291,1361
4,train,2599,1362
4,train,1543,1363
4,train,538,1364
4,train,1779,1365
4,train,576,1366
4,train,888,1367
4,train,1323,1368
4,train,1728,1369
4,train,2182,1370
4,train,1566,1371
4,train,752,1372
4,train,489,1373
4,train,2095,1374
4,train,1161,1375
4,train,2939,1376
4,train,2551,1377
4,train,1136,1378
4,train,743,1379
4,train,1506,1380
4,train,1919,1381
4,train,916,1382
4,train,981,1383
4,train,1466,1384
4,train,2067,1385
4,train,2199,1386
4,train,2645,1387
4,train,703,1388
4,train,2582,1389
4,train,2164,1390
4,train,1441,1391
4,train,2737,1392
4,train,2511,1393
4,train,48,1394
4,train,948,1395
4,train,345,1396
4,train,23,1397
4,train,272,1398
4,train,2494,1399
4,train,1898,1400
4,train,1911,1401
4,train,577,1402
4,train,306,1403
4,train,1184,1404
4,train,2770,1405
4,train,607,1406
4,train,595,1407
4,train,666,1408
4,train,628,1409
4,train,2518,1410
4,train,2913,1411
4,train,559,1412
4,train,29,1413
4,train,2797,1414
4,train,1651,1415
4,train,1781,1416
4,train,2490,1417
4,train,2418,1418
4,train,895,1419
4,train,2891,1420
4,train,2893,1421
4,train,1284,1422
4,train,2444,1423
4,train,931,1424
4,train,583,1425
4,train,1731,1426
4,train,2538,1427
4,train,1821,1428
4,train,2529,1429
4,train,132,1430
4,train,2601,1431
4,train,2114,1432
4,train,1392,1433
4,train,1490,1434
4,train,1485,1435
4,train,482,1436
4,train,1099,1437
4,train,1947,1438
4,train,2454,1439
4,train,1232,1440
4,train,2082,1441
4,train,517,1442
4,train,2178,1443
4,train,2897,1444
4,train,2470,1445
4,train,1303,1446
4,train,1384,1447
4,train,2456,1448
4,train,1559,1449
4,train,1260,1450
4,train,252,1451
4,train,1421,1452
4,train,35,1453
4,train,1839,1454
4,train,1440,1455
4,train,1982,1456
4,train,668,1457
4,train,222,1458
4,train,909,1459
4,train,96,1460
4,train,1469,1461
4,train,2806,1462
4,train,1676,1463
4,train,1632,1464
4,train,389,1465
4,train,1042,1466
4,train,1340,1467
4,train,1270,1468
4,train,1844,1469
4,train,2600,1470
4,train,1225,1471
4,train,1242,1472
4,train,579,1473
4,train,117,1474
4,train,1548,1475
4,train,1749,1476
4,train,2288,1477
4,train,1740,1478
4,train,927,1479
4,train,546,1480
4,train,2286,1481
4,train,370,1482
4,train,1500,1483
4,train,1092,1484
4,train,1292,1485
4,train,1696,1486
4,train,1629,1487
4,train,2831,1488
4,train,545,1489
4,train,1680,1490
4,train,2896,1491
4,train,634,1492
4,train,1700,1493
4,train,515,1494
4,train,398,1495
4,train,1178,1496
4,train,939,1497
4,train,1259,1498
4,train,1439,1499
4,train,982,1500
4,train,2787,1501
4,train,2741,1502
4,train,2013,1503
4,train,2427,1504
4,train,2123,1505
4,train,2818,1506
4,train,1824,1507
4,train,295,1508
4,train,430,1509
4,train,2453,1510
4,train,1358,1511
4,train,2318,1512
4,train,2760,1513
4,train,983,1514
4,train,2252,1515
4,train,2435,1516
4,train,335,1517
4,train,1458,1518
4,train,2347,1519
4,train,2534,1520
4,train,2898,1521
4,train,1009,1522
4,train,2646,1523
4,train,697,1524
4,train,1661,1525
4,train,2408,1526
4,train,2851,1527
4,train,2138,1528
4,train,3,1529
4,train,2088,1530
4,train,1210,1531
4,train,1799,1532
4,train,495,1533
4,train,2313,1534
4,train,1408,1535
4,train,2140,1536
4,train,265,1537
4,train,2487,1538
4,train,2950,1539
4,train,271,1540
4,train,1045,1541
4,train,1448,1542
4,train,2937,1543
4,train,1338,1544
4,train,1143,1545
4,train,2732,1546
4,train,2784,1547
4,train,810,1548
4,train,2900,1549
4,train,434,1550
4,train,333,1551
4,train,1319,1552
4,train,2375,1553
4,train,2064,1554
4,train,986,1555
4,train,2355,1556
4,train,2557,1557
4,train,2972,1558
4,train,106,1559
4,train,2746,1560
4,train,2975,1561
4,train,1906,1562
4,train,2189,1563
4,train,756,1564
4,train,523,1565
4,train,2299,1566
4,train,1998,1567
4,train,2218,1568
4,train,294,1569
4,train,1473,1570
4,train,2643,1571
4,train,793,1572
4,train,2101,1573
4,train,1724,1574
4,train,1169,1575
4,train,1501,1576
4,train,2858,1577
4,train,2592,1578
4,train,2662,1579
4,train,1401,1580
4,train,669,1581
4,train,530,1582
4,train,1306,1583
4,train,600,1584
4,train,2774,1585
4,train,2597,1586
4,train,491,1587
4,train,2239,1588
4,train,1470,1589
4,train,55,1590
4,train,1174,1591
4,train,2076,1592
4,train,2903,1593
4,train,922,1594
4,train,599,1595
4,train,754,1596
4,train,2402,1597
4,train,2293,1598
4,train,1523,1599
4,train,2180,1600
4,train,2462,1601
4,train,2780,1602
4,train,2161,1603
4,train,17,1604
4,train,1951,1605
4,train,2100,1606
4,train,704,1607
4,train,1744,1608
4,train,101,1609
4,train,673,1610
4,train,1753,1611
4,train,1940,1612
4,train,570,1613
4,train,1527,1614
4,train,726,1615
4,train,2269,1616
4,train,2020,1617
4,train,828,1618
4,train,2351,1619
4,train,83,1620
4,train,1683,1621
4,train,2461,1622
4,train,2969,1623
4,train,1923,1624
4,train,1328,1625
4,train,2475,1626
4,train,1411,1627
4,train,2467,1628
4,train,1860,1629
4,train,874,1630
4,train,1575,1631
4,train,645,1632
4,train,402,1633
4,train,685,1634
4,train,725,1635
4,train,424,1636
4,train,1541,1637
4,train,2715,1638
4,train,275,1639
4,train,2190,1640
4,train,121,1641
4,train,2785,1642
4,train,1315,1643
4,train,689,1644
4,train,2210,1645
4,train,2419,1646
4,train,1163,1647
4,train,2684,1648
4,train,908,1649
4,train,2177,1650
4,train,1130,1651
4,train,1996,1652
4,train,974,1653
4,train,1484,1654
4,train,2047,1655
4,train,2186,1656
4,train,770,1657
4,train,338,1658
4,train,954,1659
4,train,873,1660
4,train,2895,1661
4,train,1547,1662
4,train,1863,1663
4,train,2842,1664
4,train,2976,1665
4,train,619,1666
4,train,2916,1667
4,train,169,1668
4,train,592,1669
4,train,355,1670
4,train,1220,1671
4,train,2065,1672
4,train,2581,1673
4,train,2421,1674
4,train,240,1675
4,train,1910,1676
4,train,952,1677
4,train,740,1678
4,train,236,1679
4,train,1510,1680
4,train,227,1681
4,train,26,1682
4,train,2202,1683
4,train,297,1684
4,train,1739,1685
4,train,477,1686
4,train,978,1687
4,train,126,1688
4,train,2657,1689
4,train,855,1690
4,train,2362,1691
4,train,2272,1692
4,train,1426,1693
4,train,1193,1694
4,train,2650,1695
4,train,563,1696
4,train,622,1697
4,train,152,1698
4,train,2609,1699
4,train,2540,1700
4,train,497,1701
4,train,1788,1702
4,train,658,1703
4,train,2422,1704
4,train,1539,1705
4,train,604,1706
4,train,2721,1707
4,train,1444,1708
4,train,932,1709
4,train,552,1710
4,train,2591,1711
4,train,955,1712
4,train,2742,1713
4,train,2501,1714
4,train,285,1715
4,train,2118,1716
4,train,230,1717
4,train,2285,1718
4,train,1956,1719
4,train,2952,1720
4,train,730,1721
4,train,512,1722
4,train,821,1723
4,train,569,1724
4,train,375,1725
4,train,1921,1726
4,train,526,1727
4,train,350,1728
4,train,21,1729
4,train,386,1730
4,train,945,1731
4,train,2334,1732
4,train,1018,1733
4,train,1265,1734
4,train,2349,1735
4,train,1644,1736
4,train,2232,1737
4,train,2287,1738
4,train,1151,1739
4,train,293,1740
4,train,1958,1741
4,train,1336,1742
4,train,183,1743
4,train,363,1744
4,train,372,1745
4,train,934,1746
4,train,664,1747
4,train,438,1748
4,train,2103,1749
4,train,894,1750
4,train,2392,1751
4,train,2696,1752
4,train,1653,1753
4,train,42,1754
4,train,2730,1755
4,train,2685,1756
4,train,1488,1757
4,train,1246,1758
4,train,268,1759
4,train,2433,1760
4,train,344,1761
4,train,1399,1762
4,train,912,1763
4,train,2829,1764
4,train,1096,1765
4,train,1557,1766
4,train,2012,1767
4,train,2504,1768
4,train,1331,1769
4,train,2841,1770
4,train,891,1771
4,train,1579,1772
4,train,1992,1773
4,train,1135,1774
4,train,1535,1775
4,train,1274,1776
4,train,131,1777
4,train,391,1778
4,train,24,1779
4,train,205,1780
4,train,1443,1781
4,train,401,1782
4,train,2354,1783
4,train,149,1784
4,train,988,1785
4,train,2198,1786
4,train,2039,1787
4,train,2560,1788
4,train,2414,1789
4,train,481,1790
4,train,108,1791
4,train,2153,1792
4,train,2590,1793
4,train,2722,1794
4,train,2917,1795
4,train,1758,1796
4,train,100,1797
4,train,1316,1798
4,train,1934,1799
4,train,1820,1800
4,train,1528,1801
4,train,1371,1802
4,train,1047,1803
4,train,2224,1804
4,train,972,1805
4,train,2935,1806
4,train,636,1807
4,train,54,1808
4,train,897,1809
4,train,2885,1810
4,train,1467,1811
4,train,1049,1812
4,train,498,1813
4,train,1030,1814
4,train,2233,1815
4,train,1834,1816
4,train,49,1817
4,train,2573,1818
4,train,2633,1819
4,train,374,1820
4,train,649,1821
4,train,1818,1822
4,train,1935,1823
4,train,2947,1824
4,train,1208,1825
4,train,346,1826
4,train,243,1827
4,train,1962,1828
4,train,1778,1829
4,train,1227,1830
4,train,274,1831
4,train,784,1832
4,train,1082,1833
4,train,415,1834
4,train,560,1835
4,train,326,1836
4,train,2292,1837
4,train,474,1838
4,train,1949,1839
4,train,2522,1840
4,train,2869,1841
4,train,902,1842
4,train,2332,1843
4,train,1900,1844
4,train,1070,1845
4,train,1612,1846
4,train,2006,1847
4,train,2135,1848
4,train,95,1849
4,train,1464,1850
4,train,1073,1851
4,train,11,1852
4,train,1134,1853
4,train,2023,1854
4,train,2910,1855
4,train,1828,1856
4,train,191,1857
4,train,1000,1858
4,train,2716,1859
4,train,1895,1860
4,train,1058,1861
4,train,2888,1862
4,train,1447,1863
4,train,1183,1864
4,train,1118,1865
4,train,2155,1866
4,train,2111,1867
4,train,1521,1868
4,train,2537,1869
4,train,2363,1870
4,train,1141,1871
4,train,1036,1872
4,train,2294,1873
4,train,2882,1874
4,train,1811,1875
4,train,201,1876
4,train,905,1877
4,train,886,1878
4,train,2112,1879
4,train,1253,1880
4,train,204,1881
4,train,2661,1882
4,train,1961,1883
4,train,1368,1884
4,train,1312,1885
4,train,2919,1886
4,train,1404,1887
4,train,2397,1888
4,train,971,1889
4,train,542,1890
4,train,1713,1891
4,train,499,1892
4,train,2498,1893
4,train,1043,1894
4,train,407,1895
4,train,1224,1896
4,train,1952,1897
4,train,1046,1898
4,train,1964,1899
4,train,1988,1900
4,train,2041,1901
4,train,1129,1902
4,train,2266,1903
4,train,301,1904
4,train,1836,1905
4,train,1087,1906
4,train,1014,1907
4,train,1905,1908
4,train,286,1909
4,train,2543,1910
4,train,1974,1911
4,train,2614,1912
4,train,2901,1913
4,train,968,1914
4,train,231,1915
4,train,744,1916
4,train,1792,1917
4,train,717,1918
4,train,1332,1919
4,train,1024,1920
4,train,2059,1921
4,train,1972,1922
4,train,2562,1923
4,train,1117,1924
4,train,1216,1925
4,train,2366,1926
4,train,2791,1927
4,train,2000,1928
4,train,1120,1929
4,train,1314,1930
4,train,671,1931
4,train,2789,1932
4,train,951,1933
4,train,1671,1934
4,train,2849,1935
4,train,1948,1936
4,train,782,1937
4,train,875,1938
4,train,2678,1939
4,train,2255,1940
4,train,2878,1941
4,train,257,1942
4,train,789,1943
4,train,1059,1944
4,train,1610,1945
4,train,2564,1946
4,train,416,1947
4,train,1886,1948
4,train,1475,1949
4,train,25,1950
4,train,1760,1951
4,train,1308,1952
4,train,763,1953
4,train,318,1954
4,train,1877,1955
4,train,2395,1956
4,train,1705,1957
4,train,2497,1958
4,train,1865,1959
4,train,46,1960
4,train,2290,1961
4,train,2827,1962
4,train,19,1963
4,train,153,1964
4,train,248,1965
4,train,2881,1966
4,train,2370,1967
4,train,2206,1968
4,train,2595,1969
4,train,830,1970
4,train,557,1971
4,train,2740,1972
4,train,1571,1973
4,train,1703,1974
4,train,617,1975
4,train,327,1976
4,train,1236,1977
4,train,1150,1978
4,train,773,1979
4,train,877,1980
4,train,1717,1981
4,train,1655,1982
4,train,466,1983
4,train,2688,1984
4,train,1301,1985
4,train,2432,1986
4,train,2525,1987
4,train,1649,1988
4,train,1967,1989
4,train,1831,1990
4,train,2360,1991
4,train,1686,1992
4,train,1887,1993
4,train,405,1994
4,train,1603,1995
4,train,1617,1996
4,train,1946,1997
4,train,2253,1998
4,train,2640,1999
4,train,779,2000
4,train,1248,2001
4,train,334,2002
4,train,2365,2003
4,train,2948,2004
4,train,996,2005
4,train,2072,2006
4,train,2024,2007
4,train,2492,2008
4,train,1128,2009
4,train,2096,2010
4,train,2554,2011
4,train,1075,2012
4,train,1536,2013
4,train,1400,2014
4,train,94,2015
4,train,1994,2016
4,train,2371,2017
4,train,36,2018
4,train,2884,2019
4,train,1747,2020
4,train,2019,2021
4,train,215,2022
4,train,1361,2023
4,train,1395,2024
4,train,64,2025
4,train,2097,2026
4,train,753,2027
4,train,1296,2028
4,train,556,2029
4,train,43,2030
4,train,2585,2031
4,train,2225,2032
4,train,1322,2033
4,train,2361,2034
4,train,907,2035
4,train,1893,2036
4,train,2727,2037
4,train,1177,2038
4,train,2509,2039
4,train,168,2040
4,train,2757,2041
4,train,1642,2042
4,train,1267,2043
4,train,919,2044
4,train,2481,2045
4,train,798,2046
4,train,1011,2047
4,train,1313,2048
4,train,429,2049
4,train,2933,2050
4,train,1880,2051
4,train,1881,2052
4,train,1580,2053
4,train,1574,2054
4,train,1850,2055
4,train,867,2056
4,train,2133,2057
4,train,2031,2058
4,train,711,2059
4,train,2638,2060
4,train,1379,2061
4,train,181,2062
4,train,163,2063
4,train,1615,2064
4,train,766,2065
4,train,509,2066
4,train,1847,2067
4,train,961,2068
4,train,701,2069
4,train,167,2070
4,train,2496,2071
4,train,1608,2072
4,train,2617,2073
4,train,2569,2074
4,train,79,2075
4,train,1031,2076
4,train,876,2077
4,train,145,2078
4,train,2578,2079
4,train,838,2080
4,train,2904,2081
4,train,170,2082
4,train,1564,2083
4,train,2079,2084
4,train,2146,2085
4,train,690,2086
4,train,2692,2087
4,train,2743,2088
4,train,534,2089
4,train,2147,2090
4,train,2090,2091
4,train,381,2092
4,train,1944,2093
4,train,2668,2094
4,train,2437,2095
4,train,2220,2096
4,train,944,2097
4,train,245,2098
4,train,2194,2099
4,train,1985,2100
4,train,2624,2101
4,train,1813,2102
4,train,2694,2103
4,train,2409,2104
4,train,2691,2105
4,train,1048,2106
4,train,2926,2107
4,train,1247,2108
4,train,2050,2109
4,train,2907,2110
4,train,2805,2111
4,train,2756,2112
4,train,1290,2113
4,train,2800,2114
4,train,2739,2115
4,train,1245,2116
4,train,1339,2117
4,train,2399,2118
4,train,596,2119
4,train,1620,2120
4,train,1698,2121
4,train,864,2122
4,train,1540,2123
4,train,1864,2124
4,train,2658,2125
4,train,2480,2126
4,train,2283,2127
4,train,1513,2128
4,train,2873,2129
4,train,1063,2130
4,train,824,2131
4,train,2824,2132
4,train,2681,2133
4,train,492,2134
4,train,1869,2135
4,train,1814,2136
4,train,41,2137
4,train,1722,2138
4,train,1761,2139
4,train,692,2140
4,train,260,2141
4,train,2602,2142
4,train,777,2143
4,train,836,2144
4,train,37,2145
4,train,2539,2146
4,train,1529,2147
4,train,1122,2148
4,train,2922,2149
4,train,1938,2150
4,train,826,2151
4,train,1115,2152
4,train,1581,2153
4,train,2157,2154
4,train,2854,2155
4,train,2015,2156
4,train,2577,2157
4,train,2686,2158
4,train,2832,2159
4,train,2,2160
4,train,889,2161
4,train,1076,2162
4,train,980,2163
4,train,663,2164
4,train,20,2165
4,train,966,2166
4,train,1838,2167
4,train,1804,2168
4,train,82,2169
4,train,69,2170
4,train,1187,2171
4,train,842,2172
4,train,2320,2173
4,train,1228,2174
4,train,165,2175
4,train,2109,2176
4,train,2448,2177
4,train,1787,2178
4,train,2528,2179
4,train,1034,2180
4,train,2356,2181
4,train,2580,2182
4,train,786,2183
4,train,1765,2184
4,train,2216,2185
4,train,1597,2186
4,train,202,2187
4,train,2584,2188
4,train,1327,2189
4,train,1858,2190
4,train,2263,2191
4,train,1017,2192
4,train,930,2193
4,train,640,2194
4,train,1941,2195
4,train,1784,2196
4,train,76,2197
4,train,2809,2198
4,train,57,2199
4,train,1080,2200
4,train,1038,2201
4,train,2380,2202
4,train,1244,2203
4,train,610,2204
4,train,1438,2205
4,train,282,2206
4,train,59,2207
4,train,1387,2208
4,train,2310,2209
4,train,112,2210
4,train,1103,2211
4,train,2883,2212
4,train,2735,2213
4,train,2941,2214
4,train,2548,2215
4,train,1061,2216
4,train,1171,2217
4,train,665,2218
4,train,1239,2219
4,train,1195,2220
4,train,2063,2221
4,train,646,2222
4,train,2717,2223
4,train,850,2224
4,train,708,2225
4,train,849,2226
4,train,1433,2227
4,train,903,2228
4,train,2862,2229
4,train,1701,2230
4,train,1980,2231
4,train,1269,2232
4,train,1568,2233
4,train,757,2234
4,train,1347,2235
4,train,18,2236
4,train,521,2237
4,train,1376,2238
4,train,2961,2239
4,train,1872,2240
4,train,2801,2241
4,train,1780,2242
4,train,682,2243
4,train,882,2244
4,train,469,2245
4,train,113,2246
4,train,2415,2247
4,train,2963,2248
4,train,2531,2249
4,train,614,2250
4,train,470,2251
4,train,1586,2252
4,train,823,2253
4,train,1275,2254
4,train,1830,2255
4,train,2583,2256
4,train,1621,2257
4,train,1794,2258
4,train,269,2259
4,train,2445,2260
4,train,667,2261
4,train,1255,2262
4,train,564,2263
4,train,2008,2264
4,train,496,2265
4,train,1468,2266
4,train,1652,2267
4,train,2191,2268
4,train,1708,2269
4,train,171,2270
4,train,400,2271
4,train,960,2272
4,train,1164,2273
4,train,2002,2274
4,train,2826,2275
4,train,2736,2276
4,train,621,2277
4,train,2289,2278
4,train,2315,2279
4,train,1823,2280
4,train,707,2281
4,train,1231,2282
4,train,2297,2283
4,train,392,2284
4,train,2792,2285
4,train,500,2286
4,train,104,2287
4,train,1016,2288
4,train,2938,2289
4,train,2158,2290
4,train,1431,2291
4,train,1003,2292
4,train,2476,2293
4,train,341,2294
4,train,2519,2295
4,train,2677,2296
4,train,446,2297
4,train,2234,2298
4,train,1845,2299
4,train,2530,2300
4,train,2117,2301
4,train,413,2302
4,train,1427,2303
4,train,2486,2304
4,train,2874,2305
4,train,339,2306
4,train,2587,2307
4,train,2148,2308
4,train,1643,2309
4,train,918,2310
4,train,1071,2311
4,train,444,2312
4,train,2505,2313
4,train,2056,2314
4,train,2025,2315
4,train,31,2316
4,train,2241,2317
4,train,1343,2318
4,train,2339,2319
4,train,2485,2320
4,train,47,2321
4,train,1302,2322
4,train,1879,2323
4,train,1065,2324
4,train,1634,2325
4,train,2460,2326
4,train,1719,2327
4,train,1234,2328
4,train,1112,2329
4,train,804,2330
4,train,1598,2331
4,train,1209,2332
4,train,188,2333
4,train,161,2334
4,train,454,2335
4,train,769,2336
4,train,1588,2337
4,train,2729,2338
4,train,1920,2339
4,train,77,2340
4,train,695,2341
4,train,1840,2342
4,train,1550,2343
4,train,377,2344
4,train,371,2345
4,train,1978,2346
4,train,2084,2347
4,train,97,2348
4,train,2571,2349
4,train,2545,2350
4,train,1650,2351
4,train,728,2352
4,train,1067,2353
4,train,1040,2354
4,train,2102,2355
4,train,1266,2356
4,train,235,2357
4,train,1021,2358
4,train,1288,2359
4,train,2846,2360
4,train,39,2361
4,train,1522,2362
4,train,1520,2363
4,train,750,2364
4,train,1413,2365
4,train,2674,2366
4,train,2890,2367
4,train,261,2368
4,train,1679,2369
4,train,1690,2370
4,train,985,2371
4,train,1098,2372
4,train,808,2373
4,train,2404,2374
4,train,803,2375
4,train,138,2376
4,train,2703,2377
4,train,1569,2378
4,train,575,2379
4,train,2099,2380
4,train,2259,2381
4,train,608,2382
4,train,865,2383
4,train,342,2384
4,train,1369,2385
4,train,2489,2386
4,train,2751,2387
4,val,224,0
4,val,845,1
4,val,1693,2
4,val,2291,3
4,val,1035,4
4,val,1986,5
4,val,180,6
4,val,2265,7
4,val,1857,8
4,val,1852,9
4,val,2094,10
4,val,1005,11
4,val,1476,12
4,val,814,13
4,val,652,14
4,val,1138,15
4,val,2508,16
4,val,2977,17
4,val,2077,18
4,val,878,19
4,val,1558,20
4,val,2428,21
4,val,1037,22
4,val,2819,23
4,val,2016,24
4,val,1856,25
4,val,1297,26
4,val,2132,27
4,val,1699,28
4,val,1334,29
4,val,885,30
4,val,2553,31
4,val,114,32
4,val,2512,33
4,val,852,34
4,val,643,35
4,val,283,36
4,val,299,37
4,val,14,38
4,val,1677,39
4,val,2450,40
4,val,1457,41
4,val,118,42
4,val,2302,43
4,val,2558,44
4,val,847,45
4,val,1420,46
4,val,780,47
4,val,1211,48
4,val,336,49
4,val,2240,50
4,val,537,51
4,val,792,52
4,val,584,53
4,val,1965,54
4,val,536,55
4,val,2985,56
4,val,1397,57
4,val,388,58
4,val,1512,59
4,val,347,60
4,val,2593,61
4,val,2706,62
4,val,1688,63
4,val,2228,64
4,val,687,65
4,val,2382,66
4,val,1796,67
4,val,1618,68
4,val,2260,69
4,val,518,70
4,val,220,71
4,val,75,72
4,val,637,73
4,val,2949,74
4,val,1808,75
4,val,973,76
4,val,1891,77
4,val,2676,78
4,val,2215,79
4,val,2698,80
4,val,949,81
4,val,2116,82
4,val,2856,83
4,val,2915,84
4,val,1283,85
4,val,2247,86
4,val,2629,87
4,val,660,88
4,val,502,89
4,val,2217,90
4,val,314,91
4,val,440,92
4,val,2853,93
4,val,2523,94
4,val,1223,95
4,val,2628,96
4,val,2156,97
4,val,1109,98
4,val,892,99
4,val,1884,100
4,val,2544,101
4,val,134,102
4,val,166,103
4,val,1172,104
4,val,941,105
4,val,2857,106
4,val,963,107
4,val,366,108
4,val,373,109
4,val,9,110
4,val,87,111
4,val,698,112
4,val,1534,113
4,val,209,114
4,val,2235,115
4,val,561,116
4,val,921,117
4,val,2788,118
4,val,441,119
4,val,800,120
4,val,399,121
4,val,2776,122
4,val,1325,123
4,val,393,124
4,val,1943,125
4,val,1969,126
4,val,448,127
4,val,1725,128
4,val,1981,129
4,val,1364,130
4,val,2816,131
4,val,490,132
4,val,10,133
4,val,2734,134
4,val,2330,135
4,val,186,136
4,val,2514,137
4,val,656,138
4,val,816,139
4,val,2868,140
4,val,1604,141
4,val,2149,142
4,val,2707,143
4,val,1851,144
4,val,2812,145
4,val,833,146
4,val,1324,147
4,val,832,148
4,val,2426,149
4,val,1309,150
4,val,2680,151
4,val,953,152
4,val,568,153
4,val,2598,154
4,val,1746,155
4,val,396,156
4,val,2510,157
4,val,1383,158
4,val,1773,159
4,val,2159,160
4,val,157,161
4,val,1357,162
4,val,2714,163
4,val,1139,164
4,val,1289,165
4,val,2701,166
4,val,1663,167
4,val,2420,168
4,val,1205,169
4,val,2908,170
4,val,1388,171
4,val,2733,172
4,val,694,173
4,val,2953,174
4,val,625,175
4,val,2665,176
4,val,1181,177
4,val,1889,178
4,val,2410,179
4,val,2451,180
4,val,2570,181
4,val,635,182
4,val,1023,183
4,val,2074,184
4,val,774,185
4,val,1882,186
4,val,2027,187
4,val,1483,188
4,val,284,189
4,val,172,190
4,val,1841,191
4,val,2264,192
4,val,439,193
4,val,834,194
4,val,2965,195
4,val,1646,196
4,val,1393,197
4,val,620,198
4,val,394,199
4,val,2466,200
4,val,1936,201
4,val,967,202
4,val,2966,203
4,val,233,204
4,val,742,205
4,val,1190,206
4,val,1654,207
4,val,2647,208
4,val,2200,209
4,val,783,210
4,val,1826,211
4,val,1305,212
4,val,2542,213
4,val,1167,214
4,val,1801,215
4,val,445,216
4,val,2032,217
4,val,2400,218
4,val,2767,219
4,val,2517,220
4,val,1926,221
4,val,1333,222
4,val,1816,223
4,val,263,224
4,val,337,225
4,val,210,226
4,val,1595,227
4,val,1394,228
4,val,2850,229
4,val,2281,230
4,val,2765,231
4,val,125,232
4,val,1180,233
4,val,2673,234
4,val,737,235
4,val,1353,236
4,val,428,237
4,val,533,238
4,val,942,239
4,val,1577,240
4,val,1682,241
4,val,950,242
4,val,677,243
4,val,2942,244
4,val,1531,245
4,val,458,246
4,val,216,247
4,val,696,248
4,val,1572,249
4,val,1240,250
4,val,2772,251
4,val,2417,252
4,val,173,253
4,val,2513,254
4,val,307,255
4,val,775,256
4,val,2574,257
4,val,1614,258
4,val,2248,259
4,val,1806,260
4,val,1922,261
4,val,997,262
4,val,1471,263
4,val,2250,264
4,val,1249,265
4,val,313,266
4,val,228,267
4,val,1871,268
4,val,2474,269
4,val,1560,270
4,val,258,271
4,val,1101,272
4,val,1165,273
4,val,98,274
4,val,280,275
4,val,993,276
4,val,1405,277
4,val,2175,278
4,val,2682,279
4,val,2693,280
4,val,1194,281
4,val,1335,282
4,val,2924,283
4,val,1088,284
4,val,13,285
4,val,624,286
4,val,2927,287
4,val,2386,288
4,val,262,289
4,val,571,290
4,val,1907,291
4,val,861,292
4,val,1006,293
4,val,1555,294
4,val,1028,295
4,val,65,296
4,val,2641,297
4,val,2328,298
5,train,934,0
5,train,518,1
5,train,1027,2
5,train,2083,3
5,train,918,4
5,train,1518,5
5,train,2107,6
5,train,880,7
5,train,1687,8
5,train,140,9
5,train,947,10
5,train,924,11
5,train,2713,12
5,train,2008,13
5,train,2862,14
5,train,1126,15
5,train,2604,16
5,train,1591,17
5,train,1446,18
5,train,2530,19
5,train,198,20
5,train,534,21
5,train,756,22
5,train,1262,23
5,train,945,24
5,train,56,25
5,train,938,26
5,train,954,27
5,train,614,28
5,train,1319,29
5,train,557,30
5,train,2275,31
5,train,2013,32
5,train,20,33
5,train,2241,34
5,train,1755,35
5,train,853,36
5,train,1184,37
5,train,2871,38
5,train,867,39
5,train,423,40
5,train,282,41
5,train,722,42
5,train,156,43
5,train,2059,44
5,train,1436,45
5,train,1535,46
5,train,2230,47
5,train,440,48
5,train,1971,49
5,train,188,50
5,train,355,51
5,train,2434,52
5,train,2355,53
5,train,742,54
5,train,481,55
5,train,1186,56
5,train,2534,57
5,train,750,58
5,train,373,59
5,train,2087,60
5,train,652,61
5,train,1704,62
5,train,747,63
5,train,1854,64
5,train,2258,65
5,train,1088,66
5,train,2927,67
5,train,1369,68
5,train,1131,69
5,train,1552,70
5,train,1627,71
5,train,1037,72
5,train,2800,73
5,train,1742,74
5,train,1575,75
5,train,176,76
5,train,1098,77
5,train,1267,78
5,train,961,79
5,train,779,80
5,train,2426,81
5,train,395,82
5,train,2310,83
5,train,257,84
5,train,2184,85
5,train,1514,86
5,train,774,87
5,train,2837,88
5,train,1334,89
5,train,317,90
5,train,1550,91
5,train,2269,92
5,train,508,93
5,train,2751,94
5,train,838,95
5,train,2386,96
5,train,2460,97
5,train,2652,98
5,train,2970,99
5,train,311,100
5,train,304,101
5,train,42,102
5,train,2432,103
5,train,78,104
5,train,462,105
5,train,1460,106
5,train,1414,107
5,train,1190,108
5,train,530,109
5,train,2947,110
5,train,1396,111
5,train,1242,112
5,train,597,113
5,train,225,114
5,train,76,115
5,train,2706,116
5,train,1426,117
5,train,1275,118
5,train,806,119
5,train,224,120
5,train,1778,121
5,train,170,122
5,train,1077,123
5,train,512,124
5,train,1566,125
5,train,2985,126
5,train,1107,127
5,train,792,128
5,train,1901,129
5,train,1501,130
5,train,1220,131
5,train,2256,132
5,train,696,133
5,train,795,134
5,train,1310,135
5,train,2489,136
5,train,2643,137
5,train,1650,138
5,train,393,139
5,train,646,140
5,train,801,141
5,train,1960,142
5,train,1187,143
5,train,2943,144
5,train,305,145
5,train,2181,146
5,train,1962,147
5,train,2383,148
5,train,2177,149
5,train,569,150
5,train,1516,151
5,train,856,152
5,train,1834,153
5,train,146,154
5,train,2675,155
5,train,1454,156
5,train,383,157
5,train,2278,158
5,train,220,159
5,train,130,160
5,train,1431,161
5,train,287,162
5,train,1473,163
5,train,16,164
5,train,2111,165
5,train,2869,166
5,train,1307,167
5,train,2089,168
5,train,66,169
5,train,120,170
5,train,2552,171
5,train,914,172
5,train,1065,173
5,train,2414,174
5,train,1963,175
5,train,877,176
5,train,1796,177
5,train,380,178
5,train,2279,179
5,train,2327,180
5,train,1174,181
5,train,396,182
5,train,2039,183
5,train,1750,184
5,train,2870,185
5,train,445,186
5,train,2863,187
5,train,2578,188
5,train,1739,189
5,train,2096,190
5,train,1000,191
5,train,1987,192
5,train,1506,193
5,train,2757,194
5,train,2559,195
5,train,1393,196
5,train,1181,197
5,train,992,198
5,train,160,199
5,train,1373,200
5,train,101,201
5,train,1102,202
5,train,483,203
5,train,476,204
5,train,1584,205
5,train,306,206
5,train,721,207
5,train,1994,208
5,train,1631,209
5,train,2703,210
5,train,1048,211
5,train,2883,212
5,train,164,213
5,train,2172,214
5,train,2118,215
5,train,241,216
5,train,2113,217
5,train,1093,218
5,train,730,219
5,train,899,220
5,train,1695,221
5,train,2247,222
5,train,1121,223
5,train,1978,224
5,train,556,225
5,train,1984,226
5,train,2452,227
5,train,1038,228
5,train,2104,229
5,train,2794,230
5,train,726,231
5,train,1775,232
5,train,1620,233
5,train,1358,234
5,train,300,235
5,train,2046,236
5,train,2422,237
5,train,15,238
5,train,2130,239
5,train,823,240
5,train,136,241
5,train,640,242
5,train,2570,243
5,train,994,244
5,train,760,245
5,train,1603,246
5,train,571,247
5,train,1986,248
5,train,2371,249
5,train,2661,250
5,train,2637,251
5,train,1919,252
5,train,336,253
5,train,2965,254
5,train,2082,255
5,train,566,256
5,train,2293,257
5,train,1964,258
5,train,870,259
5,train,2389,260
5,train,2270,261
5,train,1079,262
5,train,1125,263
5,train,2891,264
5,train,1490,265
5,train,1610,266
5,train,437,267
5,train,1440,268
5,train,513,269
5,train,497,270
5,train,2976,271
5,train,356,272
5,train,2458,273
5,train,2568,274
5,train,1405,275
5,train,237,276
5,train,313,277
5,train,1119,278
5,train,1115,279
5,train,1139,280
5,train,854,281
5,train,359,282
5,train,1528,283
5,train,1769,284
5,train,199,285
5,train,2161,286
5,train,2733,287
5,train,2444,288
5,train,533,289
5,train,1046,290
5,train,1052,291
5,train,2980,292
5,train,151,293
5,train,1965,294
5,train,1562,295
5,train,1531,296
5,train,2952,297
5,train,319,298
5,train,2185,299
5,train,312,300
5,train,1023,301
5,train,2506,302
5,train,1276,303
5,train,525,304
5,train,602,305
5,train,679,306
5,train,2044,307
5,train,2200,308
5,train,1476,309
5,train,2537,310
5,train,1354,311
5,train,1827,312
5,train,539,313
5,train,931,314
5,train,2941,315
5,train,1160,316
5,train,663,317
5,train,279,318
5,train,1315,319
5,train,1458,320
5,train,1909,321
5,train,531,322
5,train,2509,323
5,train,2468,324
5,train,919,325
5,train,647,326
5,train,2653,327
5,train,2942,328
5,train,2272,329
5,train,147,330
5,train,2922,331
5,train,1208,332
5,train,509,333
5,train,1443,334
5,train,716,335
5,train,2331,336
5,train,1807,337
5,train,335,338
5,train,1477,339
5,train,1499,340
5,train,64,341
5,train,813,342
5,train,522,343
5,train,2420,344
5,train,892,345
5,train,776,346
5,train,286,347
5,train,2301,348
5,train,1782,349
5,train,131,350
5,train,2263,351
5,train,2750,352
5,train,2908,353
5,train,935,354
5,train,412,355
5,train,1773,356
5,train,1608,357
5,train,451,358
5,train,2198,359
5,train,1645,360
5,train,201,361
5,train,741,362
5,train,989,363
5,train,2284,364
5,train,515,365
5,train,1559,366
5,train,272,367
5,train,2592,368
5,train,1931,369
5,train,1134,370
5,train,1793,371
5,train,386,372
5,train,2302,373
5,train,860,374
5,train,1149,375
5,train,2888,376
5,train,2066,377
5,train,2968,378
5,train,1013,379
5,train,2500,380
5,train,369,381
5,train,1882,382
5,train,2917,383
5,train,693,384
5,train,325,385
5,train,1456,386
5,train,2394,387
5,train,2217,388
5,train,1132,389
5,train,2067,390
5,train,2874,391
5,train,1493,392
5,train,340,393
5,train,704,394
5,train,572,395
5,train,116,396
5,train,1564,397
5,train,2727,398
5,train,642,399
5,train,1380,400
5,train,2714,401
5,train,2374,402
5,train,2335,403
5,train,2354,404
5,train,428,405
5,train,377,406
5,train,2207,407
5,train,715,408
5,train,2816,409
5,train,1339,410
5,train,1305,411
5,train,2677,412
5,train,921,413
5,train,621,414
5,train,2893,415
5,train,228,416
5,train,2902,417
5,train,1485,418
5,train,2237,419
5,train,589,420
5,train,724,421
5,train,2972,422
5,train,1177,423
5,train,397,424
5,train,1670,425
5,train,1449,426
5,train,1694,427
5,train,2915,428
5,train,2477,429
5,train,422,430
5,train,959,431
5,train,1794,432
5,train,1538,433
5,train,2694,434
5,train,609,435
5,train,2768,436
5,train,1570,437
5,train,238,438
5,train,2666,439
5,train,972,440
5,train,1667,441
5,train,2821,442
5,train,2081,443
5,train,2252,444
5,train,2382,445
5,train,2667,446
5,train,372,447
5,train,496,448
5,train,231,449
5,train,2597,450
5,train,1006,451
5,train,2042,452
5,train,1250,453
5,train,2497,454
5,train,2796,455
5,train,2590,456
5,train,1189,457
5,train,1618,458
5,train,917,459
5,train,2304,460
5,train,2665,461
5,train,2518,462
5,train,1101,463
5,train,673,464
5,train,2106,465
5,train,2440,466
5,train,1580,467
5,train,2508,468
5,train,2899,469
5,train,439,470
5,train,701,471
5,train,1002,472
5,train,2780,473
5,train,1300,474
5,train,2912,475
5,train,2680,476
5,train,2771,477
5,train,825,478
5,train,1494,479
5,train,370,480
5,train,2585,481
5,train,1306,482
5,train,927,483
5,train,323,484
5,train,1883,485
5,train,1359,486
5,train,2266,487
5,train,415,488
5,train,2856,489
5,train,1632,490
5,train,2038,491
5,train,694,492
5,train,553,493
5,train,284,494
5,train,564,495
5,train,516,496
5,train,339,497
5,train,2660,498
5,train,222,499
5,train,2645,500
5,train,487,501
5,train,1992,502
5,train,127,503
5,train,1095,504
5,train,2449,505
5,train,824,506
5,train,1611,507
5,train,209,508
5,train,2395,509
5,train,2296,510
5,train,1941,511
5,train,1615,512
5,train,843,513
5,train,1376,514
5,train,1441,515
5,train,2544,516
5,train,14,517
5,train,47,518
5,train,1148,519
5,train,2770,520
5,train,2955,521
5,train,2881,522
5,train,2117,523
5,train,2153,524
5,train,1,525
5,train,1487,526
5,train,2903,527
5,train,703,528
5,train,2155,529
5,train,669,530
5,train,2521,531
5,train,1979,532
5,train,1199,533
5,train,2827,534
5,train,436,535
5,train,2526,536
5,train,2851,537
5,train,2321,538
5,train,2695,539
5,train,249,540
5,train,1556,541
5,train,480,542
5,train,41,543
5,train,112,544
5,train,2625,545
5,train,2571,546
5,train,1212,547
5,train,1598,548
5,train,2847,549
5,train,1790,550
5,train,2387,551
5,train,2090,552
5,train,1594,553
5,train,343,554
5,train,232,555
5,train,858,556
5,train,2538,557
5,train,1141,558
5,train,1365,559
5,train,983,560
5,train,1059,561
5,train,588,562
5,train,1281,563
5,train,2054,564
5,train,1185,565
5,train,901,566
5,train,253,567
5,train,1524,568
5,train,1766,569
5,train,2210,570
5,train,159,571
5,train,2528,572
5,train,1788,573
5,train,2396,574
5,train,123,575
5,train,1260,576
5,train,1581,577
5,train,684,578
5,train,1936,579
5,train,939,580
5,train,2316,581
5,train,2448,582
5,train,2963,583
5,train,2925,584
5,train,1744,585
5,train,1831,586
5,train,1170,587
5,train,1466,588
5,train,1076,589
5,train,810,590
5,train,328,591
5,train,951,592
5,train,110,593
5,train,772,594
5,train,1889,595
5,train,2646,596
5,train,213,597
5,train,855,598
5,train,1266,599
5,train,1557,600
5,train,808,601
5,train,1661,602
5,train,2149,603
5,train,2626,604
5,train,861,605
5,train,233,606
5,train,2798,607
5,train,2433,608
5,train,1123,609
5,train,1677,610
5,train,26,611
5,train,1816,612
5,train,109,613
5,train,2175,614
5,train,2128,615
5,train,1413,616
5,train,1429,617
5,train,819,618
5,train,338,619
5,train,2850,620
5,train,132,621
5,train,538,622
5,train,2586,623
5,train,1007,624
5,train,827,625
5,train,2532,626
5,train,1263,627
5,train,1544,628
5,train,1558,629
5,train,830,630
5,train,1261,631
5,train,1592,632
5,train,1969,633
5,train,585,634
5,train,1684,635
5,train,1061,636
5,train,995,637
5,train,1613,638
5,train,2529,639
5,train,793,640
5,train,2736,641
5,train,1515,642
5,train,1388,643
5,train,2685,644
5,train,34,645
5,train,362,646
5,train,2887,647
5,train,2535,648
5,train,1498,649
5,train,2224,650
5,train,1113,651
5,train,1042,652
5,train,1738,653
5,train,419,654
5,train,2029,655
5,train,910,656
5,train,708,657
5,train,2584,658
5,train,2125,659
5,train,1066,660
5,train,2810,661
5,train,2280,662
5,train,245,663
5,train,1311,664
5,train,2774,665
5,train,733,666
5,train,388,667
5,train,1657,668
5,train,493,669
5,train,1072,670
5,train,1096,671
5,train,2103,672
5,train,796,673
5,train,1191,674
5,train,267,675
5,train,707,676
5,train,752,677
5,train,205,678
5,train,1331,679
5,train,2334,680
5,train,1823,681
5,train,661,682
5,train,1317,683
5,train,635,684
5,train,2129,685
5,train,1567,686
5,train,1217,687
5,train,617,688
5,train,2758,689
5,train,2022,690
5,train,903,691
5,train,283,692
5,train,1240,693
5,train,768,694
5,train,889,695
5,train,1349,696
5,train,735,697
5,train,134,698
5,train,1760,699
5,train,1060,700
5,train,719,701
5,train,403,702
5,train,2938,703
5,train,1851,704
5,train,761,705
5,train,1655,706
5,train,2956,707
5,train,277,708
5,train,928,709
5,train,1129,710
5,train,1630,711
5,train,1628,712
5,train,1375,713
5,train,2905,714
5,train,2975,715
5,train,1111,716
5,train,2317,717
5,train,2043,718
5,train,2257,719
5,train,399,720
5,train,1521,721
5,train,2517,722
5,train,2490,723
5,train,2179,724
5,train,1067,725
5,train,2740,726
5,train,1018,727
5,train,1893,728
5,train,2475,729
5,train,1268,730
5,train,1016,731
5,train,1832,732
5,train,828,733
5,train,593,734
5,train,2962,735
5,train,25,736
5,train,1735,737
5,train,1635,738
5,train,1725,739
5,train,2098,740
5,train,2776,741
5,train,1204,742
5,train,986,743
5,train,1988,744
5,train,1780,745
5,train,1678,746
5,train,2443,747
5,train,357,748
5,train,2473,749
5,train,2341,750
5,train,1447,751
5,train,2835,752
5,train,1652,753
5,train,975,754
5,train,1703,755
5,train,2105,756
5,train,1352,757
5,train,10,758
5,train,2245,759
5,train,2946,760
5,train,638,761
5,train,366,762
5,train,2614,763
5,train,587,764
5,train,79,765
5,train,2879,766
5,train,469,767
5,train,365,768
5,train,1215,769
5,train,520,770
5,train,2095,771
5,train,976,772
5,train,98,773
5,train,2886,774
5,train,3,775
5,train,1952,776
5,train,2595,777
5,train,1236,778
5,train,998,779
5,train,1083,780
5,train,2467,781
5,train,714,782
5,train,1956,783
5,train,167,784
5,train,874,785
5,train,363,786
5,train,1503,787
5,train,2246,788
5,train,1153,789
5,train,1848,790
5,train,333,791
5,train,514,792
5,train,660,793
5,train,1284,794
5,train,2566,795
5,train,2880,796
5,train,1826,797
5,train,1008,798
5,train,2920,799
5,train,2126,800
5,train,244,801
5,train,2577,802
5,train,1428,803
5,train,2282,804
5,train,59,805
5,train,562,806
5,train,2499,807
5,train,1282,808
5,train,1777,809
5,train,4,810
5,train,905,811
5,train,1043,812
5,train,1913,813
5,train,1163,814
5,train,1462,815
5,train,578,816
5,train,933,817
5,train,2787,818
5,train,1341,819
5,train,350,820
5,train,814,821
5,train,400,822
5,train,2655,823
5,train,2613,824
5,train,1802,825
5,train,2213,826
5,train,455,827
5,train,2781,828
5,train,2092,829
5,train,1340,830
5,train,837,831
5,train,1157,832
5,train,2901,833
5,train,2583,834
5,train,1787,835
5,train,1689,836
5,train,1865,837
5,train,923,838
5,train,2668,839
5,train,153,840
5,train,2343,841
5,train,784,842
5,train,1786,843
5,train,2437,844
5,train,1765,845
5,train,674,846
5,train,944,847
5,train,187,848
5,train,1646,849
5,train,2336,850
5,train,2063,851
5,train,1483,852
5,train,2156,853
5,train,2370,854
5,train,1728,855
5,train,454,856
5,train,2811,857
5,train,2356,858
5,train,2344,859
5,train,135,860
5,train,2047,861
5,train,1700,862
5,train,2205,863
5,train,2438,864
5,train,2287,865
5,train,190,866
5,train,361,867
5,train,1406,868
5,train,2376,869
5,train,1019,870
5,train,2289,871
5,train,524,872
5,train,1520,873
5,train,1288,874
5,train,1029,875
5,train,2859,876
5,train,2485,877
5,train,1791,878
5,train,57,879
5,train,2514,880
5,train,1394,881
5,train,2950,882
5,train,475,883
5,train,904,884
5,train,1523,885
5,train,2466,886
5,train,991,887
5,train,2036,888
5,train,504,889
5,train,1166,890
5,train,978,891
5,train,803,892
5,train,2410,893
5,train,1617,894
5,train,1890,895
5,train,2725,896
5,train,2069,897
5,train,2875,898
5,train,2692,899
5,train,2895,900
5,train,1071,901
5,train,1346,902
5,train,2873,903
5,train,2190,904
5,train,1417,905
5,train,1218,906
5,train,2158,907
5,train,2399,908
5,train,550,909
5,train,1452,910
5,train,1815,911
5,train,72,912
5,train,2838,913
5,train,1626,914
5,train,391,915
5,train,1371,916
5,train,2834,917
5,train,2707,918
5,train,472,919
5,train,1568,920
5,train,2011,921
5,train,2657,922
5,train,829,923
5,train,376,924
5,train,2786,925
5,train,236,926
5,train,458,927
5,train,804,928
5,train,2841,929
5,train,2978,930
5,train,1668,931
5,train,103,932
5,train,615,933
5,train,592,934
5,train,2000,935
5,train,2057,936
5,train,1640,937
5,train,932,938
5,train,2112,939
5,train,963,940
5,train,2555,941
5,train,1509,942
5,train,608,943
5,train,1945,944
5,train,1202,945
5,train,2777,946
5,train,871,947
5,train,104,948
5,train,500,949
5,train,739,950
5,train,896,951
5,train,491,952
5,train,2700,953
5,train,1041,954
5,train,2071,955
5,train,2629,956
5,train,275,957
5,train,573,958
5,train,2164,959
5,train,1836,960
5,train,68,961
5,train,1384,962
5,train,712,963
5,train,1949,964
5,train,2240,965
5,train,456,966
5,train,2471,967
5,train,672,968
5,train,1951,969
5,train,2948,970
5,train,435,971
5,train,820,972
5,train,1792,973
5,train,1801,974
5,train,86,975
5,train,878,976
5,train,648,977
5,train,799,978
5,train,2720,979
5,train,1209,980
5,train,2795,981
5,train,791,982
5,train,1323,983
5,train,2404,984
5,train,2569,985
5,train,1253,986
5,train,1438,987
5,train,274,988
5,train,1561,989
5,train,1713,990
5,train,2109,991
5,train,307,992
5,train,2728,993
5,train,1180,994
5,train,698,995
5,train,1328,996
5,train,168,997
5,train,1104,998
5,train,2204,999
5,train,1400,1000
5,train,1333,1001
5,train,1634,1002
5,train,186,1003
5,train,2914,1004
5,train,115,1005
5,train,2472,1006
5,train,561,1007
5,train,1926,1008
5,train,1680,1009
5,train,1205,1010
5,train,1555,1011
5,train,2,1012
5,train,2702,1013
5,train,95,1014
5,train,2520,1015
5,train,2454,1016
5,train,1103,1017
5,train,1432,1018
5,train,2385,1019
5,train,208,1020
5,train,2065,1021
5,train,1976,1022
5,train,546,1023
5,train,1318,1024
5,train,1252,1025
5,train,1908,1026
5,train,1361,1027
5,train,1034,1028
5,train,702,1029
5,train,1397,1030
5,train,1877,1031
5,train,60,1032
5,train,1860,1033
5,train,2288,1034
5,train,1539,1035
5,train,33,1036
5,train,2307,1037
5,train,2782,1038
5,train,881,1039
5,train,987,1040
5,train,2455,1041
5,train,2017,1042
5,train,2551,1043
5,train,1932,1044
5,train,2050,1045
5,train,185,1046
5,train,2671,1047
5,train,1401,1048
5,train,2558,1049
5,train,2435,1050
5,train,582,1051
5,train,1701,1052
5,train,2582,1053
5,train,387,1054
5,train,446,1055
5,train,1392,1056
5,train,210,1057
5,train,2658,1058
5,train,1881,1059
5,train,2910,1060
5,train,2522,1061
5,train,1871,1062
5,train,1005,1063
5,train,2470,1064
5,train,2591,1065
5,train,788,1066
5,train,413,1067
5,train,2684,1068
5,train,1316,1069
5,train,2352,1070
5,train,1702,1071
5,train,54,1072
5,train,1935,1073
5,train,1313,1074
5,train,1533,1075
5,train,2250,1076
5,train,169,1077
5,train,1254,1078
5,train,1723,1079
5,train,1404,1080
5,train,2445,1081
5,train,902,1082
5,train,657,1083
5,train,1774,1084
5,train,255,1085
5,train,489,1086
5,train,988,1087
5,train,202,1088
5,train,2753,1089
5,train,2403,1090
5,train,1412,1091
5,train,1737,1092
5,train,1036,1093
5,train,2361,1094
5,train,1756,1095
5,train,2340,1096
5,train,1226,1097
5,train,1457,1098
5,train,966,1099
5,train,1244,1100
5,train,1697,1101
5,train,1017,1102
5,train,2312,1103
5,train,1430,1104
5,train,97,1105
5,train,389,1106
5,train,2261,1107
5,train,2380,1108
5,train,5,1109
5,train,981,1110
5,train,1918,1111
5,train,1943,1112
5,train,1411,1113
5,train,1135,1114
5,train,1301,1115
5,train,37,1116
5,train,2536,1117
5,train,2772,1118
5,train,1846,1119
5,train,450,1120
5,train,1114,1121
5,train,570,1122
5,train,1459,1123
5,train,315,1124
5,train,409,1125
5,train,1821,1126
5,train,2916,1127
5,train,221,1128
5,train,1748,1129
5,train,2049,1130
5,train,402,1131
5,train,2375,1132
5,train,2088,1133
5,train,1214,1134
5,train,375,1135
5,train,465,1136
5,train,2206,1137
5,train,1953,1138
5,train,139,1139
5,train,737,1140
5,train,1471,1141
5,train,2502,1142
5,train,2024,1143
5,train,1683,1144
5,train,526,1145
5,train,114,1146
5,train,2028,1147
5,train,620,1148
5,train,2984,1149
5,train,866,1150
5,train,2484,1151
5,train,734,1152
5,train,2802,1153
5,train,656,1154
5,train,2120,1155
5,train,1967,1156
5,train,1921,1157
5,train,1033,1158
5,train,778,1159
5,train,401,1160
5,train,1673,1161
5,train,1761,1162
5,train,189,1163
5,train,2697,1164
5,train,468,1165
5,train,1495,1166
5,train,1666,1167
5,train,2636,1168
5,train,320,1169
5,train,1232,1170
5,train,1176,1171
5,train,1360,1172
5,train,832,1173
5,train,1997,1174
5,train,360,1175
5,train,498,1176
5,train,1693,1177
5,train,2828,1178
5,train,371,1179
5,train,1433,1180
5,train,909,1181
5,train,2365,1182
5,train,2436,1183
5,train,1676,1184
5,train,1147,1185
5,train,1003,1186
5,train,501,1187
5,train,191,1188
5,train,885,1189
5,train,1020,1190
5,train,2789,1191
5,train,1287,1192
5,train,2297,1193
5,train,2929,1194
5,train,268,1195
5,train,2897,1196
5,train,1577,1197
5,train,2743,1198
5,train,1168,1199
5,train,979,1200
5,train,836,1201
5,train,1920,1202
5,train,575,1203
5,train,2648,1204
5,train,2369,1205
5,train,404,1206
5,train,444,1207
5,train,405,1208
5,train,2018,1209
5,train,53,1210
5,train,2281,1211
5,train,89,1212
5,train,1299,1213
5,train,1142,1214
5,train,2967,1215
5,train,2186,1216
5,train,1223,1217
5,train,757,1218
5,train,2268,1219
5,train,1715,1220
5,train,717,1221
5,train,653,1222
5,train,1665,1223
5,train,294,1224
5,train,2621,1225
5,train,2746,1226
5,train,1721,1227
5,train,379,1228
5,train,1496,1229
5,train,1857,1230
5,train,1873,1231
5,train,345,1232
5,train,540,1233
5,train,1210,1234
5,train,2218,1235
5,train,1269,1236
5,train,2932,1237
5,train,2610,1238
5,train,1488,1239
5,train,1864,1240
5,train,2208,1241
5,train,993,1242
5,train,936,1243
5,train,2641,1244
5,train,1548,1245
5,train,685,1246
5,train,2513,1247
5,train,2496,1248
5,train,697,1249
5,train,2619,1250
5,train,1783,1251
5,train,2411,1252
5,train,242,1253
5,train,1682,1254
5,train,552,1255
5,train,1395,1256
5,train,958,1257
5,train,2656,1258
5,train,248,1259
5,train,1954,1260
5,train,261,1261
5,train,2465,1262
5,train,1872,1263
5,train,2255,1264
5,train,235,1265
5,train,2672,1266
5,train,547,1267
5,train,1623,1268
5,train,2251,1269
5,train,2759,1270
5,train,2949,1271
5,train,1861,1272
5,train,1448,1273
5,train,2138,1274
5,train,713,1275
5,train,1270,1276
5,train,452,1277
5,train,327,1278
5,train,1074,1279
5,train,1259,1280
5,train,980,1281
5,train,970,1282
5,train,762,1283
5,train,2607,1284
5,train,1923,1285
5,train,111,1286
5,train,891,1287
5,train,1143,1288
5,train,1283,1289
5,train,2439,1290
5,train,1221,1291
5,train,2390,1292
5,train,688,1293
5,train,438,1294
5,train,84,1295
5,train,751,1296
5,train,2930,1297
5,train,1255,1298
5,train,1534,1299
5,train,1377,1300
5,train,549,1301
5,train,1198,1302
5,train,133,1303
5,train,1238,1304
5,train,367,1305
5,train,2765,1306
5,train,529,1307
5,train,974,1308
5,train,1878,1309
5,train,1265,1310
5,train,288,1311
5,train,2041,1312
5,train,2524,1313
5,train,2983,1314
5,train,2318,1315
5,train,2688,1316
5,train,2299,1317
5,train,1622,1318
5,train,1082,1319
5,train,2894,1320
5,train,1804,1321
5,train,2734,1322
5,train,2463,1323
5,train,230,1324
5,train,847,1325
5,train,200,1326
5,train,1582,1327
5,train,2324,1328
5,train,2494,1329
5,train,2253,1330
5,train,678,1331
5,train,802,1332
5,train,234,1333
5,train,2480,1334
5,train,2337,1335
5,train,1230,1336
5,train,2021,1337
5,train,2202,1338
5,train,23,1339
5,train,1463,1340
5,train,1364,1341
5,train,2617,1342
5,train,794,1343
5,train,2236,1344
5,train,2166,1345
5,train,1638,1346
5,train,2393,1347
5,train,1356,1348
5,train,876,1349
5,train,1086,1350
5,train,1688,1351
5,train,2934,1352
5,train,777,1353
5,train,1629,1354
5,train,1418,1355
5,train,2790,1356
5,train,2775,1357
5,train,1054,1358
5,train,431,1359
5,train,1691,1360
5,train,627,1361
5,train,2854,1362
5,train,65,1363
5,train,499,1364
5,train,8,1365
5,train,129,1366
5,train,887,1367
5,train,2162,1368
5,train,1724,1369
5,train,81,1370
5,train,2785,1371
5,train,665,1372
5,train,2025,1373
5,train,1884,1374
5,train,1150,1375
5,train,2124,1376
5,train,1408,1377
5,train,348,1378
5,train,1649,1379
5,train,1753,1380
5,train,1717,1381
5,train,2306,1382
5,train,2824,1383
5,train,2631,1384
5,train,36,1385
5,train,586,1386
5,train,659,1387
5,train,2231,1388
5,train,2651,1389
5,train,1876,1390
5,train,1044,1391
5,train,2114,1392
5,train,1633,1393
5,train,1859,1394
5,train,2865,1395
5,train,580,1396
5,train,1492,1397
5,train,1021,1398
5,train,2844,1399
5,train,2400,1400
5,train,2511,1401
5,train,2075,1402
5,train,1415,1403
5,train,217,1404
5,train,2492,1405
5,train,1249,1406
5,train,2372,1407
5,train,1527,1408
5,train,2872,1409
5,train,28,1410
5,train,1069,1411
5,train,1243,1412
5,train,106,1413
5,train,2286,1414
5,train,1985,1415
5,train,1858,1416
5,train,2724,1417
5,train,1169,1418
5,train,583,1419
5,train,2052,1420
5,train,1820,1421
5,train,334,1422
5,train,949,1423
5,train,1644,1424
5,train,2580,1425
5,train,1924,1426
5,train,1595,1427
5,train,1491,1428
5,train,748,1429
5,train,590,1430
5,train,1507,1431
5,train,2784,1432
5,train,1213,1433
5,train,2767,1434
5,train,27,1435
5,train,2523,1436
5,train,1155,1437
5,train,1706,1438
5,train,128,1439
5,train,2961,1440
5,train,1746,1441
5,train,2560,1442
5,train,2593,1443
5,train,926,1444
5,train,1612,1445
5,train,2683,1446
5,train,2710,1447
5,train,2249,1448
5,train,197,1449
5,train,1057,1450
5,train,2464,1451
5,train,2546,1452
5,train,349,1453
5,train,2822,1454
5,train,2504,1455
5,train,1910,1456
5,train,195,1457
5,train,2133,1458
5,train,2599,1459
5,train,1451,1460
5,train,447,1461
5,train,2951,1462
5,train,729,1463
5,train,666,1464
5,train,262,1465
5,train,2721,1466
5,train,2799,1467
5,train,2062,1468
5,train,2778,1469
5,train,2722,1470
5,train,2232,1471
5,train,668,1472
5,train,442,1473
5,train,1120,1474
5,train,75,1475
5,train,1819,1476
5,train,2159,1477
5,train,1015,1478
5,train,2974,1479
5,train,1308,1480
5,train,740,1481
5,train,216,1482
5,train,2981,1483
5,train,1537,1484
5,train,1130,1485
5,train,577,1486
5,train,1211,1487
5,train,70,1488
5,train,692,1489
5,train,985,1490
5,train,559,1491
5,train,1296,1492
5,train,1035,1493
5,train,1982,1494
5,train,2937,1495
5,train,1839,1496
5,train,381,1497
5,train,767,1498
5,train,1928,1499
5,train,301,1500
5,train,180,1501
5,train,1363,1502
5,train,1480,1503
5,train,83,1504
5,train,1258,1505
5,train,2515,1506
5,train,2048,1507
5,train,341,1508
5,train,2034,1509
5,train,2391,1510
5,train,2139,1511
5,train,1743,1512
5,train,183,1513
5,train,2009,1514
5,train,421,1515
5,train,2709,1516
5,train,916,1517
5,train,720,1518
5,train,915,1519
5,train,2525,1520
5,train,2170,1521
5,train,1508,1522
5,train,1468,1523
5,train,1398,1524
5,train,907,1525
5,train,711,1526
5,train,2717,1527
5,train,314,1528
5,train,622,1529
5,train,738,1530
5,train,1751,1531
5,train,2931,1532
5,train,686,1533
5,train,1795,1534
5,train,1669,1535
5,train,2840,1536
5,train,2199,1537
5,train,155,1538
5,train,2486,1539
5,train,728,1540
5,train,1320,1541
5,train,2904,1542
5,train,1850,1543
5,train,2447,1544
5,train,1922,1545
5,train,2479,1546
5,train,1167,1547
5,train,281,1548
5,train,1326,1549
5,train,2966,1550
5,train,523,1551
5,train,2428,1552
5,train,2882,1553
5,train,2308,1554
5,train,2197,1555
5,train,1030,1556
5,train,150,1557
5,train,1719,1558
5,train,17,1559
5,train,122,1560
5,train,2817,1561
5,train,2845,1562
5,train,783,1563
5,train,1062,1564
5,train,212,1565
5,train,2333,1566
5,train,2221,1567
5,train,2415,1568
5,train,2373,1569
5,train,800,1570
5,train,2487,1571
5,train,94,1572
5,train,2581,1573
5,train,342,1574
5,train,1619,1575
5,train,358,1576
5,train,2698,1577
5,train,2561,1578
5,train,822,1579
5,train,96,1580
5,train,925,1581
5,train,1179,1582
5,train,2557,1583
5,train,2143,1584
5,train,952,1585
5,train,1660,1586
5,train,1754,1587
5,train,1419,1588
5,train,1707,1589
5,train,1885,1590
5,train,872,1591
5,train,2183,1592
5,train,302,1593
5,train,2178,1594
5,train,1063,1595
5,train,2674,1596
5,train,2737,1597
5,train,2192,1598
5,train,1178,1599
5,train,1420,1600
5,train,2294,1601
5,train,2019,1602
5,train,2716,1603
5,train,2148,1604
5,train,1058,1605
5,train,2760,1606
5,train,2689,1607
5,train,2160,1608
5,train,2820,1609
5,train,161,1610
5,train,2825,1611
5,train,1474,1612
5,train,1248,1613
5,train,1256,1614
5,train,6,1615
5,train,1642,1616
5,train,1165,1617
5,train,943,1618
5,train,252,1619
5,train,1385,1620
5,train,2388,1621
5,train,2220,1622
5,train,897,1623
5,train,1817,1624
5,train,2014,1625
5,train,48,1626
5,train,568,1627
5,train,1806,1628
5,train,1087,1629
5,train,1467,1630
5,train,1903,1631
5,train,2150,1632
5,train,1290,1633
5,train,2864,1634
5,train,2176,1635
5,train,2642,1636
5,train,1830,1637
5,train,2187,1638
5,train,1803,1639
5,train,1298,1640
5,train,1112,1641
5,train,1183,1642
5,train,695,1643
5,train,1162,1644
5,train,2429,1645
5,train,1297,1646
5,train,2769,1647
5,train,1513,1648
5,train,1195,1649
5,train,427,1650
5,train,1239,1651
5,train,773,1652
5,train,1974,1653
5,train,1137,1654
5,train,2005,1655
5,train,2773,1656
5,train,2326,1657
5,train,18,1658
5,train,1056,1659
5,train,2723,1660
5,train,1402,1661
5,train,1303,1662
5,train,641,1663
5,train,2091,1664
5,train,2829,1665
5,train,1519,1666
5,train,1009,1667
5,train,1201,1668
5,train,2742,1669
5,train,574,1670
5,train,1109,1671
5,train,591,1672
5,train,2115,1673
5,train,1225,1674
5,train,495,1675
5,train,895,1676
5,train,1710,1677
5,train,2315,1678
5,train,1479,1679
5,train,2647,1680
5,train,1085,1681
5,train,1998,1682
5,train,2539,1683
5,train,2332,1684
5,train,1692,1685
5,train,2572,1686
5,train,1424,1687
5,train,616,1688
5,train,2973,1689
5,train,1745,1690
5,train,1686,1691
5,train,2364,1692
5,train,1579,1693
5,train,2427,1694
5,train,337,1695
5,train,766,1696
5,train,841,1697
5,train,2739,1698
5,train,2892,1699
5,train,1117,1700
5,train,2797,1701
5,train,2554,1702
5,train,2311,1703
5,train,2933,1704
5,train,1478,1705
5,train,805,1706
5,train,2012,1707
5,train,2616,1708
5,train,1768,1709
5,train,1469,1710
5,train,2216,1711
5,train,2348,1712
5,train,2462,1713
5,train,295,1714
5,train,2954,1715
5,train,2283,1716
5,train,1219,1717
5,train,632,1718
5,train,2140,1719
5,train,2292,1720
5,train,1234,1721
5,train,40,1722
5,train,2669,1723
5,train,1444,1724
5,train,1078,1725
5,train,618,1726
5,train,2173,1727
5,train,165,1728
5,train,488,1729
5,train,2259,1730
5,train,35,1731
5,train,1329,1732
5,train,1172,1733
5,train,1904,1734
5,train,2007,1735
5,train,558,1736
5,train,31,1737
5,train,1847,1738
5,train,839,1739
5,train,1047,1740
5,train,763,1741
5,train,1140,1742
5,train,1291,1743
5,train,743,1744
5,train,1481,1745
5,train,215,1746
5,train,745,1747
5,train,2342,1748
5,train,1685,1749
5,train,2461,1750
5,train,2855,1751
5,train,2573,1752
5,train,1840,1753
5,train,1829,1754
5,train,1639,1755
5,train,2416,1756
5,train,276,1757
5,train,2418,1758
5,train,826,1759
5,train,2701,1760
5,train,1907,1761
5,train,2051,1762
5,train,22,1763
5,train,1808,1764
5,train,292,1765
5,train,108,1766
5,train,2676,1767
5,train,467,1768
5,train,1849,1769
5,train,2719,1770
5,train,2476,1771
5,train,2594,1772
5,train,2322,1773
5,train,1690,1774
5,train,2419,1775
5,train,2182,1776
5,train,1228,1777
5,train,2924,1778
5,train,1461,1779
5,train,1722,1780
5,train,2662,1781
5,train,628,1782
5,train,1600,1783
5,train,2300,1784
5,train,1510,1785
5,train,1338,1786
5,train,1606,1787
5,train,278,1788
5,train,1100,1789
5,train,1970,1790
5,train,2602,1791
5,train,266,1792
5,train,1866,1793
5,train,2360,1794
5,train,1810,1795
5,train,12,1796
5,train,2072,1797
5,train,1028,1798
5,train,1264,1799
5,train,2635,1800
5,train,2940,1801
5,train,308,1802
5,train,1245,1803
5,train,1822,1804
5,train,2456,1805
5,train,1914,1806
5,train,848,1807
5,train,1511,1808
5,train,43,1809
5,train,2878,1810
5,train,893,1811
5,train,143,1812
5,train,2634,1813
5,train,326,1814
5,train,2191,1815
5,train,1094,1816
5,train,2264,1817
5,train,347,1818
5,train,2783,1819
5,train,466,1820
5,train,1551,1821
5,train,2167,1822
5,train,2135,1823
5,train,1171,1824
5,train,1294,1825
5,train,710,1826
5,train,2564,1827
5,train,1475,1828
5,train,1080,1829
5,train,1355,1830
5,train,1934,1831
5,train,1251,1832
5,train,1888,1833
5,train,2889,1834
5,train,1797,1835
5,train,834,1836
5,train,2423,1837
5,train,2108,1838
5,train,1136,1839
5,train,2174,1840
5,train,1981,1841
5,train,1899,1842
5,train,1229,1843
5,train,1653,1844
5,train,1445,1845
5,train,385,1846
5,train,2267,1847
5,train,1386,1848
5,train,7,1849
5,train,2813,1850
5,train,2699,1851
5,train,2562,1852
5,train,2565,1853
5,train,624,1854
5,train,2141,1855
5,train,1257,1856
5,train,969,1857
5,train,223,1858
5,train,92,1859
5,train,789,1860
5,train,2971,1861
5,train,2726,1862
5,train,1845,1863
5,train,478,1864
5,train,204,1865
5,train,1246,1866
5,train,1991,1867
5,train,1024,1868
5,train,243,1869
5,train,382,1870
5,train,1980,1871
5,train,1012,1872
5,train,1759,1873
5,train,2328,1874
5,train,2023,1875
5,train,2064,1876
5,train,2384,1877
5,train,2219,1878
5,train,537,1879
5,train,833,1880
5,train,645,1881
5,train,426,1882
5,train,2543,1883
5,train,263,1884
5,train,121,1885
5,train,655,1886
5,train,2601,1887
5,train,2006,1888
5,train,2805,1889
5,train,1573,1890
5,train,603,1891
5,train,2359,1892
5,train,264,1893
5,train,259,1894
5,train,2681,1895
5,train,732,1896
5,train,1145,1897
5,train,2730,1898
5,train,2756,1899
5,train,1347,1900
5,train,1852,1901
5,train,2201,1902
5,train,2752,1903
5,train,1387,1904
5,train,956,1905
5,train,2239,1906
5,train,2853,1907
5,train,690,1908
5,train,1530,1909
5,train,2836,1910
5,train,677,1911
5,train,2852,1912
5,train,898,1913
5,train,490,1914
5,train,2285,1915
5,train,273,1916
5,train,11,1917
5,train,2248,1918
5,train,171,1919
5,train,865,1920
5,train,1838,1921
5,train,629,1922
5,train,908,1923
5,train,1862,1924
5,train,1543,1925
5,train,1110,1926
5,train,2119,1927
5,train,2450,1928
5,train,2402,1929
5,train,1247,1930
5,train,2708,1931
5,train,1070,1932
5,train,2189,1933
5,train,2229,1934
5,train,2711,1935
5,train,1828,1936
5,train,1152,1937
5,train,1343,1938
5,train,1867,1939
5,train,227,1940
5,train,886,1941
5,train,1733,1942
5,train,2628,1943
5,train,2846,1944
5,train,911,1945
5,train,58,1946
5,train,2031,1947
5,train,1946,1948
5,train,138,1949
5,train,1813,1950
5,train,2556,1951
5,train,604,1952
5,train,2123,1953
5,train,2673,1954
5,train,2367,1955
5,train,2815,1956
5,train,1837,1957
5,train,1421,1958
5,train,1389,1959
5,train,1679,1960
5,train,536,1961
5,train,1453,1962
5,train,1200,1963
5,train,2979,1964
5,train,1898,1965
5,train,2194,1966
5,train,519,1967
5,train,2939,1968
5,train,2171,1969
5,train,2792,1970
5,train,1805,1971
5,train,2085,1972
5,train,2362,1973
5,train,649,1974
5,train,1708,1975
5,train,868,1976
5,train,2812,1977
5,train,1583,1978
5,train,1999,1979
5,train,2691,1980
5,train,502,1981
5,train,1947,1982
5,train,290,1983
5,train,2032,1984
5,train,1841,1985
5,train,299,1986
5,train,2906,1987
5,train,1856,1988
5,train,1863,1989
5,train,1075,1990
5,train,2193,1991
5,train,55,1992
5,train,2478,1993
5,train,378,1994
5,train,474,1995
5,train,1868,1996
5,train,758,1997
5,train,316,1998
5,train,1916,1999
5,train,600,2000
5,train,2305,2001
5,train,2214,2002
5,train,125,2003
5,train,1357,2004
5,train,2501,2005
5,train,346,2006
5,train,1811,2007
5,train,875,2008
5,train,1193,2009
5,train,1614,2010
5,train,1011,2011
5,train,1146,2012
5,train,2079,2013
5,train,1403,2014
5,train,2482,2015
5,train,941,2016
5,train,2959,2017
5,train,1593,2018
5,train,74,2019
5,train,1512,2020
5,train,1587,2021
5,train,2690,2022
5,train,2587,2023
5,train,581,2024
5,train,473,2025
5,train,982,2026
5,train,968,2027
5,train,2867,2028
5,train,1671,2029
5,train,2953,2030
5,train,2397,2031
5,train,1663,2032
5,train,2715,2033
5,train,913,2034
5,train,1108,2035
5,train,1572,2036
5,train,2596,2037
5,train,1374,2038
5,train,636,2039
5,train,459,2040
5,train,1972,2041
5,train,1031,2042
5,train,1727,2043
5,train,2363,2044
5,train,2234,2045
5,train,1785,2046
5,train,846,2047
5,train,634,2048
5,train,2958,2049
5,train,2233,2050
5,train,1886,2051
5,train,82,2052
5,train,207,2053
5,train,1942,2054
5,train,2960,2055
5,train,630,2056
5,train,2053,2057
5,train,1277,2058
5,train,2519,2059
5,train,1382,2060
5,train,1368,2061
5,train,906,2062
5,train,2814,2063
5,train,2001,2064
5,train,142,2065
5,train,1772,2066
5,train,2392,2067
5,train,182,2068
5,train,1621,2069
5,train,38,2070
5,train,477,2071
5,train,769,2072
5,train,725,2073
5,train,2982,2074
5,train,2274,2075
5,train,2345,2076
5,train,2276,2077
5,train,2598,2078
5,train,2228,2079
5,train,1280,2080
5,train,2417,2081
5,train,859,2082
5,train,1118,2083
5,train,623,2084
5,train,425,2085
5,train,113,2086
5,train,671,2087
5,train,749,2088
5,train,50,2089
5,train,596,2090
5,train,250,2091
5,train,214,2092
5,train,731,2093
5,train,461,2094
5,train,2151,2095
5,train,1718,2096
5,train,997,2097
5,train,99,2098
5,train,2762,2099
5,train,1159,2100
5,train,894,2101
5,train,1051,2102
5,train,441,2103
5,train,1322,2104
5,train,1740,2105
5,train,2097,2106
5,train,2408,2107
5,train,2142,2108
5,train,1327,2109
5,train,1569,2110
5,train,2923,2111
5,train,1216,2112
5,train,107,2113
5,train,1039,2114
5,train,270,2115
5,train,1771,2116
5,train,2265,2117
5,train,1712,2118
5,train,2650,2119
5,train,1227,2120
5,train,1698,2121
5,train,1925,2122
5,train,1231,2123
5,train,2055,2124
5,train,786,2125
5,train,1853,2126
5,train,541,2127
5,train,2226,2128
5,train,2225,2129
5,train,1350,2130
5,train,240,2131
5,train,2731,2132
5,train,1939,2133
5,train,1875,2134
5,train,1486,2135
5,train,394,2136
5,train,560,2137
5,train,2548,2138
5,train,2808,2139
5,train,2842,2140
5,train,2907,2141
5,train,62,2142
5,train,1905,2143
5,train,1547,2144
5,train,849,2145
5,train,705,2146
5,train,1073,2147
5,train,1049,2148
5,train,173,2149
5,train,1705,2150
5,train,297,2151
5,train,2745,2152
5,train,39,2153
5,train,119,2154
5,train,2004,2155
5,train,1546,2156
5,train,226,2157
5,train,633,2158
5,train,1409,2159
5,train,2884,2160
5,train,1917,2161
5,train,971,2162
5,train,1197,2163
5,train,770,2164
5,train,955,2165
5,train,1045,2166
5,train,857,2167
5,train,2102,2168
5,train,1574,2169
5,train,2483,2170
5,train,1293,2171
5,train,1427,2172
5,train,21,2173
5,train,2481,2174
5,train,374,2175
5,train,1367,2176
5,train,517,2177
5,train,2488,2178
5,train,2900,2179
5,train,2819,2180
5,train,2030,2181
5,train,882,2182
5,train,2238,2183
5,train,1758,2184
5,train,2890,2185
5,train,2016,2186
5,train,1164,2187
5,train,172,2188
5,train,2747,2189
5,train,2094,2190
5,train,595,2191
5,train,1304,2192
5,train,61,2193
5,train,2424,2194
5,train,521,2195
5,train,996,2196
5,train,2620,2197
5,train,2693,2198
5,train,2351,2199
5,train,1105,2200
5,train,1996,2201
5,train,2325,2202
5,train,2608,2203
5,train,2491,2204
5,train,639,2205
5,train,364,2206
5,train,2026,2207
5,train,2507,2208
5,train,2180,2209
5,train,798,2210
5,train,912,2211
5,train,850,2212
5,train,2366,2213
5,train,414,2214
5,train,2738,2215
5,train,2290,2216
5,train,1588,2217
5,train,1599,2218
5,train,706,2219
5,train,2146,2220
5,train,2957,2221
5,train,1526,2222
5,train,145,2223
5,train,2732,2224
5,train,2567,2225
5,train,1975,2226
5,train,775,2227
5,train,1302,2228
5,train,2918,2229
5,train,662,2230
5,train,19,2231
5,train,2826,2232
5,train,482,2233
5,train,1484,2234
5,train,2868,2235
5,train,1390,2236
5,train,1664,2237
5,train,873,2238
5,train,1824,2239
5,train,392,2240
5,train,689,2241
5,train,13,2242
5,train,973,2243
5,train,967,2244
5,train,258,2245
5,train,1576,2246
5,train,1151,2247
5,train,492,2248
5,train,610,2249
5,train,1383,2250
5,train,2060,2251
5,train,2407,2252
5,train,2002,2253
5,train,960,2254
5,train,548,2255
5,train,2015,2256
5,train,2818,2257
5,train,1522,2258
5,train,2512,2259
5,train,1906,2260
5,train,206,2261
5,train,2291,2262
5,train,851,2263
5,train,1814,2264
5,train,1279,2265
5,train,2045,2266
5,train,351,2267
5,train,434,2268
5,train,2169,2269
5,train,2696,2270
5,train,2686,2271
5,train,821,2272
5,train,2964,2273
5,train,1659,2274
5,train,753,2275
5,train,269,2276
5,train,2100,2277
5,train,2033,2278
5,train,576,2279
5,train,2542,2280
5,train,1696,2281
5,train,2624,2282
5,train,1973,2283
5,train,1391,2284
5,train,1604,2285
5,train,464,2286
5,train,2453,2287
5,train,863,2288
5,train,149,2289
5,train,643,2290
5,train,555,2291
5,train,948,2292
5,train,85,2293
5,train,625,2294
5,train,2358,2295
5,train,1040,2296
5,train,1532,2297
5,train,49,2298
5,train,2134,2299
5,train,1122,2300
5,train,77,2301
5,train,2926,2302
5,train,449,2303
5,train,852,2304
5,train,542,2305
5,train,181,2306
5,train,152,2307
5,train,1330,2308
5,train,2550,2309
5,train,845,2310
5,train,2027,2311
5,train,1870,2312
5,train,1026,2313
5,train,937,2314
5,train,1961,2315
5,train,126,2316
5,train,2679,2317
5,train,2803,2318
5,train,2576,2319
5,train,1930,2320
5,train,293,2321
5,train,2070,2322
5,train,2574,2323
5,train,157,2324
5,train,1658,2325
5,train,2421,2326
5,train,2843,2327
5,train,930,2328
5,train,303,2329
5,train,1482,2330
5,train,977,2331
5,train,1818,2332
5,train,1312,2333
5,train,2474,2334
5,train,416,2335
5,train,2609,2336
5,train,9,2337
5,train,2314,2338
5,train,2896,2339
5,train,2020,2340
5,train,1989,2341
5,train,664,2342
5,train,946,2343
5,train,2510,2344
5,train,2086,2345
5,train,2638,2346
5,train,24,2347
5,train,797,2348
5,train,271,2349
5,train,2919,2350
5,train,1325,2351
5,train,137,2352
5,train,470,2353
5,train,1055,2354
5,train,599,2355
5,train,2503,2356
5,train,2145,2357
5,train,1517,2358
5,train,2806,2359
5,train,71,2360
5,train,771,2361
5,train,2215,2362
5,train,1014,2363
5,train,2116,2364
5,train,1844,2365
5,train,950,2366
5,train,510,2367
5,train,815,2368
5,train,1504,2369
5,train,2761,2370
5,train,424,2371
5,train,2451,2372
5,train,1940,2373
5,train,2505,2374
5,train,90,2375
5,train,1757,2376
5,train,1154,2377
5,train,1399,2378
5,train,611,2379
5,train,2099,2380
5,train,1324,2381
5,train,118,2382
5,train,1124,2383
5,train,2612,2384
5,train,1799,2385
5,train,1144,2386
5,train,780,2387
5,val,417,0
5,val,1235,1
5,val,2277,2
5,val,1064,3
5,val,2678,4
5,val,2401,5
5,val,1336,6
5,val,2368,7
5,val,1605,8
5,val,2037,9
5,val,2861,10
5,val,1128,11
5,val,2003,12
5,val,675,13
5,val,1586,14
5,val,2349,15
5,val,1879,16
5,val,1314,17
5,val,505,18
5,val,816,19
5,val,193,20
5,val,87,21
5,val,1938,22
5,val,1092,23
5,val,2633,24
5,val,448,25
5,val,494,26
5,val,1203,27
5,val,1022,28
5,val,2735,29
5,val,1900,30
5,val,218,31
5,val,2498,32
5,val,2600,33
5,val,1540,34
5,val,1779,35
5,val,723,36
5,val,1439,37
5,val,1983,38
5,val,1175,39
5,val,280,40
5,val,1407,41
5,val,2168,42
5,val,2754,43
5,val,330,44
5,val,563,45
5,val,344,46
5,val,2969,47
5,val,254,48
5,val,1464,49
5,val,2347,50
5,val,1001,51
5,val,2791,52
5,val,1855,53
5,val,2084,54
5,val,2928,55
5,val,1032,56
5,val,606,57
5,val,1731,58
5,val,2235,59
5,val,318,60
5,val,2630,61
5,val,1955,62
5,val,984,63
5,val,1158,64
5,val,2682,65
5,val,353,66
5,val,818,67
5,val,407,68
5,val,398,69
5,val,667,70
5,val,2913,71
5,val,2442,72
5,val,2078,73
5,val,1968,74
5,val,2744,75
5,val,229,76
5,val,2378,77
5,val,1880,78
5,val,154,79
5,val,607,80
5,val,2147,81
5,val,1156,82
5,val,1734,83
5,val,2866,84
5,val,1348,85
5,val,117,86
5,val,835,87
5,val,2298,88
5,val,754,89
5,val,247,90
5,val,100,91
5,val,699,92
5,val,503,93
5,val,1993,94
5,val,2729,95
5,val,2830,96
5,val,809,97
5,val,2935,98
5,val,862,99
5,val,91,100
5,val,285,101
5,val,1372,102
5,val,1292,103
5,val,1927,104
5,val,2801,105
5,val,953,106
5,val,384,107
5,val,2705,108
5,val,922,109
5,val,2076,110
5,val,709,111
5,val,2911,112
5,val,1752,113
5,val,2165,114
5,val,1489,115
5,val,864,116
5,val,390,117
5,val,1959,118
5,val,310,119
5,val,1335,120
5,val,1084,121
5,val,613,122
5,val,744,123
5,val,1549,124
5,val,1224,125
5,val,219,126
5,val,2061,127
5,val,2131,128
5,val,1194,129
5,val,1636,130
5,val,2627,131
5,val,148,132
5,val,1784,133
5,val,1285,134
5,val,2243,135
5,val,1891,136
5,val,2244,137
5,val,1332,138
5,val,1542,139
5,val,755,140
5,val,69,141
5,val,1470,142
5,val,1892,143
5,val,1416,144
5,val,1729,145
5,val,429,146
5,val,1571,147
5,val,2350,148
5,val,2540,149
5,val,2531,150
5,val,1869,151
5,val,2877,152
5,val,2831,153
5,val,1138,154
5,val,2898,155
5,val,920,156
5,val,1192,157
5,val,2857,158
5,val,2068,159
5,val,1274,160
5,val,430,161
5,val,2203,162
5,val,1699,163
5,val,484,164
5,val,631,165
5,val,1944,166
5,val,2832,167
5,val,2260,168
5,val,2080,169
5,val,2330,170
5,val,2809,171
5,val,1911,172
5,val,2195,173
5,val,1709,174
5,val,29,175
5,val,782,176
5,val,2339,177
5,val,1053,178
5,val,681,179
5,val,1529,180
5,val,1353,181
5,val,1370,182
5,val,2545,183
5,val,2644,184
5,val,418,185
5,val,1133,186
5,val,687,187
5,val,2495,188
5,val,2615,189
5,val,260,190
5,val,1616,191
5,val,1425,192
5,val,682,193
5,val,584,194
5,val,1541,195
5,val,637,196
5,val,626,197
5,val,1182,198
5,val,1948,199
5,val,1647,200
5,val,957,201
5,val,1563,202
5,val,2211,203
5,val,2074,204
5,val,1781,205
5,val,842,206
5,val,2152,207
5,val,1887,208
5,val,2309,209
5,val,1597,210
5,val,2132,211
5,val,2553,212
5,val,329,213
5,val,1500,214
5,val,2320,215
5,val,1081,216
5,val,2338,217
5,val,1648,218
5,val,1536,219
5,val,1602,220
5,val,1289,221
5,val,309,222
5,val,888,223
5,val,545,224
5,val,2622,225
5,val,105,226
5,val,163,227
5,val,658,228
5,val,2663,229
5,val,2493,230
5,val,2849,231
5,val,1747,232
5,val,2860,233
5,val,2379,234
5,val,1233,235
5,val,1958,236
5,val,1342,237
5,val,1714,238
5,val,942,239
5,val,1643,240
5,val,2056,241
5,val,2209,242
5,val,2611,243
5,val,551,244
5,val,1895,245
5,val,2137,246
5,val,2640,247
5,val,2101,248
5,val,579,249
5,val,453,250
5,val,1625,251
5,val,2313,252
5,val,1545,253
5,val,654,254
5,val,158,255
5,val,1379,256
5,val,1050,257
5,val,1654,258
5,val,2649,259
5,val,411,260
5,val,619,261
5,val,2977,262
5,val,2122,263
5,val,1309,264
5,val,1560,265
5,val,2885,266
5,val,2575,267
5,val,1099,268
5,val,1651,269
5,val,2077,270
5,val,2788,271
5,val,1749,272
5,val,883,273
5,val,1472,274
5,val,1843,275
5,val,890,276
5,val,46,277
5,val,2409,278
5,val,179,279
5,val,1173,280
5,val,2353,281
5,val,406,282
5,val,1589,283
5,val,2035,284
5,val,1434,285
5,val,683,286
5,val,265,287
5,val,884,288
5,val,1585,289
5,val,1222,290
5,val,1161,291
5,val,1004,292
5,val,2858,293
5,val,352,294
5,val,2262,295
5,val,166,296
5,val,2741,297
5,val,2157,298
6,train,1018,0
6,train,2125,1
6,train,1623,2
6,train,2812,3
6,train,1649,4
6,train,1156,5
6,train,1747,6
6,train,2974,7
6,train,75,8
6,train,1538,9
6,train,1349,10
6,train,2891,11
6,train,1158,12
6,train,2350,13
6,train,1580,14
6,train,1424,15
6,train,2475,16
6,train,422,17
6,train,2332,18
6,train,2571,19
6,train,705,20
6,train,1365,21
6,train,586,22
6,train,1187,23
6,train,512,24
6,train,1472,25
6,train,2703,26
6,train,2033,27
6,train,2011,28
6,train,1361,29
6,train,950,30
6,train,1559,31
6,train,525,32
6,train,1707,33
6,train,2072,34
6,train,1952,35
6,train,2522,36
6,train,2482,37
6,train,1487,38
6,train,1140,39
6,train,752,40
6,train,2805,41
6,train,2008,42
6,train,1905,43
6,train,195,44
6,train,2803,45
6,train,1787,46
6,train,1101,47
6,train,2159,48
6,train,937,49
6,train,972,50
6,train,253,51
6,train,959,52
6,train,2598,53
6,train,498,54
6,train,472,55
6,train,21,56
6,train,60,57
6,train,2975,58
6,train,447,59
6,train,448,60
6,train,1914,61
6,train,2750,62
6,train,87,63
6,train,2707,64
6,train,2508,65
6,train,2069,66
6,train,2854,67
6,train,910,68
6,train,1052,69
6,train,2561,70
6,train,522,71
6,train,1671,72
6,train,285,73
6,train,854,74
6,train,663,75
6,train,843,76
6,train,2770,77
6,train,1024,78
6,train,363,79
6,train,1022,80
6,train,1440,81
6,train,2270,82
6,train,1309,83
6,train,711,84
6,train,70,85
6,train,1304,86
6,train,2020,87
6,train,1259,88
6,train,1192,89
6,train,906,90
6,train,1245,91
6,train,2309,92
6,train,2426,93
6,train,617,94
6,train,2166,95
6,train,2181,96
6,train,2462,97
6,train,2741,98
6,train,359,99
6,train,2818,100
6,train,1297,101
6,train,1063,102
6,train,2,103
6,train,1903,104
6,train,1298,105
6,train,352,106
6,train,1595,107
6,train,569,108
6,train,864,109
6,train,2253,110
6,train,1733,111
6,train,574,112
6,train,1606,113
6,train,2414,114
6,train,57,115
6,train,1689,116
6,train,2716,117
6,train,2880,118
6,train,1223,119
6,train,1710,120
6,train,688,121
6,train,596,122
6,train,2293,123
6,train,1031,124
6,train,1708,125
6,train,2645,126
6,train,2643,127
6,train,1418,128
6,train,2028,129
6,train,1377,130
6,train,1805,131
6,train,1604,132
6,train,1962,133
6,train,2311,134
6,train,2917,135
6,train,696,136
6,train,1061,137
6,train,2205,138
6,train,2565,139
6,train,2600,140
6,train,2189,141
6,train,1453,142
6,train,2334,143
6,train,140,144
6,train,1220,145
6,train,2518,146
6,train,1586,147
6,train,618,148
6,train,2842,149
6,train,1357,150
6,train,2657,151
6,train,766,152
6,train,658,153
6,train,1482,154
6,train,890,155
6,train,2352,156
6,train,2977,157
6,train,1428,158
6,train,2387,159
6,train,1999,160
6,train,2846,161
6,train,2641,162
6,train,1243,163
6,train,2076,164
6,train,1866,165
6,train,377,166
6,train,147,167
6,train,2599,168
6,train,1774,169
6,train,407,170
6,train,523,171
6,train,517,172
6,train,489,173
6,train,1216,174
6,train,1484,175
6,train,1462,176
6,train,2432,177
6,train,2957,178
6,train,2926,179
6,train,1191,180
6,train,2856,181
6,train,1489,182
6,train,1924,183
6,train,1211,184
6,train,2310,185
6,train,901,186
6,train,193,187
6,train,539,188
6,train,1619,189
6,train,136,190
6,train,920,191
6,train,1948,192
6,train,701,193
6,train,1680,194
6,train,1684,195
6,train,1363,196
6,train,2691,197
6,train,988,198
6,train,1006,199
6,train,994,200
6,train,989,201
6,train,1283,202
6,train,1470,203
6,train,99,204
6,train,1828,205
6,train,520,206
6,train,1329,207
6,train,2179,208
6,train,19,209
6,train,286,210
6,train,1845,211
6,train,1673,212
6,train,825,213
6,train,1071,214
6,train,1114,215
6,train,1095,216
6,train,1508,217
6,train,320,218
6,train,755,219
6,train,2747,220
6,train,1051,221
6,train,1533,222
6,train,2114,223
6,train,1447,224
6,train,1454,225
6,train,2665,226
6,train,2831,227
6,train,327,228
6,train,2499,229
6,train,428,230
6,train,2354,231
6,train,272,232
6,train,2650,233
6,train,907,234
6,train,2915,235
6,train,2392,236
6,train,2382,237
6,train,72,238
6,train,2592,239
6,train,1598,240
6,train,227,241
6,train,947,242
6,train,2971,243
6,train,800,244
6,train,1067,245
6,train,1518,246
6,train,1938,247
6,train,2530,248
6,train,614,249
6,train,1573,250
6,train,813,251
6,train,2326,252
6,train,1545,253
6,train,774,254
6,train,2721,255
6,train,1076,256
6,train,883,257
6,train,2890,258
6,train,2214,259
6,train,856,260
6,train,1859,261
6,train,1181,262
6,train,427,263
6,train,1608,264
6,train,297,265
6,train,572,266
6,train,415,267
6,train,625,268
6,train,745,269
6,train,1355,270
6,train,2143,271
6,train,703,272
6,train,2847,273
6,train,1049,274
6,train,1616,275
6,train,2738,276
6,train,2250,277
6,train,1817,278
6,train,2745,279
6,train,2931,280
6,train,833,281
6,train,2080,282
6,train,2146,283
6,train,2609,284
6,train,1831,285
6,train,2622,286
6,train,2607,287
6,train,779,288
6,train,2049,289
6,train,1044,290
6,train,2786,291
6,train,1331,292
6,train,54,293
6,train,1332,294
6,train,231,295
6,train,1479,296
6,train,2404,297
6,train,1334,298
6,train,1757,299
6,train,475,300
6,train,935,301
6,train,2923,302
6,train,200,303
6,train,1547,304
6,train,2298,305
6,train,2286,306
6,train,2737,307
6,train,1056,308
6,train,2640,309
6,train,1427,310
6,train,860,311
6,train,1700,312
6,train,639,313
6,train,1793,314
6,train,1667,315
6,train,716,316
6,train,1958,317
6,train,2267,318
6,train,2740,319
6,train,1290,320
6,train,2515,321
6,train,1544,322
6,train,1323,323
6,train,2449,324
6,train,284,325
6,train,2896,326
6,train,2791,327
6,train,2715,328
6,train,480,329
6,train,2496,330
6,train,1293,331
6,train,2528,332
6,train,1724,333
6,train,2928,334
6,train,753,335
6,train,493,336
6,train,2448,337
6,train,2356,338
6,train,568,339
6,train,1949,340
6,train,607,341
6,train,2866,342
6,train,2192,343
6,train,77,344
6,train,2545,345
6,train,1415,346
6,train,2158,347
6,train,1781,348
6,train,2003,349
6,train,281,350
6,train,925,351
6,train,2617,352
6,train,2077,353
6,train,2194,354
6,train,2968,355
6,train,1916,356
6,train,2215,357
6,train,1628,358
6,train,2336,359
6,train,859,360
6,train,1486,361
6,train,2820,362
6,train,2045,363
6,train,430,364
6,train,2360,365
6,train,1772,366
6,train,238,367
6,train,2241,368
6,train,2937,369
6,train,1162,370
6,train,1581,371
6,train,1130,372
6,train,2424,373
6,train,224,374
6,train,2613,375
6,train,1221,376
6,train,1011,377
6,train,1005,378
6,train,1386,379
6,train,2251,380
6,train,347,381
6,train,223,382
6,train,2437,383
6,train,2220,384
6,train,329,385
6,train,59,386
6,train,1400,387
6,train,2082,388
6,train,1008,389
6,train,1840,390
6,train,599,391
6,train,643,392
6,train,2816,393
6,train,68,394
6,train,2593,395
6,train,683,396
6,train,110,397
6,train,1622,398
6,train,369,399
6,train,1985,400
6,train,2698,401
6,train,770,402
6,train,1444,403
6,train,587,404
6,train,2104,405
6,train,476,406
6,train,1506,407
6,train,2047,408
6,train,1745,409
6,train,2140,410
6,train,2266,411
6,train,562,412
6,train,1088,413
6,train,1080,414
6,train,2503,415
6,train,782,416
6,train,741,417
6,train,1041,418
6,train,2940,419
6,train,2500,420
6,train,104,421
6,train,1743,422
6,train,444,423
6,train,2574,424
6,train,2762,425
6,train,1253,426
6,train,2400,427
6,train,2054,428
6,train,2671,429
6,train,1296,430
6,train,726,431
6,train,2731,432
6,train,1584,433
6,train,2865,434
6,train,370,435
6,train,1248,436
6,train,930,437
6,train,1676,438
6,train,385,439
6,train,139,440
6,train,2379,441
6,train,771,442
6,train,1471,443
6,train,384,444
6,train,403,445
6,train,2523,446
6,train,150,447
6,train,2693,448
6,train,2476,449
6,train,2777,450
6,train,2464,451
6,train,2489,452
6,train,2796,453
6,train,1306,454
6,train,2825,455
6,train,2539,456
6,train,1633,457
6,train,13,458
6,train,2497,459
6,train,1979,460
6,train,2870,461
6,train,2335,462
6,train,2800,463
6,train,2554,464
6,train,358,465
6,train,1050,466
6,train,2939,467
6,train,699,468
6,train,1009,469
6,train,2513,470
6,train,2857,471
6,train,425,472
6,train,280,473
6,train,2470,474
6,train,641,475
6,train,2973,476
6,train,2644,477
6,train,1189,478
6,train,2025,479
6,train,1858,480
6,train,1626,481
6,train,921,482
6,train,1183,483
6,train,2440,484
6,train,1178,485
6,train,1389,486
6,train,2720,487
6,train,290,488
6,train,751,489
6,train,166,490
6,train,2524,491
6,train,2037,492
6,train,1224,493
6,train,1399,494
6,train,1039,495
6,train,1904,496
6,train,1473,497
6,train,1613,498
6,train,2327,499
6,train,1509,500
6,train,2859,501
6,train,697,502
6,train,2631,503
6,train,2221,504
6,train,2577,505
6,train,1549,506
6,train,183,507
6,train,2487,508
6,train,271,509
6,train,387,510
6,train,1157,511
6,train,2979,512
6,train,43,513
6,train,113,514
6,train,1946,515
6,train,309,516
6,train,747,517
6,train,1202,518
6,train,2733,519
6,train,1788,520
6,train,2795,521
6,train,2537,522
6,train,558,523
6,train,2864,524
6,train,1255,525
6,train,1735,526
6,train,1151,527
6,train,2879,528
6,train,2781,529
6,train,470,530
6,train,1086,531
6,train,2456,532
6,train,295,533
6,train,570,534
6,train,35,535
6,train,2478,536
6,train,1096,537
6,train,1028,538
6,train,938,539
6,train,1782,540
6,train,2122,541
6,train,374,542
6,train,2211,543
6,train,2347,544
6,train,490,545
6,train,371,546
6,train,458,547
6,train,1687,548
6,train,606,549
6,train,2826,550
6,train,1383,551
6,train,50,552
6,train,908,553
6,train,2105,554
6,train,1940,555
6,train,1574,556
6,train,484,557
6,train,2333,558
6,train,127,559
6,train,579,560
6,train,815,561
6,train,1783,562
6,train,1594,563
6,train,2201,564
6,train,2681,565
6,train,2442,566
6,train,808,567
6,train,1280,568
6,train,394,569
6,train,2739,570
6,train,2594,571
6,train,839,572
6,train,613,573
6,train,20,574
6,train,1340,575
6,train,646,576
6,train,2123,577
6,train,963,578
6,train,1779,579
6,train,2714,580
6,train,768,581
6,train,2769,582
6,train,1889,583
6,train,2180,584
6,train,1075,585
6,train,2792,586
6,train,2337,587
6,train,852,588
6,train,208,589
6,train,2772,590
6,train,303,591
6,train,595,592
6,train,2636,593
6,train,2021,594
6,train,2570,595
6,train,1725,596
6,train,1129,597
6,train,2952,598
6,train,2836,599
6,train,1520,600
6,train,1918,601
6,train,2978,602
6,train,1742,603
6,train,803,604
6,train,2754,605
6,train,2410,606
6,train,1300,607
6,train,1477,608
6,train,2331,609
6,train,887,610
6,train,1939,611
6,train,1847,612
6,train,1814,613
6,train,340,614
6,train,2662,615
6,train,2760,616
6,train,276,617
6,train,561,618
6,train,131,619
6,train,1468,620
6,train,453,621
6,train,795,622
6,train,315,623
6,train,2808,624
6,train,2830,625
6,train,1021,626
6,train,1799,627
6,train,248,628
6,train,2467,629
6,train,1174,630
6,train,149,631
6,train,1585,632
6,train,1615,633
6,train,1123,634
6,train,2580,635
6,train,823,636
6,train,1503,637
6,train,1638,638
6,train,1317,639
6,train,1976,640
6,train,898,641
6,train,237,642
6,train,2226,643
6,train,2087,644
6,train,660,645
6,train,2279,646
6,train,2778,647
6,train,2553,648
6,train,948,649
6,train,2257,650
6,train,1177,651
6,train,1445,652
6,train,1370,653
6,train,2225,654
6,train,2913,655
6,train,1552,656
6,train,454,657
6,train,1469,658
6,train,2690,659
6,train,2268,660
6,train,2832,661
6,train,1884,662
6,train,2941,663
6,train,761,664
6,train,2230,665
6,train,345,666
6,train,1775,667
6,train,1492,668
6,train,262,669
6,train,441,670
6,train,2689,671
6,train,2965,672
6,train,1160,673
6,train,1200,674
6,train,2059,675
6,train,2216,676
6,train,2669,677
6,train,2375,678
6,train,1531,679
6,train,2850,680
6,train,1327,681
6,train,2359,682
6,train,1602,683
6,train,2620,684
6,train,735,685
6,train,1358,686
6,train,2091,687
6,train,730,688
6,train,2461,689
6,train,2157,690
6,train,796,691
6,train,2798,692
6,train,1650,693
6,train,1098,694
6,train,2386,695
6,train,2034,696
6,train,592,697
6,train,277,698
6,train,488,699
6,train,1784,700
6,train,1233,701
6,train,1855,702
6,train,2950,703
6,train,1802,704
6,train,1583,705
6,train,1336,706
6,train,1448,707
6,train,1319,708
6,train,1242,709
6,train,2174,710
6,train,1171,711
6,train,2677,712
6,train,2678,713
6,train,2692,714
6,train,2935,715
6,train,69,716
6,train,1785,717
6,train,1407,718
6,train,1636,719
6,train,412,720
6,train,243,721
6,train,1134,722
6,train,2735,723
6,train,2728,724
6,train,2294,725
6,train,2724,726
6,train,1652,727
6,train,2081,728
6,train,521,729
6,train,992,730
6,train,2908,731
6,train,2905,732
6,train,1385,733
6,train,12,734
6,train,2829,735
6,train,2365,736
6,train,2504,737
6,train,339,738
6,train,1756,739
6,train,473,740
6,train,1665,741
6,train,2134,742
6,train,1568,743
6,train,2190,744
6,train,9,745
6,train,2030,746
6,train,2806,747
6,train,630,748
6,train,777,749
6,train,1307,750
6,train,282,751
6,train,2421,752
6,train,863,753
6,train,1451,754
6,train,2672,755
6,train,1592,756
6,train,316,757
6,train,1244,758
6,train,2097,759
6,train,2668,760
6,train,2198,761
6,train,2142,762
6,train,2543,763
6,train,265,764
6,train,2281,765
6,train,1543,766
6,train,689,767
6,train,733,768
6,train,941,769
6,train,1404,770
6,train,2247,771
6,train,2853,772
6,train,1917,773
6,train,2562,774
6,train,588,775
6,train,2557,776
6,train,2776,777
6,train,783,778
6,train,2708,779
6,train,305,780
6,train,2161,781
6,train,15,782
6,train,160,783
6,train,923,784
6,train,891,785
6,train,1719,786
6,train,2534,787
6,train,219,788
6,train,2418,789
6,train,1754,790
6,train,2018,791
6,train,29,792
6,train,334,793
6,train,361,794
6,train,1970,795
6,train,466,796
6,train,2183,797
6,train,1069,798
6,train,1610,799
6,train,1879,800
6,train,1014,801
6,train,2052,802
6,train,1433,803
6,train,1163,804
6,train,1218,805
6,train,2773,806
6,train,2719,807
6,train,357,808
6,train,65,809
6,train,1766,810
6,train,679,811
6,train,1558,812
6,train,1791,813
6,train,2472,814
6,train,944,815
6,train,1431,816
6,train,1499,817
6,train,2872,818
6,train,939,819
6,train,1844,820
6,train,841,821
6,train,1421,822
6,train,1034,823
6,train,1998,824
6,train,627,825
6,train,2884,826
6,train,2044,827
6,train,850,828
6,train,197,829
6,train,86,830
6,train,1960,831
6,train,468,832
6,train,2525,833
6,train,2797,834
6,train,2371,835
6,train,2234,836
6,train,2162,837
6,train,698,838
6,train,659,839
6,train,1955,840
6,train,62,841
6,train,2676,842
6,train,3,843
6,train,1856,844
6,train,83,845
6,train,916,846
6,train,2785,847
6,train,461,848
6,train,926,849
6,train,1651,850
6,train,1480,851
6,train,2494,852
6,train,40,853
6,train,1677,854
6,train,1495,855
6,train,2176,856
6,train,966,857
6,train,2369,858
6,train,2408,859
6,train,2784,860
6,train,1751,861
6,train,135,862
6,train,1093,863
6,train,1591,864
6,train,2898,865
6,train,541,866
6,train,1235,867
6,train,1753,868
6,train,971,869
6,train,1588,870
6,train,1,871
6,train,1411,872
6,train,686,873
6,train,2572,874
6,train,1971,875
6,train,560,876
6,train,1744,877
6,train,2697,878
6,train,1864,879
6,train,2324,880
6,train,1722,881
6,train,1003,882
6,train,1062,883
6,train,1997,884
6,train,584,885
6,train,2582,886
6,train,2765,887
6,train,1734,888
6,train,780,889
6,train,2009,890
6,train,1853,891
6,train,2635,892
6,train,414,893
6,train,214,894
6,train,1548,895
6,train,1234,896
6,train,927,897
6,train,143,898
6,train,1219,899
6,train,2345,900
6,train,2263,901
6,train,744,902
6,train,4,903
6,train,1042,904
6,train,2074,905
6,train,1082,906
6,train,826,907
6,train,452,908
6,train,48,909
6,train,1324,910
6,train,1878,911
6,train,2407,912
6,train,672,913
6,train,1284,914
6,train,1359,915
6,train,1786,916
6,train,2483,917
6,train,514,918
6,train,656,919
6,train,1713,920
6,train,1920,921
6,train,1576,922
6,train,2729,923
6,train,2203,924
6,train,722,925
6,train,571,926
6,train,2452,927
6,train,2269,928
6,train,2101,929
6,train,2852,930
6,train,1108,931
6,train,241,932
6,train,1258,933
6,train,1690,934
6,train,2262,935
6,train,337,936
6,train,2619,937
6,train,1198,938
6,train,2112,939
6,train,897,940
6,train,2881,941
6,train,1279,942
6,train,1208,943
6,train,2789,944
6,train,654,945
6,train,872,946
6,train,671,947
6,train,2453,948
6,train,1231,949
6,train,2932,950
6,train,397,951
6,train,2863,952
6,train,107,953
6,train,2351,954
6,train,1885,955
6,train,79,956
6,train,2409,957
6,train,1406,958
6,train,1060,959
6,train,1092,960
6,train,626,961
6,train,319,962
6,train,666,963
6,train,2060,964
6,train,1968,965
6,train,1032,966
6,train,1869,967
6,train,2006,968
6,train,85,969
6,train,1986,970
6,train,820,971
6,train,2177,972
6,train,2184,973
6,train,674,974
6,train,794,975
6,train,1064,976
6,train,2492,977
6,train,132,978
6,train,1226,979
6,train,46,980
6,train,1942,981
6,train,1935,982
6,train,661,983
6,train,632,984
6,train,902,985
6,train,2302,986
6,train,1374,987
6,train,956,988
6,train,603,989
6,train,2124,990
6,train,23,991
6,train,2736,992
6,train,2055,993
6,train,1066,994
6,train,1333,995
6,train,1434,996
6,train,881,997
6,train,2912,998
6,train,609,999
6,train,2238,1000
6,train,2197,1001
6,train,653,1002
6,train,724,1003
6,train,2312,1004
6,train,108,1005
6,train,2661,1006
6,train,1037,1007
6,train,2173,1008
6,train,252,1009
6,train,2966,1010
6,train,419,1011
6,train,2468,1012
6,train,2313,1013
6,train,2871,1014
6,train,2417,1015
6,train,2744,1016
6,train,2648,1017
6,train,2384,1018
6,train,1282,1019
6,train,885,1020
6,train,1125,1021
6,train,2471,1022
6,train,2544,1023
6,train,2682,1024
6,train,1277,1025
6,train,1888,1026
6,train,2783,1027
6,train,1247,1028
6,train,2844,1029
6,train,2374,1030
6,train,2918,1031
6,train,1012,1032
6,train,2673,1033
6,train,2038,1034
6,train,2667,1035
6,train,2328,1036
6,train,2156,1037
6,train,66,1038
6,train,1911,1039
6,train,1416,1040
6,train,1810,1041
6,train,2514,1042
6,train,2264,1043
6,train,576,1044
6,train,2063,1045
6,train,664,1046
6,train,1168,1047
6,train,1054,1048
6,train,1236,1049
6,train,590,1050
6,train,986,1051
6,train,1328,1052
6,train,2061,1053
6,train,2444,1054
6,train,2614,1055
6,train,1201,1056
6,train,1963,1057
6,train,793,1058
6,train,2147,1059
6,train,2638,1060
6,train,1368,1061
6,train,2551,1062
6,train,2706,1063
6,train,953,1064
6,train,2145,1065
6,train,356,1066
6,train,155,1067
6,train,580,1068
6,train,2191,1069
6,train,1139,1070
6,train,159,1071
6,train,886,1072
6,train,2680,1073
6,train,2075,1074
6,train,1516,1075
6,train,1488,1076
6,train,557,1077
6,train,1521,1078
6,train,1923,1079
6,train,306,1080
6,train,270,1081
6,train,421,1082
6,train,791,1083
6,train,500,1084
6,train,1931,1085
6,train,2845,1086
6,train,2090,1087
6,train,1027,1088
6,train,2193,1089
6,train,2897,1090
6,train,636,1091
6,train,2723,1092
6,train,1697,1093
6,train,257,1094
6,train,2433,1095
6,train,1967,1096
6,train,635,1097
6,train,2007,1098
6,train,1969,1099
6,train,2218,1100
6,train,1965,1101
6,train,2486,1102
6,train,1569,1103
6,train,1640,1104
6,train,1654,1105
6,train,1029,1106
6,train,1147,1107
6,train,100,1108
6,train,1714,1109
6,train,2821,1110
6,train,2231,1111
6,train,2794,1112
6,train,1133,1113
6,train,1826,1114
6,train,2401,1115
6,train,402,1116
6,train,2474,1117
6,train,1926,1118
6,train,1264,1119
6,train,1863,1120
6,train,2959,1121
6,train,1436,1122
6,train,853,1123
6,train,2200,1124
6,train,1126,1125
6,train,1425,1126
6,train,1846,1127
6,train,1587,1128
6,train,260,1129
6,train,519,1130
6,train,2851,1131
6,train,2022,1132
6,train,242,1133
6,train,2827,1134
6,train,1563,1135
6,train,2628,1136
6,train,912,1137
6,train,1439,1138
6,train,225,1139
6,train,1900,1140
6,train,2695,1141
6,train,2874,1142
6,train,367,1143
6,train,1927,1144
6,train,540,1145
6,train,167,1146
6,train,2050,1147
6,train,834,1148
6,train,2663,1149
6,train,395,1150
6,train,2460,1151
6,train,969,1152
6,train,1153,1153
6,train,1135,1154
6,train,2964,1155
6,train,2519,1156
6,train,185,1157
6,train,893,1158
6,train,97,1159
6,train,2626,1160
6,train,2204,1161
6,train,1343,1162
6,train,1815,1163
6,train,312,1164
6,train,2701,1165
6,train,2538,1166
6,train,1740,1167
6,train,2376,1168
6,train,2828,1169
6,train,1498,1170
6,train,497,1171
6,train,366,1172
6,train,1566,1173
6,train,157,1174
6,train,2837,1175
6,train,1308,1176
6,train,1238,1177
6,train,2363,1178
6,train,2922,1179
6,train,222,1180
6,train,858,1181
6,train,529,1182
6,train,380,1183
6,train,2927,1184
6,train,1919,1185
6,train,936,1186
6,train,1792,1187
6,train,773,1188
6,train,2761,1189
6,train,1589,1190
6,train,788,1191
6,train,207,1192
6,train,2892,1193
6,train,875,1194
6,train,2416,1195
6,train,2878,1196
6,train,1881,1197
6,train,1276,1198
6,train,111,1199
6,train,10,1200
6,train,1882,1201
6,train,390,1202
6,train,550,1203
6,train,2686,1204
6,train,2911,1205
6,train,1642,1206
6,train,176,1207
6,train,1777,1208
6,train,553,1209
6,train,1709,1210
6,train,94,1211
6,train,450,1212
6,train,1913,1213
6,train,1252,1214
6,train,760,1215
6,train,842,1216
6,train,1346,1217
6,train,2512,1218
6,train,2602,1219
6,train,600,1220
6,train,1639,1221
6,train,2612,1222
6,train,2656,1223
6,train,187,1224
6,train,662,1225
6,train,483,1226
6,train,372,1227
6,train,128,1228
6,train,2835,1229
6,train,845,1230
6,train,2904,1231
6,train,1256,1232
6,train,515,1233
6,train,2834,1234
6,train,2126,1235
6,train,307,1236
6,train,2153,1237
6,train,2888,1238
6,train,2886,1239
6,train,2258,1240
6,train,2887,1241
6,train,1228,1242
6,train,2265,1243
6,train,2420,1244
6,train,1870,1245
6,train,789,1246
6,train,1561,1247
6,train,2625,1248
6,train,931,1249
6,train,1663,1250
6,train,734,1251
6,train,206,1252
6,train,2868,1253
6,train,2587,1254
6,train,961,1255
6,train,1818,1256
6,train,2209,1257
6,train,55,1258
6,train,2802,1259
6,train,1388,1260
6,train,1761,1261
6,train,814,1262
6,train,695,1263
6,train,737,1264
6,train,1354,1265
6,train,1318,1266
6,train,119,1267
6,train,2976,1268
6,train,328,1269
6,train,2260,1270
6,train,1755,1271
6,train,1661,1272
6,train,31,1273
6,train,896,1274
6,train,851,1275
6,train,1572,1276
6,train,1033,1277
6,train,2217,1278
6,train,1704,1279
6,train,1179,1280
6,train,2232,1281
6,train,278,1282
6,train,1688,1283
6,train,2131,1284
6,train,1907,1285
6,train,729,1286
6,train,1887,1287
6,train,2910,1288
6,train,2427,1289
6,train,365,1290
6,train,977,1291
6,train,2899,1292
6,train,1512,1293
6,train,101,1294
6,train,308,1295
6,train,1348,1296
6,train,1310,1297
6,train,446,1298
6,train,775,1299
6,train,2752,1300
6,train,855,1301
6,train,255,1302
6,train,1251,1303
6,train,987,1304
6,train,1989,1305
6,train,809,1306
6,train,975,1307
6,train,1632,1308
6,train,1705,1309
6,train,1723,1310
6,train,749,1311
6,train,164,1312
6,train,1686,1313
6,train,2771,1314
6,train,53,1315
6,train,2380,1316
6,train,1263,1317
6,train,1891,1318
6,train,2277,1319
6,train,1267,1320
6,train,1017,1321
6,train,459,1322
6,train,2759,1323
6,train,583,1324
6,train,1491,1325
6,train,1227,1326
6,train,924,1327
6,train,259,1328
6,train,1975,1329
6,train,2647,1330
6,train,945,1331
6,train,37,1332
6,train,2948,1333
6,train,1597,1334
6,train,1053,1335
6,train,2305,1336
6,train,546,1337
6,train,1413,1338
6,train,2526,1339
6,train,263,1340
6,train,2000,1341
6,train,957,1342
6,train,1993,1343
6,train,2155,1344
6,train,846,1345
6,train,118,1346
6,train,1928,1347
6,train,2955,1348
6,train,267,1349
6,train,2942,1350
6,train,1984,1351
6,train,1449,1352
6,train,1670,1353
6,train,2364,1354
6,train,1335,1355
6,train,2378,1356
6,train,1780,1357
6,train,648,1358
6,train,254,1359
6,train,2882,1360
6,train,2185,1361
6,train,1118,1362
6,train,1443,1363
6,train,1980,1364
6,train,1822,1365
6,train,2732,1366
6,train,333,1367
6,train,198,1368
6,train,2660,1369
6,train,360,1370
6,train,1438,1371
6,train,1857,1372
6,train,1105,1373
6,train,1210,1374
6,train,2841,1375
6,train,952,1376
6,train,717,1377
6,train,1803,1378
6,train,1155,1379
6,train,400,1380
6,train,714,1381
6,train,2902,1382
6,train,1342,1383
6,train,2053,1384
6,train,2325,1385
6,train,2342,1386
6,train,932,1387
6,train,552,1388
6,train,2026,1389
6,train,597,1390
6,train,1906,1391
6,train,710,1392
6,train,1338,1393
6,train,1239,1394
6,train,1464,1395
6,train,1739,1396
6,train,1982,1397
6,train,2855,1398
6,train,1564,1399
6,train,2711,1400
6,train,1419,1401
6,train,1494,1402
6,train,2615,1403
6,train,2725,1404
6,train,575,1405
6,train,542,1406
6,train,115,1407
6,train,866,1408
6,train,960,1409
6,train,2548,1410
6,train,758,1411
6,train,495,1412
6,train,1122,1413
6,train,2466,1414
6,train,1314,1415
6,train,1380,1416
6,train,2287,1417
6,train,2292,1418
6,train,78,1419
6,train,2348,1420
6,train,2014,1421
6,train,33,1422
6,train,1058,1423
6,train,2611,1424
6,train,2477,1425
6,train,2450,1426
6,train,2296,1427
6,train,1019,1428
6,train,2595,1429
6,train,2473,1430
6,train,824,1431
6,train,657,1432
6,train,784,1433
6,train,2272,1434
6,train,2095,1435
6,train,2501,1436
6,train,1302,1437
6,train,2195,1438
6,train,1945,1439
6,train,1728,1440
6,train,1678,1441
6,train,2653,1442
6,train,2393,1443
6,train,591,1444
6,train,847,1445
6,train,2340,1446
6,train,1132,1447
6,train,1077,1448
6,train,462,1449
6,train,2133,1450
6,train,1412,1451
6,train,786,1452
6,train,2883,1453
6,train,121,1454
6,train,2885,1455
6,train,2734,1456
6,train,1367,1457
6,train,1718,1458
6,train,2560,1459
6,train,1557,1460
6,train,1111,1461
6,train,2088,1462
6,train,2383,1463
6,train,2164,1464
6,train,2984,1465
6,train,835,1466
6,train,232,1467
6,train,2546,1468
6,train,577,1469
6,train,496,1470
6,train,2169,1471
6,train,673,1472
6,train,1617,1473
6,train,1964,1474
6,train,2801,1475
6,train,1225,1476
6,train,2914,1477
6,train,2067,1478
6,train,1959,1479
6,train,2960,1480
6,train,1635,1481
6,train,1429,1482
6,train,2569,1483
6,train,234,1484
6,train,1262,1485
6,train,1758,1486
6,train,406,1487
6,train,2517,1488
6,train,828,1489
6,train,2013,1490
6,train,1838,1491
6,train,205,1492
6,train,1510,1493
6,train,2236,1494
6,train,2980,1495
6,train,721,1496
6,train,378,1497
6,train,1026,1498
6,train,275,1499
6,train,1184,1500
6,train,1215,1501
6,train,797,1502
6,train,1648,1503
6,train,95,1504
6,train,983,1505
6,train,24,1506
6,train,2633,1507
6,train,314,1508
6,train,2390,1509
6,train,1699,1510
6,train,1375,1511
6,train,1269,1512
6,train,895,1513
6,train,1103,1514
6,train,2949,1515
6,train,2768,1516
6,train,2150,1517
6,train,318,1518
6,train,2048,1519
6,train,1000,1520
6,train,2982,1521
6,train,120,1522
6,train,1270,1523
6,train,798,1524
6,train,2536,1525
6,train,2849,1526
6,train,1320,1527
6,train,2362,1528
6,train,2224,1529
6,train,604,1530
6,train,1260,1531
6,train,2967,1532
6,train,1299,1533
6,train,2584,1534
6,train,534,1535
6,train,417,1536
6,train,2108,1537
6,train,106,1538
6,train,563,1539
6,train,2502,1540
6,train,353,1541
6,train,1537,1542
6,train,955,1543
6,train,1961,1544
6,train,1806,1545
6,train,2642,1546
6,train,434,1547
6,train,1458,1548
6,train,2358,1549
6,train,1055,1550
6,train,2109,1551
6,train,1631,1552
6,train,2958,1553
6,train,216,1554
6,train,1072,1555
6,train,1542,1556
6,train,1420,1557
6,train,1417,1558
6,train,1532,1559
6,train,2465,1560
6,train,778,1561
6,train,821,1562
6,train,1475,1563
6,train,90,1564
6,train,2925,1565
6,train,655,1566
6,train,2981,1567
6,train,2118,1568
6,train,1023,1569
6,train,126,1570
6,train,709,1571
6,train,2447,1572
6,train,2300,1573
6,train,342,1574
6,train,398,1575
6,train,1232,1576
6,train,1169,1577
6,train,2330,1578
6,train,1148,1579
6,train,619,1580
6,train,702,1581
6,train,2627,1582
6,train,258,1583
6,train,585,1584
6,train,1947,1585
6,train,58,1586
6,train,1551,1587
6,train,762,1588
6,train,482,1589
6,train,2032,1590
6,train,2726,1591
6,train,1173,1592
6,train,1748,1593
6,train,1459,1594
6,train,2027,1595
6,train,2454,1596
6,train,2135,1597
6,train,181,1598
6,train,677,1599
6,train,1625,1600
6,train,1128,1601
6,train,687,1602
6,train,918,1603
6,train,1036,1604
6,train,1524,1605
6,train,274,1606
6,train,310,1607
6,train,725,1608
6,train,2542,1609
6,train,349,1610
6,train,1394,1611
6,train,2604,1612
6,train,449,1613
6,train,1702,1614
6,train,2338,1615
6,train,1696,1616
6,train,942,1617
6,train,513,1618
6,train,1908,1619
6,train,1909,1620
6,train,1987,1621
6,train,2758,1622
6,train,1398,1623
6,train,1865,1624
6,train,888,1625
6,train,1832,1626
6,train,2774,1627
6,train,2699,1628
6,train,638,1629
6,train,1658,1630
6,train,865,1631
6,train,186,1632
6,train,665,1633
6,train,2349,1634
6,train,1556,1635
6,train,2983,1636
6,train,819,1637
6,train,348,1638
6,train,1466,1639
6,train,2901,1640
6,train,1643,1641
6,train,61,1642
6,train,1890,1643
6,train,1737,1644
6,train,1084,1645
6,train,2590,1646
6,train,1390,1647
6,train,7,1648
6,train,763,1649
6,train,2493,1650
6,train,2811,1651
6,train,217,1652
6,train,2423,1653
6,train,1668,1654
6,train,436,1655
6,train,767,1656
6,train,2685,1657
6,train,1301,1658
6,train,388,1659
6,train,2933,1660
6,train,109,1661
6,train,984,1662
6,train,2137,1663
6,train,1059,1664
6,train,1138,1665
6,train,456,1666
6,train,911,1667
6,train,1851,1668
6,train,2115,1669
6,train,304,1670
6,train,492,1671
6,train,1166,1672
6,train,245,1673
6,train,1461,1674
6,train,1575,1675
6,train,1030,1676
6,train,156,1677
6,train,1152,1678
6,train,946,1679
6,train,1194,1680
6,train,1094,1681
6,train,1197,1682
6,train,1403,1683
6,train,2674,1684
6,train,624,1685
6,train,2629,1686
6,train,437,1687
6,train,582,1688
6,train,611,1689
6,train,1513,1690
6,train,210,1691
6,train,1109,1692
6,train,2951,1693
6,train,720,1694
6,train,1073,1695
6,train,133,1696
6,train,199,1697
6,train,949,1698
6,train,1493,1699
6,train,16,1700
6,train,2297,1701
6,train,2243,1702
6,train,1930,1703
6,train,1099,1704
6,train,2889,1705
6,train,2869,1706
6,train,2962,1707
6,train,431,1708
6,train,968,1709
6,train,909,1710
6,train,913,1711
6,train,2843,1712
6,train,1529,1713
6,train,82,1714
6,train,2355,1715
6,train,533,1716
6,train,1801,1717
6,train,1205,1718
6,train,235,1719
6,train,2306,1720
6,train,589,1721
6,train,2790,1722
6,train,799,1723
6,train,1653,1724
6,train,2100,1725
6,train,1541,1726
6,train,934,1727
6,train,1257,1728
6,train,2506,1729
6,train,2178,1730
6,train,22,1731
6,train,530,1732
6,train,1683,1733
6,train,2119,1734
6,train,1823,1735
6,train,754,1736
6,train,2245,1737
6,train,848,1738
6,train,982,1739
6,train,2314,1740
6,train,2520,1741
6,train,748,1742
6,train,2252,1743
6,train,266,1744
6,train,743,1745
6,train,383,1746
6,train,1620,1747
6,train,2316,1748
6,train,1149,1749
6,train,1395,1750
6,train,2078,1751
6,train,1288,1752
6,train,2596,1753
6,train,723,1754
6,train,2024,1755
6,train,1992,1756
6,train,1794,1757
6,train,1517,1758
6,train,47,1759
6,train,1294,1760
6,train,283,1761
6,train,647,1762
6,train,2875,1763
6,train,423,1764
6,train,2930,1765
6,train,2152,1766
6,train,1849,1767
6,train,381,1768
6,train,1611,1769
6,train,1170,1770
6,train,1862,1771
6,train,204,1772
6,train,610,1773
6,train,2094,1774
6,train,2920,1775
6,train,518,1776
6,train,1694,1777
6,train,247,1778
6,train,2322,1779
6,train,429,1780
6,train,1496,1781
6,train,145,1782
6,train,1246,1783
6,train,1311,1784
6,train,849,1785
6,train,2684,1786
6,train,89,1787
6,train,2098,1788
6,train,905,1789
6,train,71,1790
6,train,313,1791
6,train,2552,1792
6,train,26,1793
6,train,2341,1794
6,train,1291,1795
6,train,2042,1796
6,train,1934,1797
6,train,943,1798
6,train,1527,1799
6,train,338,1800
6,train,168,1801
6,train,1880,1802
6,train,1778,1803
6,train,772,1804
6,train,292,1805
6,train,876,1806
6,train,1679,1807
6,train,114,1808
6,train,1867,1809
6,train,401,1810
6,train,2646,1811
6,train,2318,1812
6,train,2817,1813
6,train,2394,1814
6,train,2675,1815
6,train,2086,1816
6,train,1769,1817
6,train,1550,1818
6,train,1600,1819
6,train,1860,1820
6,train,914,1821
6,train,2175,1822
6,train,130,1823
6,train,1057,1824
6,train,389,1825
6,train,1530,1826
6,train,1701,1827
6,train,2943,1828
6,train,1432,1829
6,train,1837,1830
6,train,1567,1831
6,train,1721,1832
6,train,2485,1833
6,train,2171,1834
6,train,1765,1835
6,train,2113,1836
6,train,1941,1837
6,train,112,1838
6,train,1190,1839
6,train,1715,1840
6,train,1396,1841
6,train,615,1842
6,train,2608,1843
6,train,2219,1844
6,train,750,1845
6,train,631,1846
6,train,2484,1847
6,train,1693,1848
6,train,1391,1849
6,train,202,1850
6,train,731,1851
6,train,2585,1852
6,train,1536,1853
6,train,1534,1854
6,train,1347,1855
6,train,2288,1856
6,train,621,1857
6,train,1382,1858
6,train,1936,1859
6,train,2819,1860
6,train,250,1861
6,train,2550,1862
6,train,1414,1863
6,train,98,1864
6,train,1485,1865
6,train,2130,1866
6,train,2531,1867
6,train,509,1868
6,train,220,1869
6,train,2498,1870
6,train,1240,1871
6,train,1303,1872
6,train,138,1873
6,train,805,1874
6,train,1392,1875
6,train,2743,1876
6,train,2969,1877
6,train,508,1878
6,train,2056,1879
6,train,2304,1880
6,train,25,1881
6,train,161,1882
6,train,1727,1883
6,train,2956,1884
6,train,738,1885
6,train,2591,1886
6,train,1519,1887
6,train,880,1888
6,train,1483,1889
6,train,288,1890
6,train,188,1891
6,train,2581,1892
6,train,2284,1893
6,train,1872,1894
6,train,2555,1895
6,train,2810,1896
6,train,1795,1897
6,train,2070,1898
6,train,818,1899
6,train,548,1900
6,train,2092,1901
6,train,1356,1902
6,train,830,1903
6,train,838,1904
6,train,993,1905
6,train,2411,1906
6,train,1180,1907
6,train,233,1908
6,train,2666,1909
6,train,2895,1910
6,train,2700,1911
6,train,393,1912
6,train,1892,1913
6,train,877,1914
6,train,152,1915
6,train,1350,1916
6,train,2065,1917
6,train,1621,1918
6,train,974,1919
6,train,2129,1920
6,train,1807,1921
6,train,2261,1922
6,train,1854,1923
6,train,2402,1924
6,train,870,1925
6,train,2106,1926
6,train,103,1927
6,train,2705,1928
6,train,2353,1929
6,train,732,1930
6,train,2445,1931
6,train,1829,1932
6,train,537,1933
6,train,829,1934
6,train,1186,1935
6,train,922,1936
6,train,2165,1937
6,train,1571,1938
6,train,172,1939
6,train,2015,1940
6,train,1213,1941
6,train,11,1942
6,train,1644,1943
6,train,2637,1944
6,train,399,1945
6,train,1164,1946
6,train,2084,1947
6,train,2694,1948
6,train,2511,1949
6,train,1539,1950
6,train,1369,1951
6,train,1910,1952
6,train,163,1953
6,train,2556,1954
6,train,2285,1955
6,train,1285,1956
6,train,1330,1957
6,train,344,1958
6,train,2929,1959
6,train,1901,1960
6,train,171,1961
6,train,1871,1962
6,train,137,1963
6,train,622,1964
6,train,667,1965
6,train,602,1966
6,train,685,1967
6,train,8,1968
6,train,996,1969
6,train,1209,1970
6,train,889,1971
6,train,1045,1972
6,train,1760,1973
6,train,1634,1974
6,train,2199,1975
6,train,1895,1976
6,train,2248,1977
6,train,294,1978
6,train,2172,1979
6,train,2505,1980
6,train,1393,1981
6,train,2972,1982
6,train,2727,1983
6,train,153,1984
6,train,816,1985
6,train,2558,1986
6,train,1013,1987
6,train,2229,1988
6,train,2679,1989
6,train,2443,1990
6,train,1773,1991
6,train,440,1992
6,train,559,1993
6,train,212,1994
6,train,2071,1995
6,train,978,1996
6,train,2722,1997
6,train,2315,1998
6,train,2036,1999
6,train,1522,2000
6,train,215,2001
6,train,2385,2002
6,train,637,2003
6,train,373,2004
6,train,2696,2005
6,train,623,2006
6,train,362,2007
6,train,2919,2008
6,train,2317,2009
6,train,1848,2010
6,train,2961,2011
6,train,555,2012
6,train,1507,2013
6,train,2278,2014
6,train,2435,2015
6,train,6,2016
6,train,2658,2017
6,train,2838,2018
6,train,1172,2019
6,train,1703,2020
6,train,593,2021
6,train,375,2022
6,train,1387,2023
6,train,742,2024
6,train,2597,2025
6,train,1315,2026
6,train,1526,2027
6,train,2787,2028
6,train,1305,2029
6,train,74,2030
6,train,2916,2031
6,train,2120,2032
6,train,2903,2033
6,train,2490,2034
6,train,1988,2035
6,train,547,2036
6,train,2235,2037
6,train,1083,2038
6,train,652,2039
6,train,2368,2040
6,train,169,2041
6,train,2343,2042
6,train,2583,2043
6,train,1376,2044
6,train,1203,2045
6,train,5,2046
6,train,2079,2047
6,train,2001,2048
6,train,1078,2049
6,train,2016,2050
6,train,2713,2051
6,train,1254,2052
6,train,1593,2053
6,train,706,2054
6,train,1836,2055
6,train,1141,2056
6,train,1528,2057
6,train,505,2058
6,train,801,2059
6,train,928,2060
6,train,1599,2061
6,train,516,2062
6,train,1850,2063
6,train,2289,2064
6,train,1048,2065
6,train,14,2066
6,train,494,2067
6,train,2419,2068
6,train,1994,2069
6,train,1265,2070
6,train,1514,2071
6,train,1630,2072
6,train,17,2073
6,train,2138,2074
6,train,2567,2075
6,train,249,2076
6,train,884,2077
6,train,2873,2078
6,train,2320,2079
6,train,756,2080
6,train,1797,2081
6,train,190,2082
6,train,678,2083
6,train,2249,2084
6,train,1954,2085
6,train,2339,2086
6,train,707,2087
6,train,230,2088
6,train,669,2089
6,train,335,2090
6,train,1016,2091
6,train,2244,2092
6,train,2151,2093
6,train,2946,2094
6,train,2702,2095
6,train,1144,2096
6,train,2128,2097
6,train,1326,2098
6,train,979,2099
6,train,2019,2100
6,train,892,2101
6,train,123,2102
6,train,1535,2103
6,train,158,2104
6,train,1474,2105
6,train,1124,2106
6,train,2963,2107
6,train,1695,2108
6,train,122,2109
6,train,882,2110
6,train,2107,2111
6,train,1085,2112
6,train,2370,2113
6,train,1401,2114
6,train,84,2115
6,train,1768,2116
6,train,1110,2117
6,train,2529,2118
6,train,581,2119
6,train,1193,2120
6,train,2753,2121
6,train,2709,2122
6,train,739,2123
6,train,1113,2124
6,train,2102,2125
6,train,346,2126
6,train,2282,2127
6,train,261,2128
6,train,1738,2129
6,train,1107,2130
6,train,2276,2131
6,train,469,2132
6,train,620,2133
6,train,2182,2134
6,train,1691,2135
6,train,1953,2136
6,train,438,2137
6,train,2428,2138
6,train,2089,2139
6,train,2259,2140
6,train,2366,2141
6,train,704,2142
6,train,426,2143
6,train,2043,2144
6,train,1460,2145
6,train,1834,2146
6,train,802,2147
6,train,1570,2148
6,train,2576,2149
6,train,1899,2150
6,train,2683,2151
6,train,2207,2152
6,train,538,2153
6,train,1046,2154
6,train,2208,2155
6,train,1275,2156
6,train,899,2157
6,train,919,2158
6,train,2893,2159
6,train,1074,2160
6,train,629,2161
6,train,209,2162
6,train,180,2163
6,train,1038,2164
6,train,2824,2165
6,train,91,2166
6,train,2280,2167
6,train,1824,2168
6,train,871,2169
6,train,330,2170
6,train,1185,2171
6,train,116,2172
6,train,2344,2173
6,train,1161,2174
6,train,18,2175
6,train,806,2176
6,train,2099,2177
6,train,2564,2178
6,train,2809,2179
6,train,1629,2180
6,train,822,2181
6,train,2488,2182
6,train,170,2183
6,train,1065,2184
6,train,2210,2185
6,train,2246,2186
6,train,1830,2187
6,train,524,2188
6,train,1352,2189
6,train,273,2190
6,train,1467,2191
6,train,1991,2192
6,train,954,2193
6,train,218,2194
6,train,2141,2195
6,train,1612,2196
6,train,1816,2197
6,train,1372,2198
6,train,1409,2199
6,train,873,2200
6,train,409,2201
6,train,531,2202
6,train,2029,2203
6,train,867,2204
6,train,2372,2205
6,train,125,2206
6,train,1249,2207
6,train,2186,2208
6,train,2938,2209
6,train,2655,2210
6,train,1176,2211
6,train,405,2212
6,train,1820,2213
6,train,1353,2214
6,train,182,2215
6,train,134,2216
6,train,2742,2217
6,train,645,2218
6,train,1562,2219
6,train,240,2220
6,train,1204,2221
6,train,464,2222
6,train,2481,2223
6,train,1452,2224
6,train,2757,2225
6,train,146,2226
6,train,1821,2227
6,train,317,2228
6,train,1341,2229
6,train,2894,2230
6,train,1325,2231
6,train,269,2232
6,train,2540,2233
6,train,154,2234
6,train,503,2235
6,train,1371,2236
6,train,221,2237
6,train,499,2238
6,train,27,2239
6,train,2610,2240
6,train,997,2241
6,train,504,2242
6,train,536,2243
6,train,1669,2244
6,train,2688,2245
6,train,1978,2246
6,train,2651,2247
6,train,1292,2248
6,train,2017,2249
6,train,2051,2250
6,train,191,2251
6,train,236,2252
6,train,1136,2253
6,train,1808,2254
6,train,970,2255
6,train,2907,2256
6,train,1040,2257
6,train,382,2258
6,train,2396,2259
6,train,628,2260
6,train,692,2261
6,train,2451,2262
6,train,566,2263
6,train,179,2264
6,train,1043,2265
6,train,832,2266
6,train,1731,2267
6,train,1852,2268
6,train,1266,2269
6,train,2717,2270
6,train,719,2271
6,train,1121,2272
6,train,713,2273
6,train,2206,2274
6,train,573,2275
6,train,769,2276
6,train,2858,2277
6,train,2291,2278
6,train,2139,2279
6,train,757,2280
6,train,1360,2281
6,train,142,2282
6,train,341,2283
6,train,28,2284
6,train,1790,2285
6,train,279,2286
6,train,2970,2287
6,train,2616,2288
6,train,1261,2289
6,train,973,2290
6,train,1646,2291
6,train,1159,2292
6,train,1015,2293
6,train,1364,2294
6,train,364,2295
6,train,1250,2296
6,train,2559,2297
6,train,2429,2298
6,train,1150,2299
6,train,1490,2300
6,train,2813,2301
6,train,404,2302
6,train,2455,2303
6,train,2361,2304
6,train,325,2305
6,train,2096,2306
6,train,2840,2307
6,train,129,2308
6,train,287,2309
6,train,708,2310
6,train,350,2311
6,train,1922,2312
6,train,1408,2313
6,train,2170,2314
6,train,379,2315
6,train,2403,2316
6,train,1214,2317
6,train,2479,2318
6,train,2083,2319
6,train,1081,2320
6,train,2031,2321
6,train,1463,2322
6,train,862,2323
6,train,1087,2324
6,train,556,2325
6,train,34,2326
6,train,642,2327
6,train,2573,2328
6,train,442,2329
6,train,2066,2330
6,train,2005,2331
6,train,1047,2332
6,train,326,2333
6,train,1898,2334
6,train,1339,2335
6,train,2767,2336
6,train,2395,2337
6,train,1645,2338
6,train,2954,2339
6,train,1481,2340
6,train,958,2341
6,train,2399,2342
6,train,1752,2343
6,train,951,2344
6,train,300,2345
6,train,2373,2346
6,train,1229,2347
6,train,2480,2348
6,train,424,2349
6,train,36,2350
6,train,76,2351
6,train,1579,2352
6,train,451,2353
6,train,1560,2354
6,train,2202,2355
6,train,56,2356
6,train,1195,2357
6,train,92,2358
6,train,2947,2359
6,train,2415,2360
6,train,1811,2361
6,train,2422,2362
6,train,467,2363
6,train,396,2364
6,train,2624,2365
6,train,1983,2366
6,train,1717,2367
6,train,268,2368
6,train,1876,2369
6,train,1666,2370
6,train,2568,2371
6,train,2308,2372
6,train,2495,2373
6,train,2710,2374
6,train,2436,2375
6,train,1007,2376
6,train,991,2377
6,train,487,2378
6,train,2397,2379
6,train,2507,2380
6,train,2575,2381
6,train,526,2382
6,train,228,2383
6,train,1603,2384
6,train,904,2385
6,train,2256,2386
6,train,1981,2387
6,val,2782,0
6,val,2002,1
6,val,2985,2
6,val,416,3
6,val,1145,4
6,val,1759,5
6,val,792,6
6,val,1167,7
6,val,1925,8
6,val,1582,9
6,val,2906,10
6,val,1001,11
6,val,1618,12
6,val,1921,13
6,val,1843,14
6,val,2160,15
6,val,2148,16
6,val,391,17
6,val,1873,18
6,val,2566,19
6,val,2491,20
6,val,2756,21
6,val,917,22
6,val,39,23
6,val,2860,24
6,val,1771,25
6,val,1120,26
6,val,2068,27
6,val,1230,28
6,val,2434,29
6,val,1112,30
6,val,2953,31
6,val,474,32
6,val,2877,33
6,val,2586,34
6,val,445,35
6,val,1883,36
6,val,2900,37
6,val,545,38
6,val,2237,39
6,val,1614,40
6,val,502,41
6,val,684,42
6,val,836,43
6,val,2117,44
6,val,201,45
6,val,1875,46
6,val,690,47
6,val,1020,48
6,val,2463,49
6,val,2301,50
6,val,1212,51
6,val,1972,52
6,val,2535,53
6,val,1706,54
6,val,1222,55
6,val,2187,56
6,val,2039,57
6,val,2532,58
6,val,1456,59
6,val,1868,60
6,val,165,61
6,val,1142,62
6,val,1131,63
6,val,2799,64
6,val,1035,65
6,val,2307,66
6,val,1287,67
6,val,827,68
6,val,151,69
6,val,693,70
6,val,967,71
6,val,1877,72
6,val,2367,73
6,val,435,74
6,val,1313,75
6,val,351,76
6,val,148,77
6,val,1996,78
6,val,2509,79
6,val,549,80
6,val,376,81
6,val,1430,82
6,val,455,83
6,val,301,84
6,val,2630,85
6,val,1143,86
6,val,564,87
6,val,1397,88
6,val,1973,89
6,val,894,90
6,val,1682,91
6,val,1685,92
6,val,1515,93
6,val,2035,94
6,val,311,95
6,val,995,96
6,val,1402,97
6,val,1165,98
6,val,980,99
6,val,1944,100
6,val,903,101
6,val,1312,102
6,val,2861,103
6,val,1154,104
6,val,1692,105
6,val,1841,106
6,val,1478,107
6,val,1712,108
6,val,2168,109
6,val,2389,110
6,val,293,111
6,val,2149,112
6,val,640,113
6,val,578,114
6,val,491,115
6,val,874,116
6,val,1511,117
6,val,478,118
6,val,2283,119
6,val,2239,120
6,val,226,121
6,val,634,122
6,val,81,123
6,val,682,124
6,val,804,125
6,val,1446,126
6,val,2775,127
6,val,2388,128
6,val,2228,129
6,val,1504,130
6,val,776,131
6,val,551,132
6,val,1182,133
6,val,2578,134
6,val,1079,135
6,val,2023,136
6,val,418,137
6,val,2255,138
6,val,1956,139
6,val,2240,140
6,val,2780,141
6,val,2274,142
6,val,681,143
6,val,2046,144
6,val,2730,145
6,val,1119,146
6,val,1659,147
6,val,1555,148
6,val,1457,149
6,val,740,150
6,val,1657,151
6,val,264,152
6,val,1373,153
6,val,2652,154
6,val,189,155
6,val,105,156
6,val,323,157
6,val,2012,158
6,val,2439,159
6,val,1146,160
6,val,1274,161
6,val,96,162
6,val,868,163
6,val,2621,164
6,val,675,165
6,val,1861,166
6,val,1004,167
6,val,1886,168
6,val,998,169
6,val,229,170
6,val,1813,171
6,val,1070,172
6,val,2085,173
6,val,1289,174
6,val,2299,175
6,val,1647,176
6,val,1405,177
6,val,2132,178
6,val,1217,179
6,val,2510,180
6,val,1002,181
6,val,38,182
6,val,2649,183
6,val,1102,184
6,val,481,185
6,val,857,186
6,val,2213,187
6,val,477,188
6,val,915,189
6,val,2004,190
6,val,837,191
6,val,1819,192
6,val,2290,193
6,val,2116,194
6,val,413,195
6,val,1796,196
6,val,41,197
6,val,2062,198
6,val,2634,199
6,val,2788,200
6,val,2924,201
6,val,1175,202
6,val,2391,203
6,val,2167,204
6,val,1660,205
6,val,1384,206
6,val,2814,207
6,val,1664,208
6,val,2862,209
6,val,1974,210
6,val,2458,211
6,val,933,212
6,val,173,213
6,val,2934,214
6,val,2867,215
6,val,1426,216
6,val,1577,217
6,val,616,218
6,val,861,219
6,val,1500,220
6,val,392,221
6,val,1655,222
6,val,42,223
6,val,1316,224
6,val,1100,225
6,val,2233,226
6,val,244,227
6,val,355,228
6,val,712,229
6,val,1476,230
6,val,608,231
6,val,728,232
6,val,386,233
6,val,2321,234
6,val,299,235
6,val,1117,236
6,val,694,237
6,val,981,238
6,val,985,239
6,val,1199,240
6,val,49,241
6,val,465,242
6,val,2057,243
6,val,439,244
6,val,2103,245
6,val,1943,246
6,val,302,247
6,val,64,248
6,val,2815,249
6,val,810,250
6,val,510,251
6,val,1115,252
6,val,1951,253
6,val,1627,254
6,val,1749,255
6,val,1698,256
6,val,668,257
6,val,1322,258
6,val,715,259
6,val,1750,260
6,val,1104,261
6,val,2601,262
6,val,2275,263
6,val,1746,264
6,val,343,265
6,val,1893,266
6,val,2438,267
6,val,2822,268
6,val,2064,269
6,val,1605,270
6,val,1379,271
6,val,1729,272
6,val,1932,273
6,val,501,274
6,val,1546,275
6,val,1441,276
6,val,1523,277
6,val,1827,278
6,val,1540,279
6,val,2111,280
6,val,633,281
6,val,1281,282
6,val,1804,283
6,val,213,284
6,val,649,285
6,val,2746,286
6,val,1137,287
6,val,2521,288
6,val,878,289
6,val,336,290
6,val,976,291
6,val,411,292
6,val,1501,293
6,val,2041,294
6,val,1268,295
6,val,117,296
6,val,2751,297
6,val,1839,298
7,train,1103,0
7,train,1047,1
7,train,1567,2
7,train,1234,3
7,train,2309,4
7,train,1016,5
7,train,2758,6
7,train,113,7
7,train,76,8
7,train,1399,9
7,train,1910,10
7,train,1009,11
7,train,357,12
7,train,1934,13
7,train,2161,14
7,train,864,15
7,train,2777,16
7,train,337,17
7,train,995,18
7,train,581,19
7,train,1527,20
7,train,330,21
7,train,234,22
7,train,2636,23
7,train,263,24
7,train,2145,25
7,train,119,26
7,train,442,27
7,train,2165,28
7,train,2438,29
7,train,1556,30
7,train,2568,31
7,train,381,32
7,train,2004,33
7,train,2129,34
7,train,262,35
7,train,1805,36
7,train,2655,37
7,train,244,38
7,train,1432,39
7,train,1529,40
7,train,2066,41
7,train,1599,42
7,train,1729,43
7,train,2820,44
7,train,2036,45
7,train,2193,46
7,train,1013,47
7,train,2281,48
7,train,815,49
7,train,1093,50
7,train,389,51
7,train,1831,52
7,train,2671,53
7,train,1583,54
7,train,1707,55
7,train,1228,56
7,train,2721,57
7,train,35,58
7,train,1275,59
7,train,2149,60
7,train,1456,61
7,train,2858,62
7,train,1889,63
7,train,513,64
7,train,2267,65
7,train,1685,66
7,train,2358,67
7,train,2197,68
7,train,742,69
7,train,2610,70
7,train,522,71
7,train,754,72
7,train,466,73
7,train,2973,74
7,train,1727,75
7,train,2919,76
7,train,1582,77
7,train,2711,78
7,train,2930,79
7,train,671,80
7,train,1358,81
7,train,1305,82
7,train,454,83
7,train,1882,84
7,train,1355,85
7,train,2439,86
7,train,286,87
7,train,1304,88
7,train,502,89
7,train,1551,90
7,train,60,91
7,train,18,92
7,train,2689,93
7,train,1429,94
7,train,2041,95
7,train,2760,96
7,train,2509,97
7,train,997,98
7,train,2333,99
7,train,2328,100
7,train,992,101
7,train,886,102
7,train,1409,103
7,train,2284,104
7,train,767,105
7,train,1923,106
7,train,70,107
7,train,1836,108
7,train,820,109
7,train,1967,110
7,train,108,111
7,train,2920,112
7,train,2445,113
7,train,899,114
7,train,2466,115
7,train,912,116
7,train,2180,117
7,train,1754,118
7,train,335,119
7,train,309,120
7,train,2928,121
7,train,1829,122
7,train,2098,123
7,train,682,124
7,train,668,125
7,train,2340,126
7,train,2479,127
7,train,164,128
7,train,1167,129
7,train,1317,130
7,train,913,131
7,train,2503,132
7,train,120,133
7,train,1065,134
7,train,260,135
7,train,1382,136
7,train,564,137
7,train,829,138
7,train,2006,139
7,train,980,140
7,train,1954,141
7,train,2424,142
7,train,1238,143
7,train,2691,144
7,train,1217,145
7,train,1514,146
7,train,2349,147
7,train,2638,148
7,train,2215,149
7,train,1266,150
7,train,1289,151
7,train,2816,152
7,train,2016,153
7,train,607,154
7,train,716,155
7,train,1698,156
7,train,1318,157
7,train,1785,158
7,train,1235,159
7,train,122,160
7,train,2594,161
7,train,2301,162
7,train,2447,163
7,train,2857,164
7,train,2688,165
7,train,799,166
7,train,2094,167
7,train,1470,168
7,train,1761,169
7,train,386,170
7,train,819,171
7,train,1946,172
7,train,352,173
7,train,478,174
7,train,1772,175
7,train,2275,176
7,train,843,177
7,train,2722,178
7,train,2186,179
7,train,1546,180
7,train,774,181
7,train,2537,182
7,train,2519,183
7,train,1808,184
7,train,2200,185
7,train,294,186
7,train,2219,187
7,train,2941,188
7,train,1162,189
7,train,1881,190
7,train,459,191
7,train,2899,192
7,train,827,193
7,train,2481,194
7,train,548,195
7,train,1258,196
7,train,2723,197
7,train,1948,198
7,train,1309,199
7,train,2536,200
7,train,911,201
7,train,836,202
7,train,2360,203
7,train,2031,204
7,train,2029,205
7,train,492,206
7,train,2915,207
7,train,2427,208
7,train,68,209
7,train,2414,210
7,train,1961,211
7,train,1750,212
7,train,2713,213
7,train,1657,214
7,train,1117,215
7,train,571,216
7,train,588,217
7,train,1023,218
7,train,943,219
7,train,891,220
7,train,487,221
7,train,1246,222
7,train,750,223
7,train,1129,224
7,train,2557,225
7,train,1452,226
7,train,293,227
7,train,2057,228
7,train,1903,229
7,train,1841,230
7,train,1932,231
7,train,2089,232
7,train,2120,233
7,train,407,234
7,train,1205,235
7,train,2961,236
7,train,1200,237
7,train,2063,238
7,train,1371,239
7,train,1837,240
7,train,2724,241
7,train,2046,242
7,train,28,243
7,train,2417,244
7,train,1250,245
7,train,2726,246
7,train,2091,247
7,train,2596,248
7,train,621,249
7,train,452,250
7,train,2976,251
7,train,2971,252
7,train,1247,253
7,train,596,254
7,train,1735,255
7,train,1953,256
7,train,1180,257
7,train,2886,258
7,train,1890,259
7,train,1311,260
7,train,1566,261
7,train,1813,262
7,train,2362,263
7,train,1451,264
7,train,2962,265
7,train,2070,266
7,train,1032,267
7,train,577,268
7,train,2429,269
7,train,341,270
7,train,453,271
7,train,1867,272
7,train,773,273
7,train,2847,274
7,train,622,275
7,train,1388,276
7,train,2499,277
7,train,2513,278
7,train,1972,279
7,train,982,280
7,train,1895,281
7,train,2038,282
7,train,2540,283
7,train,128,284
7,train,741,285
7,train,1190,286
7,train,1119,287
7,train,21,288
7,train,1613,289
7,train,2030,290
7,train,1064,291
7,train,481,292
7,train,1449,293
7,train,2747,294
7,train,505,295
7,train,2107,296
7,train,1189,297
7,train,2168,298
7,train,2234,299
7,train,740,300
7,train,2496,301
7,train,2170,302
7,train,1797,303
7,train,2386,304
7,train,47,305
7,train,2184,306
7,train,724,307
7,train,2243,308
7,train,693,309
7,train,2685,310
7,train,1848,311
7,train,2746,312
7,train,1970,313
7,train,1886,314
7,train,2621,315
7,train,2261,316
7,train,2825,317
7,train,1050,318
7,train,1274,319
7,train,1002,320
7,train,2095,321
7,train,1939,322
7,train,1642,323
7,train,710,324
7,train,1828,325
7,train,133,326
7,train,826,327
7,train,2800,328
7,train,801,329
7,train,917,330
7,train,257,331
7,train,216,332
7,train,419,333
7,train,2620,334
7,train,1077,335
7,train,2141,336
7,train,2877,337
7,train,2142,338
7,train,229,339
7,train,200,340
7,train,1298,341
7,train,230,342
7,train,2382,343
7,train,172,344
7,train,806,345
7,train,2015,346
7,train,563,347
7,train,2113,348
7,train,137,349
7,train,816,350
7,train,784,351
7,train,853,352
7,train,2797,353
7,train,2442,354
7,train,2628,355
7,train,2696,356
7,train,1441,357
7,train,2245,358
7,train,42,359
7,train,1328,360
7,train,490,361
7,train,1165,362
7,train,2312,363
7,train,662,364
7,train,301,365
7,train,1504,366
7,train,53,367
7,train,361,368
7,train,593,369
7,train,2118,370
7,train,2078,371
7,train,2602,372
7,train,238,373
7,train,2852,374
7,train,1615,375
7,train,112,376
7,train,1540,377
7,train,208,378
7,train,264,379
7,train,737,380
7,train,1994,381
7,train,2959,382
7,train,1893,383
7,train,1733,384
7,train,1849,385
7,train,2132,386
7,train,2681,387
7,train,377,388
7,train,1346,389
7,train,2409,390
7,train,2931,391
7,train,1269,392
7,train,2419,393
7,train,237,394
7,train,380,395
7,train,2666,396
7,train,1702,397
7,train,1845,398
7,train,1049,399
7,train,2253,400
7,train,2383,401
7,train,1072,402
7,train,1057,403
7,train,1878,404
7,train,1784,405
7,train,382,406
7,train,2302,407
7,train,1640,408
7,train,994,409
7,train,1622,410
7,train,835,411
7,train,1821,412
7,train,1658,413
7,train,1364,414
7,train,1390,415
7,train,2553,416
7,train,1718,417
7,train,2189,418
7,train,1768,419
7,train,928,420
7,train,1592,421
7,train,1251,422
7,train,2468,423
7,train,2577,424
7,train,2977,425
7,train,1667,426
7,train,643,427
7,train,1570,428
7,train,384,429
7,train,61,430
7,train,1608,431
7,train,1262,432
7,train,1384,433
7,train,1084,434
7,train,72,435
7,train,713,436
7,train,1063,437
7,train,498,438
7,train,1611,439
7,train,973,440
7,train,375,441
7,train,493,442
7,train,862,443
7,train,2864,444
7,train,728,445
7,train,23,446
7,train,947,447
7,train,731,448
7,train,966,449
7,train,2822,450
7,train,1632,451
7,train,1997,452
7,train,555,453
7,train,465,454
7,train,1559,455
7,train,425,456
7,train,1605,457
7,train,1211,458
7,train,2529,459
7,train,2311,460
7,train,303,461
7,train,1503,462
7,train,325,463
7,train,2561,464
7,train,633,465
7,train,1458,466
7,train,334,467
7,train,2803,468
7,train,2389,469
7,train,935,470
7,train,2400,471
7,train,320,472
7,train,2050,473
7,train,1256,474
7,train,1786,475
7,train,2244,476
7,train,326,477
7,train,1976,478
7,train,2331,479
7,train,2967,480
7,train,576,481
7,train,369,482
7,train,40,483
7,train,1118,484
7,train,2371,485
7,train,2882,486
7,train,2032,487
7,train,847,488
7,train,2151,489
7,train,634,490
7,train,55,491
7,train,2592,492
7,train,2224,493
7,train,1508,494
7,train,519,495
7,train,1549,496
7,train,1112,497
7,train,512,498
7,train,1073,499
7,train,2484,500
7,train,628,501
7,train,910,502
7,train,2140,503
7,train,1288,504
7,train,497,505
7,train,2074,506
7,train,2428,507
7,train,851,508
7,train,371,509
7,train,2981,510
7,train,582,511
7,train,2316,512
7,train,2337,513
7,train,2648,514
7,train,2410,515
7,train,1175,516
7,train,867,517
7,train,536,518
7,train,2949,519
7,train,2832,520
7,train,2582,521
7,train,2783,522
7,train,2660,523
7,train,1314,524
7,train,2231,525
7,train,558,526
7,train,247,527
7,train,2865,528
7,train,1684,529
7,train,2226,530
7,train,987,531
7,train,1177,532
7,train,1834,533
7,train,416,534
7,train,2324,535
7,train,2255,536
7,train,959,537
7,train,1724,538
7,train,1519,539
7,train,2082,540
7,train,870,541
7,train,1636,542
7,train,2932,543
7,train,1539,544
7,train,1677,545
7,train,1940,546
7,train,1144,547
7,train,1913,548
7,train,2523,549
7,train,1944,550
7,train,690,551
7,train,1652,552
7,train,761,553
7,train,2208,554
7,train,890,555
7,train,2917,556
7,train,721,557
7,train,2896,558
7,train,2908,559
7,train,106,560
7,train,2778,561
7,train,1231,562
7,train,2559,563
7,train,1807,564
7,train,1109,565
7,train,2182,566
7,train,613,567
7,train,153,568
7,train,1122,569
7,train,154,570
7,train,1771,571
7,train,1858,572
7,train,2024,573
7,train,1201,574
7,train,69,575
7,train,1818,576
7,train,1353,577
7,train,2810,578
7,train,2507,579
7,train,602,580
7,train,1536,581
7,train,525,582
7,train,620,583
7,train,2020,584
7,train,1027,585
7,train,1883,586
7,train,2478,587
7,train,661,588
7,train,1796,589
7,train,1040,590
7,train,2209,591
7,train,1917,592
7,train,2714,593
7,train,1868,594
7,train,2522,595
7,train,1904,596
7,train,2069,597
7,train,2902,598
7,train,1686,599
7,train,2937,600
7,train,1259,601
7,train,1137,602
7,train,2467,603
7,train,1922,604
7,train,2408,605
7,train,342,606
7,train,2218,607
7,train,1421,608
7,train,440,609
7,train,1683,610
7,train,1367,611
7,train,1542,612
7,train,34,613
7,train,868,614
7,train,1980,615
7,train,2983,616
7,train,2736,617
7,train,574,618
7,train,2085,619
7,train,2171,620
7,train,2150,621
7,train,283,622
7,train,1790,623
7,train,2282,624
7,train,455,625
7,train,1880,626
7,train,1319,627
7,train,2248,628
7,train,143,629
7,train,1335,630
7,train,1320,631
7,train,190,632
7,train,2269,633
7,train,414,634
7,train,231,635
7,train,2818,636
7,train,1312,637
7,train,1495,638
7,train,1193,639
7,train,1965,640
7,train,2893,641
7,train,2249,642
7,train,413,643
7,train,562,644
7,train,1788,645
7,train,2087,646
7,train,2943,647
7,train,491,648
7,train,349,649
7,train,726,650
7,train,705,651
7,train,1184,652
7,train,1572,653
7,train,399,654
7,train,1352,655
7,train,2047,656
7,train,963,657
7,train,1532,658
7,train,1257,659
7,train,2392,660
7,train,2585,661
7,train,318,662
7,train,2790,663
7,train,1233,664
7,train,2060,665
7,train,1839,666
7,train,1074,667
7,train,2598,668
7,train,225,669
7,train,2697,670
7,train,2794,671
7,train,2853,672
7,train,350,673
7,train,48,674
7,train,435,675
7,train,116,676
7,train,1380,677
7,train,2703,678
7,train,2543,679
7,train,1648,680
7,train,46,681
7,train,1248,682
7,train,315,683
7,train,142,684
7,train,2656,685
7,train,2296,686
7,train,1523,687
7,train,2980,688
7,train,1253,689
7,train,556,690
7,train,842,691
7,train,168,692
7,train,189,693
7,train,1571,694
7,train,470,695
7,train,1655,696
7,train,132,697
7,train,1102,698
7,train,1243,699
7,train,2613,700
7,train,2354,701
7,train,333,702
7,train,569,703
7,train,2364,704
7,train,1962,705
7,train,2488,706
7,train,1436,707
7,train,630,708
7,train,118,709
7,train,921,710
7,train,957,711
7,train,2785,712
7,train,1466,713
7,train,1775,714
7,train,2828,715
7,train,2122,716
7,train,586,717
7,train,1015,718
7,train,417,719
7,train,58,720
7,train,2450,721
7,train,2103,722
7,train,1801,723
7,train,1176,724
7,train,1593,725
7,train,1491,726
7,train,977,727
7,train,1031,728
7,train,1999,729
7,train,2645,730
7,train,858,731
7,train,376,732
7,train,2889,733
7,train,2158,734
7,train,678,735
7,train,2164,736
7,train,1133,737
7,train,597,738
7,train,2403,739
7,train,1535,740
7,train,1500,741
7,train,860,742
7,train,482,743
7,train,2520,744
7,train,903,745
7,train,2134,746
7,train,165,747
7,train,617,748
7,train,1192,749
7,train,876,750
7,train,1581,751
7,train,2583,752
7,train,2335,753
7,train,707,754
7,train,1853,755
7,train,2672,756
7,train,292,757
7,train,1229,758
7,train,176,759
7,train,1782,760
7,train,1359,761
7,train,2505,762
7,train,1914,763
7,train,1392,764
7,train,2274,765
7,train,171,766
7,train,561,767
7,train,2795,768
7,train,302,769
7,train,2452,770
7,train,99,771
7,train,1872,772
7,train,2829,773
7,train,896,774
7,train,130,775
7,train,2486,776
7,train,2667,777
7,train,307,778
7,train,2939,779
7,train,1488,780
7,train,181,781
7,train,832,782
7,train,1453,783
7,train,2604,784
7,train,941,785
7,train,1832,786
7,train,1864,787
7,train,2172,788
7,train,627,789
7,train,1204,790
7,train,1383,791
7,train,2566,792
7,train,1212,793
7,train,2871,794
7,train,1365,795
7,train,1996,796
7,train,572,797
7,train,1521,798
7,train,706,799
7,train,1164,800
7,train,2781,801
7,train,1606,802
7,train,2205,803
7,train,1738,804
7,train,1079,805
7,train,1774,806
7,train,1004,807
7,train,24,808
7,train,2558,809
7,train,1071,810
7,train,2115,811
7,train,821,812
7,train,1374,813
7,train,2167,814
7,train,2067,815
7,train,1454,816
7,train,2454,817
7,train,163,818
7,train,2206,819
7,train,2511,820
7,train,147,821
7,train,1526,822
7,train,1534,823
7,train,2556,824
7,train,1285,825
7,train,1221,826
7,train,388,827
7,train,105,828
7,train,228,829
7,train,1310,830
7,train,1244,831
7,train,1155,832
7,train,186,833
7,train,520,834
7,train,1036,835
7,train,719,836
7,train,2734,837
7,train,712,838
7,train,1740,839
7,train,2578,840
7,train,887,841
7,train,1956,842
7,train,405,843
7,train,2434,844
7,train,2313,845
7,train,927,846
7,train,2289,847
7,train,1537,848
7,train,2861,849
7,train,212,850
7,train,2133,851
7,train,2619,852
7,train,300,853
7,train,925,854
7,train,272,855
7,train,2126,856
7,train,282,857
7,train,2617,858
7,train,590,859
7,train,195,860
7,train,1666,861
7,train,1617,862
7,train,2034,863
7,train,204,864
7,train,1887,865
7,train,2538,866
7,train,445,867
7,train,1487,868
7,train,395,869
7,train,313,870
7,train,2026,871
7,train,2555,872
7,train,2668,873
7,train,1029,874
7,train,202,875
7,train,1037,876
7,train,663,877
7,train,2873,878
7,train,2084,879
7,train,469,880
7,train,523,881
7,train,2054,882
7,train,1055,883
7,train,2183,884
7,train,446,885
7,train,1753,886
7,train,1070,887
7,train,1830,888
7,train,791,889
7,train,2166,890
7,train,1538,891
7,train,789,892
7,train,881,893
7,train,2379,894
7,train,2022,895
7,train,953,896
7,train,753,897
7,train,599,898
7,train,1168,899
7,train,129,900
7,train,1792,901
7,train,1945,902
7,train,2759,903
7,train,2798,904
7,train,2880,905
7,train,1787,906
7,train,280,907
7,train,2700,908
7,train,2629,909
7,train,1092,910
7,train,347,911
7,train,1803,912
7,train,969,913
7,train,2573,914
7,train,1316,915
7,train,2739,916
7,train,1030,917
7,train,220,918
7,train,2341,919
7,train,2875,920
7,train,458,921
7,train,976,922
7,train,1778,923
7,train,2007,924
7,train,1457,925
7,train,1080,926
7,train,1012,927
7,train,323,928
7,train,1689,929
7,train,1338,930
7,train,233,931
7,train,1348,932
7,train,198,933
7,train,94,934
7,train,978,935
7,train,2458,936
7,train,1216,937
7,train,1194,938
7,train,2203,939
7,train,788,940
7,train,1034,941
7,train,1822,942
7,train,14,943
7,train,2332,944
7,train,908,945
7,train,1000,946
7,train,2336,947
7,train,1407,948
7,train,437,949
7,train,2252,950
7,train,1001,951
7,train,954,952
7,train,252,953
7,train,776,954
7,train,1341,955
7,train,898,956
7,train,338,957
7,train,2651,958
7,train,1291,959
7,train,421,960
7,train,652,961
7,train,1083,962
7,train,614,963
7,train,1404,964
7,train,717,965
7,train,1411,966
7,train,2495,967
7,train,1877,968
7,train,2474,969
7,train,2504,970
7,train,1252,971
7,train,411,972
7,train,2773,973
7,train,541,974
7,train,587,975
7,train,2615,976
7,train,654,977
7,train,9,978
7,train,274,979
7,train,1930,980
7,train,249,981
7,train,1668,982
7,train,2071,983
7,train,86,984
7,train,1804,985
7,train,804,986
7,train,1485,987
7,train,1759,988
7,train,1339,989
7,train,444,990
7,train,7,991
7,train,1568,992
7,train,2080,993
7,train,183,994
7,train,1389,995
7,train,2576,996
7,train,2837,997
7,train,632,998
7,train,2801,999
7,train,2236,1000
7,train,1496,1001
7,train,1469,1002
7,train,90,1003
7,train,1936,1004
7,train,946,1005
7,train,2367,1006
7,train,1780,1007
7,train,156,1008
7,train,2343,1009
7,train,2742,1010
7,train,2978,1011
7,train,2888,1012
7,train,1171,1013
7,train,1854,1014
7,train,906,1015
7,train,2890,1016
7,train,2216,1017
7,train,606,1018
7,train,1742,1019
7,train,2003,1020
7,train,1793,1021
7,train,390,1022
7,train,2307,1023
7,train,2706,1024
7,train,2288,1025
7,train,488,1026
7,train,808,1027
7,train,1463,1028
7,train,2402,1029
7,train,1051,1030
7,train,2009,1031
7,train,2740,1032
7,train,2658,1033
7,train,2846,1034
7,train,685,1035
7,train,2955,1036
7,train,1430,1037
7,train,517,1038
7,train,1444,1039
7,train,758,1040
7,train,1993,1041
7,train,1906,1042
7,train,752,1043
7,train,1373,1044
7,train,2709,1045
7,train,1223,1046
7,train,314,1047
7,train,1522,1048
7,train,2762,1049
7,train,2370,1050
7,train,874,1051
7,train,1067,1052
7,train,1140,1053
7,train,1475,1054
7,train,468,1055
7,train,1123,1056
7,train,2634,1057
7,train,2720,1058
7,train,695,1059
7,train,1561,1060
7,train,1577,1061
7,train,637,1062
7,train,2862,1063
7,train,1661,1064
7,train,2064,1065
7,train,1869,1066
7,train,1427,1067
7,train,383,1068
7,train,1245,1069
7,train,2725,1070
7,train,1471,1071
7,train,1139,1072
7,train,1960,1073
7,train,1111,1074
7,train,279,1075
7,train,573,1076
7,train,2086,1077
7,train,1468,1078
7,train,1255,1079
7,train,2965,1080
7,train,1693,1081
7,train,2715,1082
7,train,1783,1083
7,train,1052,1084
7,train,402,1085
7,train,140,1086
7,train,2979,1087
7,train,1270,1088
7,train,2352,1089
7,train,1489,1090
7,train,2375,1091
7,train,236,1092
7,train,2611,1093
7,train,904,1094
7,train,2276,1095
7,train,747,1096
7,train,1202,1097
7,train,2544,1098
7,train,2334,1099
7,train,182,1100
7,train,1580,1101
7,train,2514,1102
7,train,2042,1103
7,train,2055,1104
7,train,1038,1105
7,train,757,1106
7,train,2228,1107
7,train,1755,1108
7,train,2162,1109
7,train,1331,1110
7,train,2292,1111
7,train,495,1112
7,train,431,1113
7,train,2901,1114
7,train,226,1115
7,train,1416,1116
7,train,2322,1117
7,train,793,1118
7,train,167,1119
7,train,394,1120
7,train,1021,1121
7,train,1931,1122
7,train,2201,1123
7,train,1649,1124
7,train,1669,1125
7,train,2177,1126
7,train,2913,1127
7,train,755,1128
7,train,2784,1129
7,train,222,1130
7,train,2918,1131
7,train,2014,1132
7,train,1296,1133
7,train,626,1134
7,train,2270,1135
7,train,1324,1136
7,train,1679,1137
7,train,1719,1138
7,train,340,1139
7,train,916,1140
7,train,771,1141
7,train,1006,1142
7,train,297,1143
7,train,2355,1144
7,train,2958,1145
7,train,1765,1146
7,train,846,1147
7,train,1651,1148
7,train,2678,1149
7,train,2353,1150
7,train,1424,1151
7,train,2435,1152
7,train,1191,1153
7,train,1087,1154
7,train,1563,1155
7,train,909,1156
7,train,1486,1157
7,train,902,1158
7,train,2492,1159
7,train,688,1160
7,train,2365,1161
7,train,2204,1162
7,train,1926,1163
7,train,1059,1164
7,train,2679,1165
7,train,95,1166
7,train,1665,1167
7,train,1363,1168
7,train,2881,1169
7,train,766,1170
7,train,306,1171
7,train,1215,1172
7,train,392,1173
7,train,1646,1174
7,train,640,1175
7,train,275,1176
7,train,2969,1177
7,train,1595,1178
7,train,363,1179
7,train,1942,1180
7,train,1445,1181
7,train,109,1182
7,train,2327,1183
7,train,595,1184
7,train,2490,1185
7,train,805,1186
7,train,2453,1187
7,train,1876,1188
7,train,1924,1189
7,train,1060,1190
7,train,1533,1191
7,train,2729,1192
7,train,308,1193
7,train,214,1194
7,train,2299,1195
7,train,1403,1196
7,train,1053,1197
7,train,796,1198
7,train,1007,1199
7,train,2622,1200
7,train,2744,1201
7,train,2641,1202
7,train,533,1203
7,train,148,1204
7,train,1859,1205
7,train,1108,1206
7,train,2571,1207
7,train,1501,1208
7,train,41,1209
7,train,1544,1210
7,train,600,1211
7,train,2348,1212
7,train,660,1213
7,train,619,1214
7,train,744,1215
7,train,970,1216
7,train,2799,1217
7,train,1075,1218
7,train,1604,1219
7,train,2819,1220
7,train,2462,1221
7,train,1530,1222
7,train,655,1223
7,train,1406,1224
7,train,2975,1225
7,train,2306,1226
7,train,540,1227
7,train,2297,1228
7,train,1531,1229
7,train,1281,1230
7,train,304,1231
7,train,839,1232
7,train,1239,1233
7,train,1035,1234
7,train,2616,1235
7,train,1356,1236
7,train,885,1237
7,train,1494,1238
7,train,2845,1239
7,train,1433,1240
7,train,393,1241
7,train,1276,1242
7,train,1518,1243
7,train,583,1244
7,train,1043,1245
7,train,422,1246
7,train,1820,1247
7,train,636,1248
7,train,1282,1249
7,train,603,1250
7,train,845,1251
7,train,1991,1252
7,train,2185,1253
7,train,2665,1254
7,train,777,1255
7,train,2483,1256
7,train,266,1257
7,train,2308,1258
7,train,1368,1259
7,train,356,1260
7,train,968,1261
7,train,631,1262
7,train,2314,1263
7,train,667,1264
7,train,278,1265
7,train,1347,1266
7,train,50,1267
7,train,2480,1268
7,train,1033,1269
7,train,1618,1270
7,train,2117,1271
7,train,2351,1272
7,train,385,1273
7,train,1879,1274
7,train,1710,1275
7,train,986,1276
7,train,159,1277
7,train,2440,1278
7,train,1520,1279
7,train,1558,1280
7,train,2415,1281
7,train,2033,1282
7,train,2304,1283
7,train,2220,1284
7,train,2643,1285
7,train,2517,1286
7,train,1779,1287
7,train,2213,1288
7,train,1185,1289
7,train,1385,1290
7,train,87,1291
7,train,273,1292
7,train,2786,1293
7,train,560,1294
7,train,2539,1295
7,train,1734,1296
7,train,2900,1297
7,train,2904,1298
7,train,1817,1299
7,train,901,1300
7,train,1379,1301
7,train,772,1302
7,train,1690,1303
7,train,837,1304
7,train,1614,1305
7,train,2866,1306
7,train,2972,1307
7,train,1694,1308
7,train,169,1309
7,train,1438,1310
7,train,589,1311
7,train,1042,1312
7,train,1756,1313
7,train,311,1314
7,train,127,1315
7,train,531,1316
7,train,2192,1317
7,train,150,1318
7,train,557,1319
7,train,723,1320
7,train,1313,1321
7,train,2984,1322
7,train,100,1323
7,train,2104,1324
7,train,649,1325
7,train,344,1326
7,train,1100,1327
7,train,317,1328
7,train,1509,1329
7,train,2609,1330
7,train,760,1331
7,train,2593,1332
7,train,2750,1333
7,train,1110,1334
7,train,1152,1335
7,train,1225,1336
7,train,1195,1337
7,train,290,1338
7,train,1639,1339
7,train,2564,1340
7,train,409,1341
7,train,708,1342
7,train,1952,1343
7,train,2359,1344
7,train,2518,1345
7,train,1541,1346
7,train,2626,1347
7,train,145,1348
7,train,2775,1349
7,train,1121,1350
7,train,139,1351
7,train,1134,1352
7,train,2461,1353
7,train,209,1354
7,train,2532,1355
7,train,1619,1356
7,train,550,1357
7,train,449,1358
7,train,1098,1359
7,train,2027,1360
7,train,659,1361
7,train,248,1362
7,train,2210,1363
7,train,2916,1364
7,train,1857,1365
7,train,101,1366
7,train,134,1367
7,train,2426,1368
7,train,1516,1369
7,train,450,1370
7,train,1003,1371
7,train,2135,1372
7,train,665,1373
7,train,2449,1374
7,train,123,1375
7,train,336,1376
7,train,2960,1377
7,train,2675,1378
7,train,2390,1379
7,train,305,1380
7,train,694,1381
7,train,1370,1382
7,train,400,1383
7,train,542,1384
7,train,1569,1385
7,train,1224,1386
7,train,2912,1387
7,train,2774,1388
7,train,1336,1389
7,train,2716,1390
7,train,11,1391
7,train,1369,1392
7,train,1414,1393
7,train,672,1394
7,train,2776,1395
7,train,2926,1396
7,train,666,1397
7,train,391,1398
7,train,2570,1399
7,train,1350,1400
7,train,1927,1401
7,train,240,1402
7,train,1691,1403
7,train,2235,1404
7,train,438,1405
7,train,1181,1406
7,train,922,1407
7,train,609,1408
7,train,1425,1409
7,train,57,1410
7,train,1588,1411
7,train,1039,1412
7,train,2317,1413
7,train,2396,1414
7,train,1888,1415
7,train,2525,1416
7,train,1393,1417
7,train,646,1418
7,train,180,1419
7,train,2650,1420
7,train,948,1421
7,train,1361,1422
7,train,77,1423
7,train,1041,1424
7,train,2416,1425
7,train,111,1426
7,train,2238,1427
7,train,2587,1428
7,train,2642,1429
7,train,2844,1430
7,train,2108,1431
7,train,2530,1432
7,train,2968,1433
7,train,2676,1434
7,train,387,1435
7,train,779,1436
7,train,748,1437
7,train,645,1438
7,train,152,1439
7,train,288,1440
7,train,412,1441
7,train,1101,1442
7,train,2240,1443
7,train,1308,1444
7,train,403,1445
7,train,1011,1446
7,train,1645,1447
7,train,732,1448
7,train,2756,1449
7,train,2198,1450
7,train,2061,1451
7,train,2326,1452
7,train,1387,1453
7,train,2567,1454
7,train,1986,1455
7,train,2105,1456
7,train,2502,1457
7,train,2872,1458
7,train,2283,1459
7,train,2754,1460
7,train,2683,1461
7,train,2494,1462
7,train,2125,1463
7,train,2052,1464
7,train,1550,1465
7,train,138,1466
7,train,830,1467
7,train,2649,1468
7,train,243,1469
7,train,1398,1470
7,train,367,1471
7,train,2854,1472
7,train,464,1473
7,train,5,1474
7,train,188,1475
7,train,261,1476
7,train,1062,1477
7,train,2562,1478
7,train,2433,1479
7,train,735,1480
7,train,2473,1481
7,train,2690,1482
7,train,2498,1483
7,train,2464,1484
7,train,756,1485
7,train,126,1486
7,train,92,1487
7,train,702,1488
7,train,1506,1489
7,train,158,1490
7,train,2719,1491
7,train,1472,1492
7,train,250,1493
7,train,2805,1494
7,train,2607,1495
7,train,931,1496
7,train,1907,1497
7,train,1979,1498
7,train,1302,1499
7,train,897,1500
7,train,566,1501
7,train,1419,1502
7,train,2487,1503
7,train,1844,1504
7,train,2867,1505
7,train,2812,1506
7,train,1056,1507
7,train,1158,1508
7,train,1014,1509
7,train,2895,1510
7,train,2401,1511
7,train,2268,1512
7,train,2489,1513
7,train,2508,1514
7,train,1968,1515
7,train,1174,1516
7,train,396,1517
7,train,89,1518
7,train,1376,1519
7,train,1706,1520
7,train,2669,1521
7,train,136,1522
7,train,355,1523
7,train,2293,1524
7,train,15,1525
7,train,2826,1526
7,train,873,1527
7,train,170,1528
7,train,98,1529
7,train,833,1530
7,train,547,1531
7,train,2869,1532
7,train,1708,1533
7,train,2524,1534
7,train,2809,1535
7,train,54,1536
7,train,933,1537
7,train,2633,1538
7,train,2265,1539
7,train,4,1540
7,train,439,1541
7,train,516,1542
7,train,800,1543
7,train,984,1544
7,train,79,1545
7,train,1334,1546
7,train,253,1547
7,train,1981,1548
7,train,2859,1549
7,train,1815,1550
7,train,1386,1551
7,train,2456,1552
7,train,1153,1553
7,train,1905,1554
7,train,39,1555
7,train,2173,1556
7,train,2662,1557
7,train,2546,1558
7,train,551,1559
7,train,856,1560
7,train,1659,1561
7,train,268,1562
7,train,1949,1563
7,train,2239,1564
7,train,1095,1565
7,train,1149,1566
7,train,855,1567
7,train,215,1568
7,train,1300,1569
7,train,125,1570
7,train,1395,1571
7,train,2147,1572
7,train,2017,1573
7,train,1044,1574
7,train,2155,1575
7,train,2677,1576
7,train,1287,1577
7,train,1349,1578
7,train,1634,1579
7,train,1377,1580
7,train,575,1581
7,train,1650,1582
7,train,2264,1583
7,train,1026,1584
7,train,934,1585
7,train,1983,1586
7,train,1178,1587
7,train,871,1588
7,train,2083,1589
7,train,1182,1590
7,train,2637,1591
7,train,3,1592
7,train,187,1593
7,train,518,1594
7,train,2339,1595
7,train,1226,1596
7,train,1154,1597
7,train,345,1598
7,train,1811,1599
7,train,2199,1600
7,train,2160,1601
7,train,270,1602
7,train,1028,1603
7,train,2369,1604
7,train,1699,1605
7,train,2233,1606
7,train,2190,1607
7,train,2263,1608
7,train,472,1609
7,train,210,1610
7,train,1332,1611
7,train,1938,1612
7,train,1620,1613
7,train,1908,1614
7,train,1697,1615
7,train,2460,1616
7,train,510,1617
7,train,1482,1618
7,train,974,1619
7,train,894,1620
7,train,2099,1621
7,train,2929,1622
7,train,1005,1623
7,train,1573,1624
7,train,415,1625
7,train,1749,1626
7,train,1467,1627
7,train,1459,1628
7,train,2028,1629
7,train,1919,1630
7,train,1863,1631
7,train,2851,1632
7,train,1987,1633
7,train,2950,1634
7,train,2384,1635
7,train,2838,1636
7,train,2318,1637
7,train,8,1638
7,train,2728,1639
7,train,2178,1640
7,train,2411,1641
7,train,1170,1642
7,train,149,1643
7,train,430,1644
7,train,1448,1645
7,train,2194,1646
7,train,474,1647
7,train,1865,1648
7,train,950,1649
7,train,2512,1650
7,train,1227,1651
7,train,711,1652
7,train,2551,1653
7,train,2612,1654
7,train,1941,1655
7,train,2025,1656
7,train,2187,1657
7,train,610,1658
7,train,714,1659
7,train,604,1660
7,train,1631,1661
7,train,1297,1662
7,train,2814,1663
7,train,2560,1664
7,train,942,1665
7,train,591,1666
7,train,1682,1667
7,train,1602,1668
7,train,2291,1669
7,train,674,1670
7,train,2266,1671
7,train,1899,1672
7,train,775,1673
7,train,669,1674
7,train,2437,1675
7,train,2356,1676
7,train,31,1677
7,train,1814,1678
7,train,364,1679
7,train,824,1680
7,train,2021,1681
7,train,2552,1682
7,train,2924,1683
7,train,2985,1684
7,train,75,1685
7,train,197,1686
7,train,179,1687
7,train,1591,1688
7,train,2385,1689
7,train,1851,1690
7,train,1603,1691
7,train,2834,1692
7,train,991,1693
7,train,378,1694
7,train,2554,1695
7,train,1086,1696
7,train,1045,1697
7,train,503,1698
7,train,2143,1699
7,train,1623,1700
7,train,2572,1701
7,train,2751,1702
7,train,1342,1703
7,train,1222,1704
7,train,1473,1705
7,train,920,1706
7,train,1018,1707
7,train,1301,1708
7,train,818,1709
7,train,2974,1710
7,train,2501,1711
7,train,2705,1712
7,train,2914,1713
7,train,2018,1714
7,train,1633,1715
7,train,2287,1716
7,train,1061,1717
7,train,1921,1718
7,train,2870,1719
7,train,2963,1720
7,train,1891,1721
7,train,2653,1722
7,train,193,1723
7,train,2769,1724
7,train,2174,1725
7,train,733,1726
7,train,2321,1727
7,train,1598,1728
7,train,2575,1729
7,train,529,1730
7,train,1415,1731
7,train,578,1732
7,train,2465,1733
7,train,483,1734
7,train,1998,1735
7,train,730,1736
7,train,1046,1737
7,train,2770,1738
7,train,2320,1739
7,train,1082,1740
7,train,2373,1741
7,train,2630,1742
7,train,1461,1743
7,train,1955,1744
7,train,328,1745
7,train,1524,1746
7,train,1268,1747
7,train,570,1748
7,train,2363,1749
7,train,2079,1750
7,train,2096,1751
7,train,2695,1752
7,train,2372,1753
7,train,1826,1754
7,train,1148,1755
7,train,2012,1756
7,train,2752,1757
7,train,521,1758
7,train,2817,1759
7,train,1267,1760
7,train,2230,1761
7,train,1434,1762
7,train,1120,1763
7,train,1264,1764
7,train,1492,1765
7,train,110,1766
7,train,155,1767
7,train,1017,1768
7,train,641,1769
7,train,1208,1770
7,train,2927,1771
7,train,2272,1772
7,train,1141,1773
7,train,1757,1774
7,train,2278,1775
7,train,1265,1776
7,train,2394,1777
7,train,2883,1778
7,train,2910,1779
7,train,2169,1780
7,train,1260,1781
7,train,2599,1782
7,train,456,1783
7,train,1654,1784
7,train,1019,1785
7,train,2849,1786
7,train,2903,1787
7,train,467,1788
7,train,1704,1789
7,train,1397,1790
7,train,1113,1791
7,train,709,1792
7,train,2830,1793
7,train,2951,1794
7,train,720,1795
7,train,2482,1796
7,train,1760,1797
7,train,2399,1798
7,train,1758,1799
7,train,173,1800
7,train,1066,1801
7,train,372,1802
7,train,2526,1803
7,train,1236,1804
7,train,1794,1805
7,train,2380,1806
7,train,1293,1807
7,train,2743,1808
7,train,2701,1809
7,train,972,1810
7,train,865,1811
7,train,1621,1812
7,train,1213,1813
7,train,2259,1814
7,train,1746,1815
7,train,1643,1816
7,train,2451,1817
7,train,62,1818
7,train,975,1819
7,train,985,1820
7,train,2131,1821
7,train,813,1822
7,train,2146,1823
7,train,401,1824
7,train,1179,1825
7,train,1372,1826
7,train,2001,1827
7,train,2693,1828
7,train,2933,1829
7,train,647,1830
7,train,2393,1831
7,train,1307,1832
7,train,857,1833
7,train,1187,1834
7,train,1132,1835
7,train,1984,1836
7,train,245,1837
7,train,2956,1838
7,train,1717,1839
7,train,476,1840
7,train,199,1841
7,train,852,1842
7,train,2584,1843
7,train,1975,1844
7,train,1862,1845
7,train,2765,1846
7,train,2591,1847
7,train,2860,1848
7,train,2906,1849
7,train,2922,1850
7,train,1673,1851
7,train,971,1852
7,train,888,1853
7,train,1354,1854
7,train,235,1855
7,train,1555,1856
7,train,2868,1857
7,train,2443,1858
7,train,2347,1859
7,train,151,1860
7,train,1183,1861
7,train,2008,1862
7,train,2791,1863
7,train,451,1864
7,train,2767,1865
7,train,1745,1866
7,train,2624,1867
7,train,878,1868
7,train,2843,1869
7,train,722,1870
7,train,1147,1871
7,train,1413,1872
7,train,2946,1873
7,train,1579,1874
7,train,508,1875
7,train,2250,1876
7,train,2708,1877
7,train,919,1878
7,train,82,1879
7,train,1493,1880
7,train,2698,1881
7,train,1629,1882
7,train,1125,1883
7,train,1722,1884
7,train,2039,1885
7,train,545,1886
7,train,2139,1887
7,train,524,1888
7,train,358,1889
7,train,277,1890
7,train,374,1891
7,train,2727,1892
7,train,2342,1893
7,train,762,1894
7,train,2856,1895
7,train,2101,1896
7,train,1576,1897
7,train,360,1898
7,train,1958,1899
7,train,2338,1900
7,train,1426,1901
7,train,499,1902
7,train,1440,1903
7,train,1819,1904
7,train,1203,1905
7,train,1920,1906
7,train,2407,1907
7,train,1394,1908
7,train,810,1909
7,train,2305,1910
7,train,10,1911
7,train,2262,1912
7,train,2207,1913
7,train,1329,1914
7,train,2741,1915
7,train,1713,1916
7,train,33,1917
7,train,1186,1918
7,train,1490,1919
7,train,956,1920
7,train,981,1921
7,train,1,1922
7,train,2119,1923
7,train,1873,1924
7,train,1860,1925
7,train,2241,1926
7,train,2635,1927
7,train,185,1928
7,train,434,1929
7,train,988,1930
7,train,1773,1931
7,train,1856,1932
7,train,2049,1933
7,train,1935,1934
7,train,2608,1935
7,train,2157,1936
7,train,1823,1937
7,train,2925,1938
7,train,2738,1939
7,train,2124,1940
7,train,2068,1941
7,train,1483,1942
7,train,1499,1943
7,train,1284,1944
7,train,281,1945
7,train,882,1946
7,train,1214,1947
7,train,1166,1948
7,train,91,1949
7,train,1146,1950
7,train,2059,1951
7,train,232,1952
7,train,370,1953
7,train,242,1954
7,train,1847,1955
7,train,1799,1956
7,train,1085,1957
7,train,1115,1958
7,train,2397,1959
7,train,2842,1960
7,train,1989,1961
7,train,2229,1962
7,train,961,1963
7,train,802,1964
7,train,1294,1965
7,train,146,1966
7,train,205,1967
7,train,1476,1968
7,train,1585,1969
7,train,1644,1970
7,train,2472,1971
7,train,2788,1972
7,train,1700,1973
7,train,2260,1974
7,train,74,1975
7,train,448,1976
7,train,1781,1977
7,train,701,1978
7,train,1512,1979
7,train,2835,1980
7,train,1564,1981
7,train,2806,1982
7,train,1428,1983
7,train,489,1984
7,train,1446,1985
7,train,2391,1986
7,train,1982,1987
7,train,1969,1988
7,train,2106,1989
7,train,1846,1990
7,train,1575,1991
7,train,1928,1992
7,train,814,1993
7,train,104,1994
7,train,1323,1995
7,train,484,1996
7,train,1676,1997
7,train,2298,1998
7,train,285,1999
7,train,2043,2000
7,train,546,2001
7,train,1020,2002
7,train,642,2003
7,train,1417,2004
7,train,618,2005
7,train,2111,2006
7,train,1728,2007
7,train,56,2008
7,train,2011,2009
7,train,2315,2010
7,train,22,2011
7,train,1261,2012
7,train,1715,2013
7,train,945,2014
7,train,1128,2015
7,train,107,2016
7,train,509,2017
7,train,365,2018
7,train,739,2019
7,train,841,2020
7,train,2045,2021
7,train,2782,2022
7,train,2831,2023
7,train,2954,2024
7,train,1099,2025
7,train,1327,2026
7,train,2138,2027
7,train,2905,2028
7,train,1242,2029
7,train,2627,2030
7,train,2217,2031
7,train,1325,2032
7,train,937,2033
7,train,2422,2034
7,train,1156,2035
7,train,1748,2036
7,train,1885,2037
7,train,310,2038
7,train,1088,2039
7,train,2780,2040
7,train,2285,2041
7,train,1474,2042
7,train,1959,2043
7,train,2757,2044
7,train,1547,2045
7,train,1695,2046
7,train,12,2047
7,train,1219,2048
7,train,936,2049
7,train,926,2050
7,train,2646,2051
7,train,276,2052
7,train,1076,2053
7,train,624,2054
7,train,803,2055
7,train,1400,2056
7,train,955,2057
7,train,429,2058
7,train,2156,2059
7,train,679,2060
7,train,1131,2061
7,train,2836,2062
7,train,2702,2063
7,train,1703,2064
7,train,2674,2065
7,train,1548,2066
7,train,2500,2067
7,train,1498,2068
7,train,406,2069
7,train,2102,2070
7,train,2374,2071
7,train,778,2072
7,train,2044,2073
7,train,1709,2074
7,train,206,2075
7,train,83,2076
7,train,539,2077
7,train,2531,2078
7,train,1840,2079
7,train,397,2080
7,train,97,2081
7,train,2294,2082
7,train,1069,2083
7,train,2942,2084
7,train,828,2085
7,train,889,2086
7,train,1280,2087
7,train,1988,2088
7,train,1357,2089
7,train,103,2090
7,train,227,2091
7,train,1971,2092
7,train,1420,2093
7,train,1418,2094
7,train,880,2095
7,train,418,2096
7,train,863,2097
7,train,37,2098
7,train,734,2099
7,train,2938,2100
7,train,2789,2101
7,train,43,2102
7,train,1852,2103
7,train,2051,2104
7,train,783,2105
7,train,2221,2106
7,train,729,2107
7,train,121,2108
7,train,1277,2109
7,train,494,2110
7,train,441,2111
7,train,191,2112
7,train,2037,2113
7,train,1916,2114
7,train,1477,2115
7,train,1130,2116
7,train,1094,2117
7,train,27,2118
7,train,1838,2119
7,train,1333,2120
7,train,447,2121
7,train,2827,2122
7,train,2258,2123
7,train,2388,2124
7,train,2023,2125
7,train,795,2126
7,train,2448,2127
7,train,763,2128
7,train,284,2129
7,train,1670,2130
7,train,1431,2131
7,train,2280,2132
7,train,2661,2133
7,train,689,2134
7,train,2002,2135
7,train,2631,2136
7,train,404,2137
7,train,339,2138
7,train,1230,2139
7,train,1292,2140
7,train,353,2141
7,train,299,2142
7,train,1142,2143
7,train,2176,2144
7,train,2731,2145
7,train,1810,2146
7,train,2732,2147
7,train,1630,2148
7,train,59,2149
7,train,1058,2150
7,train,1802,2151
7,train,952,2152
7,train,1161,2153
7,train,2097,2154
7,train,2586,2155
7,train,958,2156
7,train,1081,2157
7,train,892,2158
7,train,1511,2159
7,train,715,2160
7,train,2569,2161
7,train,1024,2162
7,train,849,2163
7,train,1625,2164
7,train,2772,2165
7,train,895,2166
7,train,1816,2167
7,train,218,2168
7,train,2966,2169
7,train,2279,2170
7,train,1515,2171
7,train,398,2172
7,train,639,2173
7,train,2590,2174
7,train,2815,2175
7,train,780,2176
7,train,1543,2177
7,train,2237,2178
7,train,500,2179
7,train,2840,2180
7,train,259,2181
7,train,1439,2182
7,train,2581,2183
7,train,2361,2184
7,train,2350,2185
7,train,1507,2186
7,train,1647,2187
7,train,1951,2188
7,train,822,2189
7,train,269,2190
7,train,2076,2191
7,train,1145,2192
7,train,675,2193
7,train,1687,2194
7,train,1626,2195
7,train,697,2196
7,train,2891,2197
7,train,1843,2198
7,train,1584,2199
7,train,255,2200
7,train,135,2201
7,train,1136,2202
7,train,1510,2203
7,train,859,2204
7,train,1744,2205
7,train,117,2206
7,train,1299,2207
7,train,1124,2208
7,train,2850,2209
7,train,2290,2210
7,train,348,2211
7,train,625,2212
7,train,327,2213
7,train,2214,2214
7,train,2013,2215
7,train,1199,2216
7,train,751,2217
7,train,1660,2218
7,train,166,2219
7,train,2652,2220
7,train,1513,2221
7,train,2534,2222
7,train,2510,2223
7,train,1855,2224
7,train,1680,2225
7,train,2521,2226
7,train,346,2227
7,train,1712,2228
7,train,1714,2229
7,train,223,2230
7,train,2191,2231
7,train,1901,2232
7,train,2600,2233
7,train,537,2234
7,train,1562,2235
7,train,366,2236
7,train,2421,2237
7,train,2982,2238
7,train,932,2239
7,train,2753,2240
7,train,914,2241
7,train,2423,2242
7,train,686,2243
7,train,115,2244
7,train,1107,2245
7,train,2935,2246
7,train,221,2247
7,train,2181,2248
7,train,2692,2249
7,train,553,2250
7,train,538,2251
7,train,462,2252
7,train,2497,2253
7,train,2792,2254
7,train,1464,2255
7,train,2811,2256
7,train,2879,2257
7,train,2404,2258
7,train,2884,2259
7,train,1545,2260
7,train,1574,2261
7,train,2088,2262
7,train,883,2263
7,train,2195,2264
7,train,1143,2265
7,train,696,2266
7,train,1159,2267
7,train,496,2268
7,train,2477,2269
7,train,1589,2270
7,train,329,2271
7,train,1978,2272
7,train,1340,2273
7,train,2686,2274
7,train,161,2275
7,train,2684,2276
7,train,1739,2277
7,train,1150,2278
7,train,2745,2279
7,train,530,2280
7,train,1627,2281
7,train,157,2282
7,train,2286,2283
7,train,1806,2284
7,train,501,2285
7,train,1396,2286
7,train,265,2287
7,train,1138,2288
7,train,1594,2289
7,train,258,2290
7,train,2787,2291
7,train,2813,2292
7,train,160,2293
7,train,1283,2294
7,train,585,2295
7,train,2897,2296
7,train,2444,2297
7,train,2580,2298
7,train,983,2299
7,train,2251,2300
7,train,2368,2301
7,train,1723,2302
7,train,534,2303
7,train,1777,2304
7,train,1173,2305
7,train,792,2306
7,train,38,2307
7,train,738,2308
7,train,1552,2309
7,train,2019,2310
7,train,1616,2311
7,train,2420,2312
7,train,2957,2313
7,train,2225,2314
7,train,2887,2315
7,train,611,2316
7,train,1172,2317
7,train,2808,2318
7,train,638,2319
7,train,312,2320
7,train,428,2321
7,train,504,2322
7,train,1405,2323
7,train,1586,2324
7,train,427,2325
7,train,1985,2326
7,train,2597,2327
7,train,615,2328
7,train,580,2329
7,train,2325,2330
7,train,2878,2331
7,train,1263,2332
7,train,1443,2333
7,train,1766,2334
7,train,979,2335
7,train,2148,2336
7,train,1692,2337
7,train,1343,2338
7,train,2159,2339
7,train,2545,2340
7,train,838,2341
7,train,1791,2342
7,train,2,2343
7,train,1947,2344
7,train,96,2345
7,train,17,2346
7,train,2485,2347
7,train,2005,2348
7,train,1635,2349
7,train,2625,2350
7,train,2940,2351
7,train,2455,2352
7,train,461,2353
7,train,2035,2354
7,train,2470,2355
7,train,2345,2356
7,train,549,2357
7,train,552,2358
7,train,295,2359
7,train,514,2360
7,train,998,2361
7,train,2112,2362
7,train,2699,2363
7,train,254,2364
7,train,1008,2365
7,train,592,2366
7,train,2247,2367
7,train,944,2368
7,train,475,2369
7,train,436,2370
7,train,2682,2371
7,train,949,2372
7,train,16,2373
7,train,2528,2374
7,train,359,2375
7,train,6,2376
7,train,2644,2377
7,train,351,2378
7,train,768,2379
7,train,1401,2380
7,train,2947,2381
7,train,2246,2382
7,train,648,2383
7,train,316,2384
7,train,1078,2385
7,train,362,2386
7,train,480,2387
7,val,2123,0
7,val,866,1
7,val,2574,2
7,val,2175,3
7,val,905,4
7,val,267,5
7,val,848,6
7,val,2048,7
7,val,2614,8
7,val,2673,9
7,val,1104,10
7,val,2310,11
7,val,924,12
7,val,967,13
7,val,2491,14
7,val,2506,15
7,val,725,16
7,val,1663,17
7,val,584,18
7,val,65,19
7,val,1964,20
7,val,2948,21
7,val,2075,22
7,val,2923,23
7,val,1861,24
7,val,1160,25
7,val,872,26
7,val,635,27
7,val,2116,28
7,val,1752,29
7,val,996,30
7,val,2874,31
7,val,1447,32
7,val,1866,33
7,val,854,34
7,val,1402,35
7,val,1484,36
7,val,1557,37
7,val,1326,38
7,val,2436,39
7,val,1096,40
7,val,1769,41
7,val,1696,42
7,val,1597,43
7,val,2894,44
7,val,1870,45
7,val,559,46
7,val,1303,47
7,val,608,48
7,val,2548,49
7,val,939,50
7,val,1517,51
7,val,1963,52
7,val,2694,53
7,val,1315,54
7,val,2277,55
7,val,658,56
7,val,1587,57
7,val,2202,58
7,val,2000,59
7,val,1795,60
7,val,875,61
7,val,2211,62
7,val,1925,63
7,val,2768,64
7,val,823,65
7,val,687,66
7,val,2640,67
7,val,219,68
7,val,2330,69
7,val,49,70
7,val,579,71
7,val,2065,72
7,val,1892,73
7,val,2565,74
7,val,653,75
7,val,2970,76
7,val,2737,77
7,val,1973,78
7,val,2053,79
7,val,2821,80
7,val,938,81
7,val,692,82
7,val,19,83
7,val,1875,84
7,val,770,85
7,val,915,86
7,val,1653,87
7,val,1126,88
7,val,1747,89
7,val,769,90
7,val,850,91
7,val,2550,92
7,val,2601,93
7,val,2535,94
7,val,2077,95
7,val,1725,96
7,val,1322,97
7,val,629,98
7,val,1306,99
7,val,623,100
7,val,1898,101
7,val,71,102
7,val,1900,103
7,val,131,104
7,val,1198,105
7,val,2395,106
7,val,2475,107
7,val,1481,108
7,val,698,109
7,val,951,110
7,val,2680,111
7,val,1678,112
7,val,1824,113
7,val,1701,114
7,val,2707,115
7,val,373,116
7,val,1412,117
7,val,2717,118
7,val,2647,119
7,val,1560,120
7,val,1114,121
7,val,13,122
7,val,861,123
7,val,2344,124
7,val,1157,125
7,val,1151,126
7,val,85,127
7,val,36,128
7,val,2863,129
7,val,1478,130
7,val,656,131
7,val,2463,132
7,val,1479,133
7,val,703,134
7,val,834,135
7,val,2418,136
7,val,1827,137
7,val,989,138
7,val,1197,139
7,val,477,140
7,val,673,141
7,val,2152,142
7,val,2515,143
7,val,2062,144
7,val,2898,145
7,val,1610,146
7,val,1290,147
7,val,2802,148
7,val,1408,149
7,val,2056,150
7,val,515,151
7,val,2376,152
7,val,1209,153
7,val,2595,154
7,val,2432,155
7,val,2730,156
7,val,1600,157
7,val,20,158
7,val,201,159
7,val,907,160
7,val,993,161
7,val,749,162
7,val,1279,163
7,val,64,164
7,val,683,165
7,val,877,166
7,val,1751,167
7,val,2710,168
7,val,1992,169
7,val,379,170
7,val,1460,171
7,val,1249,172
7,val,1664,173
7,val,2232,174
7,val,224,175
7,val,2771,176
7,val,2934,177
7,val,2964,178
7,val,1391,179
7,val,681,180
7,val,1974,181
7,val,343,182
7,val,1737,183
7,val,2153,184
7,val,1628,185
7,val,2128,186
7,val,207,187
7,val,743,188
7,val,2841,189
7,val,2824,190
7,val,287,191
7,val,1105,192
7,val,29,193
7,val,319,194
7,val,66,195
7,val,1360,196
7,val,1330,197
7,val,2796,198
7,val,1671,199
7,val,1528,200
7,val,1135,201
7,val,1731,202
7,val,1462,203
7,val,930,204
7,val,1943,205
7,val,25,206
7,val,217,207
7,val,1169,208
7,val,2179,209
7,val,893,210
7,val,2657,211
7,val,2090,212
7,val,78,213
7,val,2542,214
7,val,2735,215
7,val,473,216
7,val,84,217
7,val,1612,218
7,val,745,219
7,val,1054,220
7,val,918,221
7,val,1048,222
7,val,2387,223
7,val,2100,224
7,val,1638,225
7,val,2092,226
7,val,2109,227
7,val,794,228
7,val,2761,229
7,val,2114,230
7,val,1220,231
7,val,1850,232
7,val,825,233
7,val,526,234
7,val,657,235
7,val,1218,236
7,val,782,237
7,val,2130,238
7,val,1721,239
7,val,2366,240
7,val,923,241
7,val,241,242
7,val,664,243
7,val,2911,244
7,val,1918,245
7,val,2476,246
7,val,1254,247
7,val,884,248
7,val,684,249
7,val,1480,250
7,val,809,251
7,val,1022,252
7,val,2257,253
7,val,786,254
7,val,1911,255
7,val,426,256
7,val,2300,257
7,val,114,258
7,val,797,259
7,val,2471,260
7,val,2663,261
7,val,1688,262
7,val,2256,263
7,val,798,264
7,val,2953,265
7,val,616,266
7,val,1884,267
7,val,2855,268
7,val,1375,269
7,val,2885,270
7,val,1909,271
7,val,424,272
7,val,677,273
7,val,2081,274
7,val,704,275
7,val,1705,276
7,val,81,277
7,val,960,278
7,val,2137,279
7,val,1743,280
7,val,699,281
7,val,2072,282
7,val,271,283
7,val,213,284
7,val,1210,285
7,val,2378,286
7,val,2493,287
7,val,1240,288
7,val,2733,289
7,val,2952,290
7,val,2907,291
7,val,1871,292
7,val,423,293
7,val,26,294
7,val,1163,295
7,val,568,296
7,val,1232,297
7,val,2892,298
8,train,2867,0
8,train,1109,1
8,train,2249,2
8,train,1870,3
8,train,1098,4
8,train,1888,5
8,train,464,6
8,train,2248,7
8,train,1721,8
8,train,1535,9
8,train,2036,10
8,train,2092,11
8,train,2569,12
8,train,1613,13
8,train,1588,14
8,train,440,15
8,train,336,16
8,train,89,17
8,train,2465,18
8,train,41,19
8,train,1197,20
8,train,648,21
8,train,2437,22
8,train,1919,23
8,train,2109,24
8,train,2264,25
8,train,71,26
8,train,1922,27
8,train,626,28
8,train,1735,29
8,train,2111,30
8,train,2845,31
8,train,1746,32
8,train,2599,33
8,train,1066,34
8,train,2726,35
8,train,1797,36
8,train,2331,37
8,train,798,38
8,train,1523,39
8,train,2838,40
8,train,1302,41
8,train,317,42
8,train,1331,43
8,train,339,44
8,train,2890,45
8,train,818,46
8,train,1885,47
8,train,1684,48
8,train,1895,49
8,train,2905,50
8,train,1494,51
8,train,955,52
8,train,90,53
8,train,209,54
8,train,2354,55
8,train,1500,56
8,train,2883,57
8,train,515,58
8,train,2014,59
8,train,2164,60
8,train,305,61
8,train,2159,62
8,train,2193,63
8,train,2507,64
8,train,688,65
8,train,1348,66
8,train,1225,67
8,train,1758,68
8,train,1230,69
8,train,2311,70
8,train,1930,71
8,train,1063,72
8,train,1459,73
8,train,2461,74
8,train,2604,75
8,train,709,76
8,train,2628,77
8,train,835,78
8,train,2176,79
8,train,1179,80
8,train,456,81
8,train,170,82
8,train,280,83
8,train,100,84
8,train,497,85
8,train,1693,86
8,train,86,87
8,train,1786,88
8,train,2752,89
8,train,2633,90
8,train,1861,91
8,train,134,92
8,train,2967,93
8,train,967,94
8,train,1159,95
8,train,881,96
8,train,326,97
8,train,2402,98
8,train,2245,99
8,train,2824,100
8,train,1079,101
8,train,488,102
8,train,302,103
8,train,2738,104
8,train,1193,105
8,train,1546,106
8,train,2458,107
8,train,1403,108
8,train,2427,109
8,train,1493,110
8,train,1283,111
8,train,1748,112
8,train,2634,113
8,train,480,114
8,train,2337,115
8,train,1645,116
8,train,2277,117
8,train,773,118
8,train,2148,119
8,train,1822,120
8,train,1660,121
8,train,2263,122
8,train,389,123
8,train,2646,124
8,train,2116,125
8,train,857,126
8,train,853,127
8,train,1224,128
8,train,1023,129
8,train,2456,130
8,train,913,131
8,train,1445,132
8,train,2400,133
8,train,1644,134
8,train,2657,135
8,train,1940,136
8,train,1176,137
8,train,1705,138
8,train,2626,139
8,train,2052,140
8,train,2849,141
8,train,2908,142
8,train,1781,143
8,train,94,144
8,train,1031,145
8,train,2309,146
8,train,475,147
8,train,2975,148
8,train,148,149
8,train,863,150
8,train,412,151
8,train,1616,152
8,train,613,153
8,train,1713,154
8,train,2375,155
8,train,2399,156
8,train,2368,157
8,train,415,158
8,train,826,159
8,train,304,160
8,train,1673,161
8,train,2758,162
8,train,1104,163
8,train,1575,164
8,train,1051,165
8,train,1907,166
8,train,801,167
8,train,1862,168
8,train,792,169
8,train,602,170
8,train,2099,171
8,train,786,172
8,train,589,173
8,train,314,174
8,train,519,175
8,train,426,176
8,train,663,177
8,train,18,178
8,train,1167,179
8,train,1913,180
8,train,2597,181
8,train,363,182
8,train,804,183
8,train,789,184
8,train,1200,185
8,train,1075,186
8,train,353,187
8,train,1389,188
8,train,640,189
8,train,2436,190
8,train,350,191
8,train,1264,192
8,train,1185,193
8,train,1065,194
8,train,946,195
8,train,809,196
8,train,2983,197
8,train,2065,198
8,train,2351,199
8,train,23,200
8,train,2098,201
8,train,1849,202
8,train,2529,203
8,train,2729,204
8,train,2880,205
8,train,737,206
8,train,610,207
8,train,131,208
8,train,2478,209
8,train,1147,210
8,train,2390,211
8,train,2316,212
8,train,1243,213
8,train,637,214
8,train,65,215
8,train,2505,216
8,train,2796,217
8,train,2339,218
8,train,2130,219
8,train,2746,220
8,train,2698,221
8,train,1282,222
8,train,2352,223
8,train,2087,224
8,train,1353,225
8,train,1162,226
8,train,1836,227
8,train,425,228
8,train,392,229
8,train,1060,230
8,train,1980,231
8,train,1444,232
8,train,2877,233
8,train,2041,234
8,train,2815,235
8,train,2260,236
8,train,766,237
8,train,2238,238
8,train,372,239
8,train,979,240
8,train,2157,241
8,train,54,242
8,train,2422,243
8,train,2250,244
8,train,2902,245
8,train,1126,246
8,train,81,247
8,train,2935,248
8,train,998,249
8,train,2709,250
8,train,1330,251
8,train,943,252
8,train,1875,253
8,train,166,254
8,train,2385,255
8,train,1392,256
8,train,500,257
8,train,487,258
8,train,2280,259
8,train,2387,260
8,train,854,261
8,train,1488,262
8,train,1412,263
8,train,693,264
8,train,1164,265
8,train,132,266
8,train,282,267
8,train,828,268
8,train,2231,269
8,train,994,270
8,train,2761,271
8,train,1481,272
8,train,2888,273
8,train,1469,274
8,train,340,275
8,train,1604,276
8,train,2474,277
8,train,1514,278
8,train,2982,279
8,train,2022,280
8,train,1881,281
8,train,2219,282
8,train,2517,283
8,train,1909,284
8,train,583,285
8,train,2736,286
8,train,1157,287
8,train,1156,288
8,train,2173,289
8,train,525,290
8,train,396,291
8,train,1753,292
8,train,1584,293
8,train,2737,294
8,train,122,295
8,train,208,296
8,train,547,297
8,train,2039,298
8,train,2821,299
8,train,1905,300
8,train,1752,301
8,train,111,302
8,train,366,303
8,train,2786,304
8,train,509,305
8,train,1468,306
8,train,556,307
8,train,934,308
8,train,1222,309
8,train,638,310
8,train,1531,311
8,train,14,312
8,train,2395,313
8,train,1041,314
8,train,1486,315
8,train,1480,316
8,train,1487,317
8,train,413,318
8,train,2360,319
8,train,1941,320
8,train,2560,321
8,train,2966,322
8,train,1309,323
8,train,1891,324
8,train,1293,325
8,train,1077,326
8,train,1003,327
8,train,694,328
8,train,729,329
8,train,2780,330
8,train,2451,331
8,train,672,332
8,train,1869,333
8,train,387,334
8,train,146,335
8,train,2903,336
8,train,1149,337
8,train,2153,338
8,train,2956,339
8,train,2225,340
8,train,2720,341
8,train,604,342
8,train,1336,343
8,train,2895,344
8,train,2187,345
8,train,329,346
8,train,2005,347
8,train,1105,348
8,train,1297,349
8,train,2777,350
8,train,1769,351
8,train,522,352
8,train,1864,353
8,train,2481,354
8,train,2234,355
8,train,2572,356
8,train,1586,357
8,train,2421,358
8,train,1085,359
8,train,290,360
8,train,2938,361
8,train,1479,362
8,train,2027,363
8,train,2468,364
8,train,1018,365
8,train,269,366
8,train,91,367
8,train,849,368
8,train,1877,369
8,train,2410,370
8,train,2038,371
8,train,2024,372
8,train,1226,373
8,train,1265,374
8,train,1461,375
8,train,1811,376
8,train,2202,377
8,train,2115,378
8,train,1279,379
8,train,20,380
8,train,2261,381
8,train,928,382
8,train,110,383
8,train,1868,384
8,train,901,385
8,train,1814,386
8,train,349,387
8,train,755,388
8,train,1194,389
8,train,2818,390
8,train,1093,391
8,train,2506,392
8,train,1568,393
8,train,2138,394
8,train,1357,395
8,train,978,396
8,train,2147,397
8,train,800,398
8,train,2353,399
8,train,2029,400
8,train,2244,401
8,train,1323,402
8,train,1354,403
8,train,757,404
8,train,2201,405
8,train,193,406
8,train,1614,407
8,train,716,408
8,train,724,409
8,train,2545,410
8,train,851,411
8,train,533,412
8,train,8,413
8,train,377,414
8,train,819,415
8,train,2743,416
8,train,319,417
8,train,2128,418
8,train,2868,419
8,train,735,420
8,train,2312,421
8,train,542,422
8,train,1013,423
8,train,371,424
8,train,1285,425
8,train,2256,426
8,train,842,427
8,train,1257,428
8,train,577,429
8,train,191,430
8,train,1289,431
8,train,1612,432
8,train,1214,433
8,train,1901,434
8,train,2301,435
8,train,924,436
8,train,323,437
8,train,137,438
8,train,1419,439
8,train,2369,440
8,train,959,441
8,train,236,442
8,train,1340,443
8,train,2946,444
8,train,1504,445
8,train,1192,446
8,train,2388,447
8,train,908,448
8,train,1458,449
8,train,627,450
8,train,1140,451
8,train,260,452
8,train,2954,453
8,train,2318,454
8,train,1670,455
8,train,2011,456
8,train,248,457
8,train,108,458
8,train,496,459
8,train,762,460
8,train,917,461
8,train,19,462
8,train,1082,463
8,train,1449,464
8,train,2794,465
8,train,2134,466
8,train,2282,467
8,train,98,468
8,train,546,469
8,train,2574,470
8,train,1483,471
8,train,2710,472
8,train,989,473
8,train,1978,474
8,train,2785,475
8,train,2828,476
8,train,1566,477
8,train,2825,478
8,train,1818,479
8,train,555,480
8,train,2950,481
8,train,244,482
8,train,2544,483
8,train,2055,484
8,train,730,485
8,train,1509,486
8,train,2976,487
8,train,1791,488
8,train,2077,489
8,train,1783,490
8,train,1287,491
8,train,97,492
8,train,1380,493
8,train,920,494
8,train,1923,495
8,train,255,496
8,train,183,497
8,train,2700,498
8,train,1246,499
8,train,2852,500
8,train,620,501
8,train,1446,502
8,train,1539,503
8,train,635,504
8,train,1938,505
8,train,1201,506
8,train,1489,507
8,train,401,508
8,train,104,509
8,train,2268,510
8,train,1757,511
8,train,2851,512
8,train,1528,513
8,train,791,514
8,train,2610,515
8,train,2816,516
8,train,1780,517
8,train,1803,518
8,train,2286,519
8,train,1639,520
8,train,474,521
8,train,155,522
8,train,1249,523
8,train,2181,524
8,train,451,525
8,train,2568,526
8,train,972,527
8,train,1953,528
8,train,335,529
8,train,2487,530
8,train,708,531
8,train,439,532
8,train,2370,533
8,train,346,534
8,train,2270,535
8,train,827,536
8,train,551,537
8,train,1740,538
8,train,2557,539
8,train,1887,540
8,train,1218,541
8,train,2662,542
8,train,2382,543
8,train,609,544
8,train,1845,545
8,train,1312,546
8,train,442,547
8,train,2673,548
8,train,2247,549
8,train,907,550
8,train,645,551
8,train,772,552
8,train,197,553
8,train,1710,554
8,train,894,555
8,train,288,556
8,train,1291,557
8,train,2492,558
8,train,1911,559
8,train,1749,560
8,train,2491,561
8,train,1238,562
8,train,774,563
8,train,2485,564
8,train,2240,565
8,train,1391,566
8,train,2016,567
8,train,1747,568
8,train,2310,569
8,train,2220,570
8,train,2414,571
8,train,704,572
8,train,2620,573
8,train,935,574
8,train,2192,575
8,train,2118,576
8,train,1042,577
8,train,632,578
8,train,1414,579
8,train,2501,580
8,train,2941,581
8,train,1484,582
8,train,2502,583
8,train,667,584
8,train,576,585
8,train,981,586
8,train,1858,587
8,train,1376,588
8,train,1851,589
8,train,2922,590
8,train,1632,591
8,train,918,592
8,train,1951,593
8,train,2740,594
8,train,1942,595
8,train,2924,596
8,train,2386,597
8,train,1785,598
8,train,1696,599
8,train,2531,600
8,train,1133,601
8,train,1101,602
8,train,1557,603
8,train,795,604
8,train,1852,605
8,train,1413,606
8,train,1027,607
8,train,2817,608
8,train,1808,609
8,train,1863,610
8,train,2278,611
8,train,2028,612
8,train,1384,613
8,train,2811,614
8,train,2426,615
8,train,2753,616
8,train,468,617
8,train,2660,618
8,train,1751,619
8,train,2394,620
8,train,33,621
8,train,72,622
8,train,2210,623
8,train,1634,624
8,train,2928,625
8,train,2917,626
8,train,2380,627
8,train,2062,628
8,train,1945,629
8,train,278,630
8,train,1517,631
8,train,266,632
8,train,2857,633
8,train,1602,634
8,train,1172,635
8,train,1622,636
8,train,563,637
8,train,875,638
8,train,2932,639
8,train,1453,640
8,train,337,641
8,train,1839,642
8,train,2276,643
8,train,2172,644
8,train,55,645
8,train,229,646
8,train,1213,647
8,train,584,648
8,train,860,649
8,train,1239,650
8,train,521,651
8,train,138,652
8,train,49,653
8,train,2335,654
8,train,2925,655
8,train,2792,656
8,train,355,657
8,train,1144,658
8,train,1765,659
8,train,1343,660
8,train,2200,661
8,train,1049,662
8,train,1482,663
8,train,1012,664
8,train,664,665
8,train,660,666
8,train,1229,667
8,train,1499,668
8,train,1914,669
8,train,1252,670
8,train,2327,671
8,train,118,672
8,train,2259,673
8,train,1738,674
8,train,2914,675
8,train,1069,676
8,train,2820,677
8,train,1983,678
8,train,2745,679
8,train,575,680
8,train,1053,681
8,train,1070,682
8,train,1709,683
8,train,1074,684
8,train,1203,685
8,train,160,686
8,train,837,687
8,train,985,688
8,train,655,689
8,train,2293,690
8,train,1310,691
8,train,721,692
8,train,2026,693
8,train,692,694
8,train,2783,695
8,train,13,696
8,train,243,697
8,train,741,698
8,train,1212,699
8,train,2493,700
8,train,2504,701
8,train,2957,702
8,train,1890,703
8,train,1831,704
8,train,2048,705
8,train,182,706
8,train,1688,707
8,train,1177,708
8,train,48,709
8,train,1743,710
8,train,732,711
8,train,1009,712
8,train,2389,713
8,train,46,714
8,train,36,715
8,train,1029,716
8,train,2939,717
8,train,2538,718
8,train,2843,719
8,train,2520,720
8,train,1599,721
8,train,1997,722
8,train,1974,723
8,train,2874,724
8,train,360,725
8,train,922,726
8,train,403,727
8,train,2757,728
8,train,140,729
8,train,2296,730
8,train,1294,731
8,train,622,732
8,train,2433,733
8,train,1427,734
8,train,414,735
8,train,2450,736
8,train,1659,737
8,train,1993,738
8,train,2655,739
8,train,309,740
8,train,2122,741
8,train,1242,742
8,train,2767,743
8,train,227,744
8,train,1325,745
8,train,1232,746
8,train,1733,747
8,train,2279,748
8,train,2790,749
8,train,825,750
8,train,419,751
8,train,1311,752
8,train,1430,753
8,train,1898,754
8,train,1879,755
8,train,378,756
8,train,226,757
8,train,2497,758
8,train,438,759
8,train,1424,760
8,train,2097,761
8,train,748,762
8,train,1824,763
8,train,822,764
8,train,2330,765
8,train,1949,766
8,train,1667,767
8,train,1175,768
8,train,303,769
8,train,448,770
8,train,59,771
8,train,247,772
8,train,29,773
8,train,1610,774
8,train,1506,775
8,train,1173,776
8,train,1569,777
8,train,473,778
8,train,531,779
8,train,1671,780
8,train,2927,781
8,train,1141,782
8,train,630,783
8,train,1807,784
8,train,347,785
8,train,905,786
8,train,2537,787
8,train,1606,788
8,train,1960,789
8,train,2104,790
8,train,42,791
8,train,933,792
8,train,1838,793
8,train,56,794
8,train,2499,795
8,train,1000,796
8,train,283,797
8,train,1850,798
8,train,300,799
8,train,235,800
8,train,461,801
8,train,1139,802
8,train,358,803
8,train,2083,804
8,train,696,805
8,train,2404,806
8,train,2018,807
8,train,2198,808
8,train,1189,809
8,train,2378,810
8,train,1113,811
8,train,1856,812
8,train,1886,813
8,train,1788,814
8,train,446,815
8,train,1349,816
8,train,2070,817
8,train,2598,818
8,train,2518,819
8,train,1454,820
8,train,733,821
8,train,1948,822
8,train,2484,823
8,train,1976,824
8,train,1411,825
8,train,731,826
8,train,64,827
8,train,1737,828
8,train,1158,829
8,train,2528,830
8,train,603,831
8,train,903,832
8,train,274,833
8,train,205,834
8,train,2003,835
8,train,1,836
8,train,1119,837
8,train,2836,838
8,train,771,839
8,train,966,840
8,train,1456,841
8,train,2358,842
8,train,458,843
8,train,1698,844
8,train,768,845
8,train,1745,846
8,train,1221,847
8,train,734,848
8,train,1971,849
8,train,161,850
8,train,585,851
8,train,1072,852
8,train,1969,853
8,train,1250,854
8,train,1792,855
8,train,1871,856
8,train,449,857
8,train,12,858
8,train,1052,859
8,train,221,860
8,train,1926,861
8,train,1666,862
8,train,1463,863
8,train,1518,864
8,train,686,865
8,train,1296,866
8,train,418,867
8,train,2585,868
8,train,421,869
8,train,779,870
8,train,2291,871
8,train,2044,872
8,train,120,873
8,train,1701,874
8,train,629,875
8,train,472,876
8,train,2289,877
8,train,938,878
8,train,356,879
8,train,1088,880
8,train,608,881
8,train,333,882
8,train,1608,883
8,train,2120,884
8,train,1492,885
8,train,1301,886
8,train,937,887
8,train,1333,888
8,train,993,889
8,train,2012,890
8,train,873,891
8,train,1873,892
8,train,176,893
8,train,1131,894
8,train,2513,895
8,train,2037,896
8,train,767,897
8,train,945,898
8,train,1216,899
8,train,9,900
8,train,618,901
8,train,2443,902
8,train,893,903
8,train,625,904
8,train,1529,905
8,train,1452,906
8,train,22,907
8,train,142,908
8,train,2635,909
8,train,1561,910
8,train,1438,911
8,train,1538,912
8,train,2324,913
8,train,977,914
8,train,1355,915
8,train,281,916
8,train,1080,917
8,train,2486,918
8,train,890,919
8,train,115,920
8,train,2108,921
8,train,1643,922
8,train,942,923
8,train,1064,924
8,train,2691,925
8,train,2495,926
8,train,2432,927
8,train,2416,928
8,train,2521,929
8,train,2778,930
8,train,103,931
8,train,483,932
8,train,739,933
8,train,2453,934
8,train,714,935
8,train,573,936
8,train,858,937
8,train,218,938
8,train,2032,939
8,train,1986,940
8,train,437,941
8,train,1039,942
8,train,980,943
8,train,206,944
8,train,2577,945
8,train,79,946
8,train,399,947
8,train,616,948
8,train,2006,949
8,train,2666,950
8,train,2663,951
8,train,707,952
8,train,2918,953
8,train,1507,954
8,train,2865,955
8,train,406,956
8,train,2284,957
8,train,270,958
8,train,199,959
8,train,1024,960
8,train,1096,961
8,train,2079,962
8,train,1932,963
8,train,2800,964
8,train,2562,965
8,train,2285,966
8,train,2829,967
8,train,2511,968
8,train,1163,969
8,train,344,970
8,train,1019,971
8,train,295,972
8,train,2837,973
8,train,1714,974
8,train,1304,975
8,train,656,976
8,train,2379,977
8,train,2374,978
8,train,1631,979
8,train,1299,980
8,train,1332,981
8,train,2784,982
8,train,376,983
8,train,1704,984
8,train,1298,985
8,train,1526,986
8,train,1583,987
8,train,2864,988
8,train,1837,989
8,train,2593,990
8,train,1440,991
8,train,2162,992
8,train,384,993
8,train,1269,994
8,train,1810,995
8,train,404,996
8,train,973,997
8,train,2858,998
8,train,1234,999
8,train,1826,1000
8,train,2049,1001
8,train,1987,1002
8,train,1129,1003
8,train,2552,1004
8,train,1958,1005
8,train,1694,1006
8,train,1970,1007
8,train,2685,1008
8,train,2155,1009
8,train,119,1010
8,train,257,1011
8,train,2174,1012
8,train,151,1013
8,train,306,1014
8,train,2091,1015
8,train,2969,1016
8,train,2622,1017
8,train,2814,1018
8,train,1020,1019
8,train,2964,1020
8,train,1547,1021
8,train,2652,1022
8,train,1955,1023
8,train,2325,1024
8,train,1406,1025
8,train,114,1026
8,train,1931,1027
8,train,2199,1028
8,train,2586,1029
8,train,25,1030
8,train,158,1031
8,train,2805,1032
8,train,927,1033
8,train,2535,1034
8,train,1804,1035
8,train,2152,1036
8,train,2489,1037
8,train,1706,1038
8,train,1434,1039
8,train,2141,1040
8,train,2904,1041
8,train,1436,1042
8,train,1087,1043
8,train,1754,1044
8,train,2819,1045
8,train,796,1046
8,train,1982,1047
8,train,345,1048
8,train,872,1049
8,train,888,1050
8,train,2113,1051
8,train,2509,1052
8,train,891,1053
8,train,1567,1054
8,train,125,1055
8,train,1417,1056
8,train,2911,1057
8,train,1638,1058
8,train,2467,1059
8,train,135,1060
8,train,5,1061
8,train,2367,1062
8,train,689,1063
8,train,2105,1064
8,train,1972,1065
8,train,313,1066
8,train,2180,1067
8,train,614,1068
8,train,2974,1069
8,train,1102,1070
8,train,2290,1071
8,train,2570,1072
8,train,2567,1073
8,train,1217,1074
8,train,1782,1075
8,train,1772,1076
8,train,671,1077
8,train,1386,1078
8,train,2702,1079
8,train,2137,1080
8,train,1154,1081
8,train,15,1082
8,train,2117,1083
8,train,2355,1084
8,train,2773,1085
8,train,1991,1086
8,train,678,1087
8,train,2735,1088
8,train,2965,1089
8,train,2653,1090
8,train,1620,1091
8,train,1532,1092
8,train,2960,1093
8,train,2959,1094
8,train,560,1095
8,train,1439,1096
8,train,2403,1097
8,train,2677,1098
8,train,701,1099
8,train,2232,1100
8,train,1169,1101
8,train,2408,1102
8,train,398,1103
8,train,1471,1104
8,train,1314,1105
8,train,1495,1106
8,train,647,1107
8,train,2021,1108
8,train,780,1109
8,train,390,1110
8,train,2897,1111
8,train,157,1112
8,train,865,1113
8,train,617,1114
8,train,2182,1115
8,train,1534,1116
8,train,238,1117
8,train,2689,1118
8,train,99,1119
8,train,1432,1120
8,train,96,1121
8,train,364,1122
8,train,682,1123
8,train,423,1124
8,train,1335,1125
8,train,1184,1126
8,train,558,1127
8,train,1848,1128
8,train,971,1129
8,train,1760,1130
8,train,2224,1131
8,train,159,1132
8,train,359,1133
8,train,1699,1134
8,train,493,1135
8,train,1143,1136
8,train,1646,1137
8,train,2123,1138
8,train,2477,1139
8,train,619,1140
8,train,2699,1141
8,train,744,1142
8,train,107,1143
8,train,750,1144
8,train,477,1145
8,train,2808,1146
8,train,1795,1147
8,train,2910,1148
8,train,539,1149
8,train,2559,1150
8,train,361,1151
8,train,883,1152
8,train,2591,1153
8,train,1017,1154
8,train,1739,1155
8,train,422,1156
8,train,127,1157
8,train,2156,1158
8,train,2514,1159
8,train,2042,1160
8,train,2373,1161
8,train,2170,1162
8,train,1663,1163
8,train,272,1164
8,train,261,1165
8,train,1768,1166
8,train,2920,1167
8,train,2075,1168
8,train,944,1169
8,train,1750,1170
8,train,237,1171
8,train,57,1172
8,train,1510,1173
8,train,2947,1174
8,train,2672,1175
8,train,838,1176
8,train,2208,1177
8,train,395,1178
8,train,641,1179
8,train,1006,1180
8,train,2979,1181
8,train,2977,1182
8,train,970,1183
8,train,2536,1184
8,train,21,1185
8,train,233,1186
8,train,2609,1187
8,train,1178,1188
8,train,2625,1189
8,train,1536,1190
8,train,1823,1191
8,train,2667,1192
8,train,223,1193
8,train,1035,1194
8,train,1005,1195
8,train,1677,1196
8,train,1114,1197
8,train,1058,1198
8,train,719,1199
8,train,1092,1200
8,train,285,1201
8,train,1220,1202
8,train,2496,1203
8,train,1233,1204
8,train,1011,1205
8,train,2739,1206
8,train,2809,1207
8,train,1407,1208
8,train,1756,1209
8,train,592,1210
8,train,1190,1211
8,train,1048,1212
8,train,2542,1213
8,train,2078,1214
8,train,2314,1215
8,train,1346,1216
8,train,588,1217
8,train,2638,1218
8,train,1691,1219
8,train,1988,1220
8,train,2716,1221
8,train,2476,1222
8,train,2732,1223
8,train,968,1224
8,train,2361,1225
8,train,2471,1226
8,train,367,1227
8,train,829,1228
8,train,1559,1229
8,train,1682,1230
8,train,1779,1231
8,train,2592,1232
8,train,1045,1233
8,train,1513,1234
8,train,2455,1235
8,train,1723,1236
8,train,1840,1237
8,train,793,1238
8,train,60,1239
8,train,1284,1240
8,train,163,1241
8,train,2019,1242
8,train,385,1243
8,train,2396,1244
8,train,957,1245
8,train,711,1246
8,train,2340,1247
8,train,2376,1248
8,train,2937,1249
8,train,1451,1250
8,train,1998,1251
8,train,1168,1252
8,train,143,1253
8,train,1989,1254
8,train,2782,1255
8,train,1326,1256
8,train,1327,1257
8,train,316,1258
8,train,710,1259
8,train,2798,1260
8,train,1817,1261
8,train,2063,1262
8,train,566,1263
8,train,1530,1264
8,train,590,1265
8,train,494,1266
8,train,1860,1267
8,train,268,1268
8,train,2510,1269
8,train,424,1270
8,train,2470,1271
8,train,66,1272
8,train,2631,1273
8,train,1118,1274
8,train,427,1275
8,train,2730,1276
8,train,2658,1277
8,train,1815,1278
8,train,150,1279
8,train,232,1280
8,train,950,1281
8,train,2226,1282
8,train,222,1283
8,train,2045,1284
8,train,1580,1285
8,train,482,1286
8,train,2873,1287
8,train,1373,1288
8,train,351,1289
8,train,2009,1290
8,train,866,1291
8,train,2607,1292
8,train,2213,1293
8,train,1409,1294
8,train,1307,1295
8,train,126,1296
8,train,868,1297
8,train,579,1298
8,train,2383,1299
8,train,2033,1300
8,train,1648,1301
8,train,1630,1302
8,train,1964,1303
8,train,1925,1304
8,train,1774,1305
8,train,311,1306
8,train,862,1307
8,train,571,1308
8,train,2179,1309
8,train,2449,1310
8,train,520,1311
8,train,1152,1312
8,train,1390,1313
8,train,2125,1314
8,train,1016,1315
8,train,2334,1316
8,train,1512,1317
8,train,1647,1318
8,train,2602,1319
8,train,1511,1320
8,train,2564,1321
8,train,327,1322
8,train,2119,1323
8,train,1916,1324
8,train,2835,1325
8,train,87,1326
8,train,1498,1327
8,train,1562,1328
8,train,2972,1329
8,train,1702,1330
8,train,871,1331
8,train,1110,1332
8,train,2919,1333
8,train,2717,1334
8,train,1115,1335
8,train,832,1336
8,train,2503,1337
8,train,441,1338
8,train,1924,1339
8,train,517,1340
8,train,925,1341
8,train,2158,1342
8,train,180,1343
8,train,1120,1344
8,train,775,1345
8,train,2440,1346
8,train,383,1347
8,train,2000,1348
8,train,2822,1349
8,train,301,1350
8,train,824,1351
8,train,513,1352
8,train,1865,1353
8,train,2580,1354
8,train,2197,1355
8,train,1464,1356
8,train,1651,1357
8,train,2696,1358
8,train,2810,1359
8,train,1470,1360
8,train,1820,1361
8,train,76,1362
8,train,1544,1363
8,train,1669,1364
8,train,808,1365
8,train,1057,1366
8,train,820,1367
8,train,2788,1368
8,train,1040,1369
8,train,1576,1370
8,train,936,1371
8,train,2054,1372
8,train,2206,1373
8,train,341,1374
8,train,2114,1375
8,train,498,1376
8,train,374,1377
8,train,264,1378
8,train,287,1379
8,train,445,1380
8,train,1921,1381
8,train,2859,1382
8,train,2587,1383
8,train,557,1384
8,train,1549,1385
8,train,186,1386
8,train,34,1387
8,train,2265,1388
8,train,1227,1389
8,train,75,1390
8,train,1979,1391
8,train,690,1392
8,train,2086,1393
8,train,2543,1394
8,train,1457,1395
8,train,2298,1396
8,train,636,1397
8,train,652,1398
8,train,2624,1399
8,train,2445,1400
8,train,1467,1401
8,train,947,1402
8,train,1598,1403
8,train,1125,1404
8,train,2692,1405
8,train,1474,1406
8,train,666,1407
8,train,2363,1408
8,train,1633,1409
8,train,983,1410
8,train,373,1411
8,train,1142,1412
8,train,2889,1413
8,train,2683,1414
8,train,2575,1415
8,train,2266,1416
8,train,1685,1417
8,train,2480,1418
8,train,2725,1419
8,train,2668,1420
8,train,2442,1421
8,train,2347,1422
8,train,2,1423
8,train,1256,1424
8,train,2483,1425
8,train,84,1426
8,train,2688,1427
8,train,2023,1428
8,train,1191,1429
8,train,1364,1430
8,train,1697,1431
8,train,1585,1432
8,train,931,1433
8,train,2183,1434
8,train,1947,1435
8,train,1086,1436
8,train,217,1437
8,train,2958,1438
8,train,1460,1439
8,train,202,1440
8,train,761,1441
8,train,738,1442
8,train,61,1443
8,train,391,1444
8,train,2931,1445
8,train,1847,1446
8,train,2640,1447
8,train,845,1448
8,train,1728,1449
8,train,821,1450
8,train,338,1451
8,train,906,1452
8,train,2207,1453
8,train,230,1454
8,train,1892,1455
8,train,1084,1456
8,train,803,1457
8,train,307,1458
8,train,2558,1459
8,train,2047,1460
8,train,2971,1461
8,train,518,1462
8,train,596,1463
8,train,1397,1464
8,train,987,1465
8,train,1884,1466
8,train,6,1467
8,train,884,1468
8,train,2706,1469
8,train,705,1470
8,train,362,1471
8,train,2189,1472
8,train,1276,1473
8,train,1635,1474
8,train,169,1475
8,train,1073,1476
8,train,552,1477
8,train,2731,1478
8,train,136,1479
8,train,1108,1480
8,train,2674,1481
8,train,2787,1482
8,train,2132,1483
8,train,864,1484
8,train,843,1485
8,train,2813,1486
8,train,1014,1487
8,train,77,1488
8,train,2891,1489
8,train,276,1490
8,train,548,1491
8,train,534,1492
8,train,1708,1493
8,train,2694,1494
8,train,2721,1495
8,train,2756,1496
8,train,2142,1497
8,train,653,1498
8,train,2217,1499
8,train,1028,1500
8,train,1540,1501
8,train,1946,1502
8,train,914,1503
8,train,677,1504
8,train,685,1505
8,train,930,1506
8,train,1478,1507
8,train,991,1508
8,train,2913,1509
8,train,753,1510
8,train,70,1511
8,train,2771,1512
8,train,1521,1513
8,train,1371,1514
8,train,1426,1515
8,train,431,1516
8,train,2871,1517
8,train,2135,1518
8,train,848,1519
8,train,2429,1520
8,train,1377,1521
8,train,1623,1522
8,train,2015,1523
8,train,776,1524
8,train,1036,1525
8,train,2258,1526
8,train,684,1527
8,train,564,1528
8,train,17,1529
8,train,2466,1530
8,train,394,1531
8,train,1170,1532
8,train,1867,1533
8,train,2776,1534
8,train,1425,1535
8,train,2669,1536
8,train,2933,1537
8,train,2926,1538
8,train,2508,1539
8,train,172,1540
8,train,712,1541
8,train,1388,1542
8,train,2665,1543
8,train,254,1544
8,train,634,1545
8,train,1778,1546
8,train,2434,1547
8,train,10,1548
8,train,2267,1549
8,train,706,1550
8,train,2447,1551
8,train,2106,1552
8,train,2615,1553
8,train,1270,1554
8,train,2616,1555
8,train,123,1556
8,train,2272,1557
8,train,2080,1558
8,train,1267,1559
8,train,673,1560
8,train,1944,1561
8,train,569,1562
8,train,1199,1563
8,train,2608,1564
8,train,889,1565
8,train,1906,1566
8,train,53,1567
8,train,797,1568
8,train,1076,1569
8,train,1679,1570
8,train,2020,1571
8,train,318,1572
8,train,1985,1573
8,train,1552,1574
8,train,2237,1575
8,train,2161,1576
8,train,428,1577
8,train,658,1578
8,train,1707,1579
8,train,574,1580
8,train,951,1581
8,train,2708,1582
8,train,2571,1583
8,train,2345,1584
8,train,1520,1585
8,train,1251,1586
8,train,1805,1587
8,train,654,1588
8,train,2025,1589
8,train,536,1590
8,train,2870,1591
8,train,856,1592
8,train,877,1593
8,train,450,1594
8,train,188,1595
8,train,1652,1596
8,train,1617,1597
8,train,490,1598
8,train,1597,1599
8,train,292,1600
8,train,615,1601
8,train,2863,1602
8,train,2204,1603
8,train,1277,1604
8,train,969,1605
8,train,2060,1606
8,train,661,1607
8,train,1034,1608
8,train,1416,1609
8,train,2184,1610
8,train,1558,1611
8,train,777,1612
8,train,2371,1613
8,train,2853,1614
8,train,679,1615
8,train,491,1616
8,train,1315,1617
8,train,2942,1618
8,train,16,1619
8,train,2847,1620
8,train,1686,1621
8,train,611,1622
8,train,2981,1623
8,train,2228,1624
8,train,417,1625
8,train,926,1626
8,train,2462,1627
8,train,2768,1628
8,train,1611,1629
8,train,642,1630
8,train,2292,1631
8,train,1545,1632
8,train,1121,1633
8,train,1387,1634
8,train,633,1635
8,train,2230,1636
8,train,1396,1637
8,train,258,1638
8,train,2233,1639
8,train,1033,1640
8,train,153,1641
8,train,847,1642
8,train,956,1643
8,train,1695,1644
8,train,723,1645
8,train,830,1646
8,train,1236,1647
8,train,540,1648
8,train,2082,1649
8,train,974,1650
8,train,434,1651
8,train,1642,1652
8,train,1021,1653
8,train,1475,1654
8,train,570,1655
8,train,1593,1656
8,train,78,1657
8,train,101,1658
8,train,228,1659
8,train,1356,1660
8,train,121,1661
8,train,2243,1662
8,train,1306,1663
8,train,2754,1664
8,train,212,1665
8,train,2649,1666
8,train,2581,1667
8,train,1834,1668
8,train,24,1669
8,train,1519,1670
8,train,2269,1671
8,train,2095,1672
8,train,2101,1673
8,train,139,1674
8,train,1491,1675
8,train,1338,1676
8,train,2842,1677
8,train,2951,1678
8,train,308,1679
8,train,2008,1680
8,train,2343,1681
8,train,1083,1682
8,train,1261,1683
8,train,1742,1684
8,train,814,1685
8,train,1555,1686
8,train,2241,1687
8,train,855,1688
8,train,2583,1689
8,train,949,1690
8,train,429,1691
8,train,2150,1692
8,train,912,1693
8,train,1715,1694
8,train,1683,1695
8,train,2364,1696
8,train,1421,1697
8,train,958,1698
8,train,1235,1699
8,train,2582,1700
8,train,382,1701
8,train,249,1702
8,train,2641,1703
8,train,902,1704
8,train,1841,1705
8,train,2554,1706
8,train,1054,1707
8,train,130,1708
8,train,1122,1709
8,train,293,1710
8,train,643,1711
8,train,717,1712
8,train,1744,1713
8,train,1103,1714
8,train,995,1715
8,train,799,1716
8,train,2855,1717
8,train,2861,1718
8,train,1245,1719
8,train,1151,1720
8,train,330,1721
8,train,1223,1722
8,train,2856,1723
8,train,1994,1724
8,train,2417,1725
8,train,1761,1726
8,train,760,1727
8,train,1627,1728
8,train,2168,1729
8,train,961,1730
8,train,220,1731
8,train,1658,1732
8,train,1132,1733
8,train,1022,1734
8,train,2088,1735
8,train,263,1736
8,train,1984,1737
8,train,1773,1738
8,train,1784,1739
8,train,447,1740
8,train,1408,1741
8,train,1605,1742
8,train,1180,1743
8,train,181,1744
8,train,1202,1745
8,train,2494,1746
8,train,1123,1747
8,train,342,1748
8,train,2096,1749
8,train,2984,1750
8,train,2916,1751
8,train,1676,1752
8,train,2050,1753
8,train,1466,1754
8,train,2781,1755
8,train,315,1756
8,train,68,1757
8,train,454,1758
8,train,698,1759
8,train,1150,1760
8,train,388,1761
8,train,1793,1762
8,train,2218,1763
8,train,2253,1764
8,train,1854,1765
8,train,1918,1766
8,train,749,1767
8,train,572,1768
8,train,1443,1769
8,train,1796,1770
8,train,2001,1771
8,train,2714,1772
8,train,379,1773
8,train,1731,1774
8,train,2393,1775
8,train,2940,1776
8,train,2112,1777
8,train,784,1778
8,train,116,1779
8,train,2420,1780
8,train,2621,1781
8,train,1165,1782
8,train,277,1783
8,train,1508,1784
8,train,2074,1785
8,train,40,1786
8,train,1882,1787
8,train,1447,1788
8,train,1209,1789
8,train,2344,1790
8,train,1268,1791
8,train,1208,1792
8,train,599,1793
8,train,1560,1794
8,train,1790,1795
8,train,231,1796
8,train,2448,1797
8,train,2031,1798
8,train,1975,1799
8,train,1827,1800
8,train,2160,1801
8,train,1441,1802
8,train,2085,1803
8,train,2423,1804
8,train,885,1805
8,train,2806,1806
8,train,2534,1807
8,train,2194,1808
8,train,1954,1809
8,train,516,1810
8,train,2059,1811
8,train,2656,1812
8,train,405,1813
8,train,1383,1814
8,train,1542,1815
8,train,2313,1816
8,train,1292,1817
8,train,2555,1818
8,train,1418,1819
8,train,2827,1820
8,train,214,1821
8,train,1429,1822
8,train,1050,1823
8,train,1275,1824
8,train,2894,1825
8,train,740,1826
8,train,2680,1827
8,train,2812,1828
8,train,1910,1829
8,train,2695,1830
8,train,1431,1831
8,train,2826,1832
8,train,1917,1833
8,train,2490,1834
8,train,2675,1835
8,train,2145,1836
8,train,1806,1837
8,train,1628,1838
8,train,1308,1839
8,train,963,1840
8,train,2349,1841
8,train,2103,1842
8,train,1653,1843
8,train,2338,1844
8,train,2878,1845
8,train,1339,1846
8,train,2171,1847
8,train,2251,1848
8,train,2540,1849
8,train,2333,1850
8,train,2551,1851
8,train,2262,1852
8,train,794,1853
8,train,1398,1854
8,train,1543,1855
8,train,607,1856
8,train,50,1857
8,train,1920,1858
8,train,2573,1859
8,train,2454,1860
8,train,1904,1861
8,train,2907,1862
8,train,1927,1863
8,train,1712,1864
8,train,1680,1865
8,train,1992,1866
8,train,1171,1867
8,train,2177,1868
8,train,1394,1869
8,train,1934,1870
8,train,1718,1871
8,train,1148,1872
8,train,2341,1873
8,train,1619,1874
8,train,1843,1875
8,train,1078,1876
8,train,393,1877
8,train,1134,1878
8,train,1117,1879
8,train,2801,1880
8,train,1258,1881
8,train,2336,1882
8,train,941,1883
8,train,2943,1884
8,train,2892,1885
8,train,2246,1886
8,train,1099,1887
8,train,553,1888
8,train,2961,1889
8,train,2733,1890
8,train,224,1891
8,train,1320,1892
8,train,743,1893
8,train,1166,1894
8,train,2239,1895
8,train,195,1896
8,train,352,1897
8,train,2686,1898
8,train,1342,1899
8,train,1649,1900
8,train,505,1901
8,train,524,1902
8,train,923,1903
8,train,2869,1904
8,train,43,1905
8,train,1253,1906
8,train,1893,1907
8,train,649,1908
8,train,1832,1909
8,train,325,1910
8,train,1537,1911
8,train,2472,1912
8,train,253,1913
8,train,2550,1914
8,train,541,1915
8,train,1678,1916
8,train,2901,1917
8,train,147,1918
8,train,1182,1919
8,train,2133,1920
8,train,1195,1921
8,train,1650,1922
8,train,1136,1923
8,train,1581,1924
8,train,2512,1925
8,train,2515,1926
8,train,2216,1927
8,train,2066,1928
8,train,1570,1929
8,train,2803,1930
8,train,2923,1931
8,train,219,1932
8,train,1146,1933
8,train,1404,1934
8,train,606,1935
8,train,2648,1936
8,train,1857,1937
8,train,1368,1938
8,train,2693,1939
8,train,2043,1940
8,train,1137,1941
8,train,2681,1942
8,train,2934,1943
8,train,1205,1944
8,train,530,1945
8,train,1352,1946
8,train,2332,1947
8,train,921,1948
8,train,47,1949
8,train,1830,1950
8,train,2707,1951
8,train,1903,1952
8,train,2215,1953
8,train,1813,1954
8,train,2328,1955
8,train,2627,1956
8,train,1316,1957
8,train,2069,1958
8,train,381,1959
8,train,201,1960
8,train,1829,1961
8,train,1359,1962
8,train,2885,1963
8,train,1062,1964
8,train,242,1965
8,train,1759,1966
8,train,2500,1967
8,train,2671,1968
8,train,189,1969
8,train,892,1970
8,train,1853,1971
8,train,1878,1972
8,train,2775,1973
8,train,1936,1974
8,train,2167,1975
8,train,2862,1976
8,train,1939,1977
8,train,756,1978
8,train,763,1979
8,train,271,1980
8,train,1859,1981
8,train,310,1982
8,train,149,1983
8,train,1248,1984
8,train,1328,1985
8,train,1844,1986
8,train,600,1987
8,train,411,1988
8,train,129,1989
8,train,2149,1990
8,train,1668,1991
8,train,1372,1992
8,train,1967,1993
8,train,1592,1994
8,train,1130,1995
8,train,328,1996
8,train,2661,1997
8,train,976,1998
8,train,1587,1999
8,train,2636,2000
8,train,1591,2001
8,train,2255,2002
8,train,2418,2003
8,train,681,2004
8,train,154,2005
8,train,2578,2006
8,train,1274,2007
8,train,728,2008
8,train,2711,2009
8,train,1515,2010
8,train,1965,2011
8,train,1777,2012
8,train,1244,2013
8,train,216,2014
8,train,1952,2015
8,train,657,2016
8,train,1231,2017
8,train,1112,2018
8,train,992,2019
8,train,145,2020
8,train,2953,2021
8,train,1899,2022
8,train,152,2023
8,train,1305,2024
8,train,503,2025
8,train,1722,2026
8,train,909,2027
8,train,2072,2028
8,train,465,2029
8,train,252,2030
8,train,537,2031
8,train,2034,2032
8,train,1259,2033
8,train,2682,2034
8,train,156,2035
8,train,1935,2036
8,train,2498,2037
8,train,499,2038
8,train,2701,2039
8,train,919,2040
8,train,1124,2041
8,train,1533,2042
8,train,2002,2043
8,train,2348,2044
8,train,559,2045
8,train,1801,2046
8,train,2759,2047
8,train,117,2048
8,train,1900,2049
8,train,2772,2050
8,train,2004,2051
8,train,783,2052
8,train,2057,2053
8,train,1318,2054
8,train,948,2055
8,train,1665,2056
8,train,639,2057
8,train,1228,2058
8,train,1038,2059
8,train,504,2060
8,train,899,2061
8,train,179,2062
8,train,2765,2063
8,train,1055,2064
8,train,2601,2065
8,train,1280,2066
8,train,1001,2067
8,train,2846,2068
8,train,400,2069
8,train,758,2070
8,train,816,2071
8,train,2214,2072
8,train,2650,2073
8,train,2899,2074
8,train,1700,2075
8,train,2980,2076
8,train,1365,2077
8,train,2647,2078
8,train,2723,2079
8,train,320,2080
8,train,1319,2081
8,train,836,2082
8,train,2906,2083
8,train,2191,2084
8,train,37,2085
8,train,2898,2086
8,train,2186,2087
8,train,225,2088
8,train,2970,2089
8,train,462,2090
8,train,2705,2091
8,train,954,2092
8,train,2084,2093
8,train,2056,2094
8,train,1204,2095
8,train,39,2096
8,train,1215,2097
8,train,259,2098
8,train,2882,2099
8,train,2741,2100
8,train,2854,2101
8,train,2762,2102
8,train,2061,2103
8,train,2637,2104
8,train,2169,2105
8,train,1375,2106
8,train,204,2107
8,train,2556,2108
8,train,702,2109
8,train,2307,2110
8,train,2887,2111
8,train,2326,2112
8,train,952,2113
8,train,2619,2114
8,train,2308,2115
8,train,95,2116
8,train,1973,2117
8,train,1962,2118
8,train,2342,2119
8,train,1350,2120
8,train,1490,2121
8,train,996,2122
8,train,1358,2123
8,train,1211,2124
8,train,593,2125
8,train,1883,2126
8,train,2305,2127
8,train,2679,2128
8,train,35,2129
8,train,687,2130
8,train,1595,2131
8,train,1727,2132
8,train,1473,2133
8,train,273,2134
8,train,1210,2135
8,train,549,2136
8,train,74,2137
8,train,1846,2138
8,train,874,2139
8,train,2475,2140
8,train,1872,2141
8,train,1961,2142
8,train,1563,2143
8,train,1661,2144
8,train,2643,2145
8,train,2064,2146
8,train,886,2147
8,train,489,2148
8,train,2397,2149
8,train,2464,2150
8,train,2676,2151
8,train,2392,2152
8,train,1819,2153
8,train,595,2154
8,train,1577,2155
8,train,1621,2156
8,train,2770,2157
8,train,1594,2158
8,train,896,2159
8,train,2799,2160
8,train,1889,2161
8,train,2774,2162
8,train,1046,2163
8,train,1574,2164
8,train,2617,2165
8,train,895,2166
8,train,2526,2167
8,train,1138,2168
8,train,1382,2169
8,train,2565,2170
8,train,1524,2171
8,train,1198,2172
8,train,699,2173
8,train,1369,2174
8,train,2053,2175
8,train,508,2176
8,train,294,2177
8,train,452,2178
8,train,2178,2179
8,train,1729,2180
8,train,1334,2181
8,train,806,2182
8,train,2651,2183
8,train,171,2184
8,train,1059,2185
8,train,725,2186
8,train,31,2187
8,train,1548,2188
8,train,2789,2189
8,train,365,2190
8,train,1501,2191
8,train,2595,2192
8,train,3,2193
8,train,58,2194
8,train,960,2195
8,train,674,2196
8,train,621,2197
8,train,1379,2198
8,train,1821,2199
8,train,2629,2200
8,train,591,2201
8,train,2949,2202
8,train,402,2203
8,train,2274,2204
8,train,2860,2205
8,train,1153,2206
8,train,2930,2207
8,train,1367,2208
8,train,1081,2209
8,train,1026,2210
8,train,754,2211
8,train,668,2212
8,train,1030,2213
8,train,409,2214
8,train,213,2215
8,train,751,2216
8,train,578,2217
8,train,1816,2218
8,train,568,2219
8,train,703,2220
8,train,469,2221
8,train,2366,2222
8,train,782,2223
8,train,720,2224
8,train,2584,2225
8,train,2439,2226
8,train,1717,2227
8,train,2209,2228
8,train,2424,2229
8,train,1956,2230
8,train,514,2231
8,train,113,2232
8,train,2071,2233
8,train,2175,2234
8,train,128,2235
8,train,4,2236
8,train,1015,2237
8,train,2844,2238
8,train,1313,2239
8,train,1771,2240
8,train,1260,2241
8,train,2546,2242
8,train,747,2243
8,train,2886,2244
8,train,2834,2245
8,train,2090,2246
8,train,878,2247
8,train,1572,2248
8,train,833,2249
8,train,2438,2250
8,train,1516,2251
8,train,2362,2252
8,train,1128,2253
8,train,841,2254
8,train,2143,2255
8,train,769,2256
8,train,2409,2257
8,train,2229,2258
8,train,2900,2259
8,train,713,2260
8,train,2896,2261
8,train,167,2262
8,train,83,2263
8,train,2561,2264
8,train,1322,2265
8,train,1420,2266
8,train,695,2267
8,train,1032,2268
8,train,1579,2269
8,train,484,2270
8,train,1866,2271
8,train,1360,2272
8,train,1255,2273
8,train,459,2274
8,train,665,2275
8,train,1111,2276
8,train,2797,2277
8,train,2645,2278
8,train,1187,2279
8,train,2596,2280
8,train,2281,2281
8,train,898,2282
8,train,2728,2283
8,train,662,2284
8,train,1755,2285
8,train,839,2286
8,train,2444,2287
8,train,1399,2288
8,train,357,2289
8,train,2415,2290
8,train,932,2291
8,train,2831,2292
8,train,1067,2293
8,train,623,2294
8,train,1636,2295
8,train,187,2296
8,train,2146,2297
8,train,2131,2298
8,train,870,2299
8,train,1004,2300
8,train,988,2301
8,train,2013,2302
8,train,2760,2303
8,train,1433,2304
8,train,2884,2305
8,train,2252,2306
8,train,1374,2307
8,train,628,2308
8,train,911,2309
8,train,715,2310
8,train,1655,2311
8,train,481,2312
8,train,173,2313
8,train,529,2314
8,train,375,2315
8,train,805,2316
8,train,2302,2317
8,train,2690,2318
8,train,455,2319
8,train,2744,2320
8,train,1527,2321
8,train,2166,2322
8,train,2126,2323
8,train,1174,2324
8,train,2866,2325
8,train,916,2326
8,train,262,2327
8,train,2678,2328
8,train,997,2329
8,train,62,2330
8,train,2460,2331
8,train,1395,2332
8,train,1290,2333
8,train,986,2334
8,train,2802,2335
8,train,343,2336
8,train,1428,2337
8,train,38,2338
8,train,1618,2339
8,train,953,2340
8,train,752,2341
8,train,284,2342
8,train,867,2343
8,train,1363,2344
8,train,887,2345
8,train,2299,2346
8,train,2590,2347
8,train,380,2348
8,train,2684,2349
8,train,545,2350
8,train,2195,2351
8,train,165,2352
8,train,1689,2353
8,train,2463,2354
8,train,2288,2355
8,train,742,2356
8,train,185,2357
8,train,2356,2358
8,train,1317,2359
8,train,2613,2360
8,train,2094,2361
8,train,2840,2362
8,train,28,2363
8,train,1626,2364
8,train,436,2365
8,train,279,2366
8,train,897,2367
8,train,2297,2368
8,train,2722,2369
8,train,1415,2370
8,train,722,2371
8,train,2221,2372
8,train,11,2373
8,train,582,2374
8,train,904,2375
8,train,2407,2376
8,train,1324,2377
8,train,2978,2378
8,train,2614,2379
8,train,2719,2380
8,train,1155,2381
8,train,1385,2382
8,train,2411,2383
8,train,850,2384
8,train,1968,2385
8,train,2713,2386
8,train,2046,2387
8,val,624,0
8,val,1254,1
8,val,1300,2
8,val,85,3
8,val,975,4
8,val,2275,5
8,val,435,6
8,val,1600,7
8,val,1186,8
8,val,369,9
8,val,2452,10
8,val,861,11
8,val,2151,12
8,val,2384,13
8,val,92,14
8,val,683,15
8,val,1266,16
8,val,265,17
8,val,1281,18
8,val,2841,19
8,val,1522,20
8,val,386,21
8,val,1725,22
8,val,1037,23
8,val,2320,24
8,val,105,25
8,val,1007,26
8,val,1687,27
8,val,2724,28
8,val,1071,29
8,val,1802,30
8,val,1496,31
8,val,882,32
8,val,2742,33
8,val,1690,34
8,val,2203,35
8,val,2359,36
8,val,587,37
8,val,2190,38
8,val,1485,39
8,val,2322,40
8,val,2129,41
8,val,2644,42
8,val,2963,43
8,val,2553,44
8,val,1654,45
8,val,510,46
8,val,2751,47
8,val,7,48
8,val,1996,49
8,val,1477,50
8,val,1640,51
8,val,1160,52
8,val,1573,53
8,val,1787,54
8,val,675,55
8,val,1692,56
8,val,1564,57
8,val,631,58
8,val,1703,59
8,val,1734,60
8,val,2750,61
8,val,2791,62
8,val,1550,63
8,val,476,64
8,val,1799,65
8,val,984,66
8,val,2140,67
8,val,915,68
8,val,1582,69
8,val,580,70
8,val,1402,71
8,val,210,72
8,val,1589,73
8,val,207,74
8,val,2283,75
8,val,2697,76
8,val,2962,77
8,val,190,78
8,val,2875,79
8,val,1476,80
8,val,1008,81
8,val,1135,82
8,val,2612,83
8,val,27,84
8,val,2879,85
8,val,1401,86
8,val,1664,87
8,val,1056,88
8,val,2747,89
8,val,2017,90
8,val,2522,91
8,val,1247,92
8,val,2067,93
8,val,109,94
8,val,1047,95
8,val,69,96
8,val,1963,97
8,val,1615,98
8,val,550,99
8,val,1448,100
8,val,2051,101
8,val,2532,102
8,val,1462,103
8,val,561,104
8,val,815,105
8,val,501,106
8,val,250,107
8,val,2795,108
8,val,1100,109
8,val,2488,110
8,val,586,111
8,val,370,112
8,val,823,113
8,val,1724,114
8,val,2235,115
8,val,834,116
8,val,1061,117
8,val,275,118
8,val,1288,119
8,val,697,120
8,val,1094,121
8,val,106,122
8,val,2769,123
8,val,810,124
8,val,778,125
8,val,2600,126
8,val,2524,127
8,val,669,128
8,val,1908,129
8,val,2236,130
8,val,2035,131
8,val,198,132
8,val,2539,133
8,val,133,134
8,val,2435,135
8,val,1503,136
8,val,26,137
8,val,2715,138
8,val,2642,139
8,val,2594,140
8,val,1161,141
8,val,2257,142
8,val,1370,143
8,val,1541,144
8,val,1472,145
8,val,467,146
8,val,982,147
8,val,2893,148
8,val,1181,149
8,val,2630,150
8,val,2479,151
8,val,726,152
8,val,659,153
8,val,2525,154
8,val,466,155
8,val,2300,156
8,val,1794,157
8,val,348,158
8,val,2030,159
8,val,2566,160
8,val,1629,161
8,val,1928,162
8,val,1107,163
8,val,2881,164
8,val,1999,165
8,val,2124,166
8,val,1959,167
8,val,2482,168
8,val,2365,169
8,val,2185,170
8,val,2372,171
8,val,453,172
8,val,2734,173
8,val,1400,174
8,val,646,175
8,val,1556,176
8,val,910,177
8,val,1262,178
8,val,299,179
8,val,562,180
8,val,2165,181
8,val,581,182
8,val,1855,183
8,val,2287,184
8,val,538,185
8,val,2611,186
8,val,1095,187
8,val,470,188
8,val,1303,189
8,val,2929,190
8,val,2081,191
8,val,526,192
8,val,2007,193
8,val,2294,194
8,val,2973,195
8,val,1145,196
8,val,2915,197
8,val,2419,198
8,val,2107,199
8,val,1981,200
8,val,2068,201
8,val,234,202
8,val,1766,203
8,val,1002,204
8,val,2473,205
8,val,745,206
8,val,164,207
8,val,2205,208
8,val,876,209
8,val,1943,210
8,val,407,211
8,val,2321,212
8,val,241,213
8,val,312,214
8,val,2139,215
8,val,267,216
8,val,1183,217
8,val,2211,218
8,val,1603,219
8,val,416,220
8,val,2872,221
8,val,478,222
8,val,2306,223
8,val,846,224
8,val,286,225
8,val,2401,226
8,val,1405,227
8,val,2703,228
8,val,1625,229
8,val,880,230
8,val,2952,231
8,val,2350,232
8,val,2955,233
8,val,397,234
8,val,245,235
8,val,2519,236
8,val,1263,237
8,val,1393,238
8,val,200,239
8,val,2850,240
8,val,2948,241
8,val,1361,242
8,val,813,243
8,val,1329,244
8,val,1571,245
8,val,168,246
8,val,112,247
8,val,2317,248
8,val,2830,249
8,val,2832,250
8,val,2089,251
8,val,502,252
8,val,523,253
8,val,2391,254
8,val,1341,255
8,val,2315,256
8,val,1828,257
8,val,2100,258
8,val,2912,259
8,val,492,260
8,val,770,261
8,val,1719,262
8,val,2304,263
8,val,2968,264
8,val,1876,265
8,val,597,266
8,val,939,267
8,val,1347,268
8,val,2523,269
8,val,2076,270
8,val,1880,271
8,val,240,272
8,val,444,273
8,val,2727,274
8,val,1240,275
8,val,852,276
8,val,512,277
8,val,802,278
8,val,1043,279
8,val,859,280
8,val,2530,281
8,val,1775,282
8,val,2548,283
8,val,2102,284
8,val,2576,285
8,val,82,286
8,val,215,287
8,val,334,288
8,val,1657,289
8,val,788,290
8,val,1044,291
8,val,1551,292
8,val,297,293
8,val,1219,294
8,val,430,295
8,val,2985,296
8,val,2428,297
8,val,495,298
9,train,2270,0
9,train,202,1
9,train,531,2
9,train,998,3
9,train,2202,4
9,train,2622,5
9,train,1958,6
9,train,313,7
9,train,1217,8
9,train,2878,9
9,train,1700,10
9,train,1169,11
9,train,2524,12
9,train,1735,13
9,train,270,14
9,train,1118,15
9,train,2693,16
9,train,827,17
9,train,667,18
9,train,2401,19
9,train,1561,20
9,train,2957,21
9,train,1184,22
9,train,2616,23
9,train,2597,24
9,train,2263,25
9,train,1696,26
9,train,1774,27
9,train,1223,28
9,train,1398,29
9,train,1069,30
9,train,1204,31
9,train,2439,32
9,train,1225,33
9,train,946,34
9,train,1960,35
9,train,2954,36
9,train,5,37
9,train,2397,38
9,train,695,39
9,train,1710,40
9,train,1247,41
9,train,711,42
9,train,2679,43
9,train,2564,44
9,train,1290,45
9,train,2973,46
9,train,2870,47
9,train,1699,48
9,train,1211,49
9,train,2543,50
9,train,966,51
9,train,456,52
9,train,241,53
9,train,2184,54
9,train,755,55
9,train,2265,56
9,train,2391,57
9,train,854,58
9,train,1043,59
9,train,920,60
9,train,1673,61
9,train,899,62
9,train,538,63
9,train,2956,64
9,train,284,65
9,train,1757,66
9,train,1236,67
9,train,308,68
9,train,1448,69
9,train,2305,70
9,train,412,71
9,train,883,72
9,train,2024,73
9,train,645,74
9,train,816,75
9,train,232,76
9,train,2580,77
9,train,1331,78
9,train,741,79
9,train,1347,80
9,train,852,81
9,train,466,82
9,train,702,83
9,train,723,84
9,train,1661,85
9,train,2653,86
9,train,2700,87
9,train,1727,88
9,train,1056,89
9,train,1276,90
9,train,1157,91
9,train,1723,92
9,train,1164,93
9,train,1611,94
9,train,2326,95
9,train,103,96
9,train,1852,97
9,train,2026,98
9,train,2291,99
9,train,1160,100
9,train,1065,101
9,train,2698,102
9,train,2013,103
9,train,2299,104
9,train,1527,105
9,train,2219,106
9,train,2713,107
9,train,2856,108
9,train,464,109
9,train,2415,110
9,train,701,111
9,train,2672,112
9,train,2851,113
9,train,367,114
9,train,449,115
9,train,1509,116
9,train,1941,117
9,train,1051,118
9,train,2645,119
9,train,954,120
9,train,2336,121
9,train,1041,122
9,train,35,123
9,train,1406,124
9,train,1494,125
9,train,2689,126
9,train,480,127
9,train,1934,128
9,train,744,129
9,train,1854,130
9,train,2566,131
9,train,490,132
9,train,1197,133
9,train,2420,134
9,train,1267,135
9,train,1987,136
9,train,1587,137
9,train,365,138
9,train,826,139
9,train,1751,140
9,train,1426,141
9,train,782,142
9,train,1942,143
9,train,1376,144
9,train,832,145
9,train,1685,146
9,train,1543,147
9,train,633,148
9,train,259,149
9,train,381,150
9,train,4,151
9,train,244,152
9,train,1806,153
9,train,1568,154
9,train,1470,155
9,train,1322,156
9,train,1224,157
9,train,148,158
9,train,271,159
9,train,915,160
9,train,1130,161
9,train,1208,162
9,train,1215,163
9,train,2845,164
9,train,1972,165
9,train,1473,166
9,train,2421,167
9,train,1605,168
9,train,2903,169
9,train,1382,170
9,train,1218,171
9,train,2317,172
9,train,71,173
9,train,1324,174
9,train,519,175
9,train,2493,176
9,train,349,177
9,train,2419,178
9,train,1155,179
9,train,2534,180
9,train,2220,181
9,train,1464,182
9,train,2241,183
9,train,2211,184
9,train,1147,185
9,train,1205,186
9,train,610,187
9,train,2883,188
9,train,163,189
9,train,2862,190
9,train,1071,191
9,train,1747,192
9,train,2551,193
9,train,2774,194
9,train,613,195
9,train,541,196
9,train,2169,197
9,train,1883,198
9,train,2933,199
9,train,2634,200
9,train,2867,201
9,train,1287,202
9,train,924,203
9,train,330,204
9,train,257,205
9,train,2059,206
9,train,574,207
9,train,2740,208
9,train,530,209
9,train,824,210
9,train,1312,211
9,train,2525,212
9,train,357,213
9,train,2075,214
9,train,568,215
9,train,2705,216
9,train,822,217
9,train,791,218
9,train,2226,219
9,train,1353,220
9,train,2780,221
9,train,2794,222
9,train,2924,223
9,train,2187,224
9,train,1859,225
9,train,1807,226
9,train,254,227
9,train,1557,228
9,train,758,229
9,train,1622,230
9,train,370,231
9,train,2480,232
9,train,697,233
9,train,82,234
9,train,1363,235
9,train,1814,236
9,train,2850,237
9,train,1756,238
9,train,2535,239
9,train,2172,240
9,train,1671,241
9,train,914,242
9,train,1712,243
9,train,576,244
9,train,1200,245
9,train,2688,246
9,train,1714,247
9,train,1654,248
9,train,1555,249
9,train,1695,250
9,train,455,251
9,train,2505,252
9,train,1734,253
9,train,621,254
9,train,333,255
9,train,1375,256
9,train,2697,257
9,train,2892,258
9,train,318,259
9,train,2130,260
9,train,1489,261
9,train,706,262
9,train,749,263
9,train,1799,264
9,train,584,265
9,train,2607,266
9,train,858,267
9,train,2358,268
9,train,1506,269
9,train,2426,270
9,train,1983,271
9,train,57,272
9,train,1831,273
9,train,1414,274
9,train,355,275
9,train,2573,276
9,train,1572,277
9,train,1170,278
9,train,2783,279
9,train,1961,280
9,train,931,281
9,train,2036,282
9,train,2251,283
9,train,1697,284
9,train,2183,285
9,train,1766,286
9,train,1618,287
9,train,2141,288
9,train,2454,289
9,train,2260,290
9,train,2046,291
9,train,1844,292
9,train,70,293
9,train,133,294
9,train,1887,295
9,train,638,296
9,train,260,297
9,train,559,298
9,train,356,299
9,train,1013,300
9,train,1648,301
9,train,2504,302
9,train,2119,303
9,train,2428,304
9,train,655,305
9,train,1112,306
9,train,912,307
9,train,696,308
9,train,1769,309
9,train,1178,310
9,train,2837,311
9,train,2098,312
9,train,1022,313
9,train,115,314
9,train,2348,315
9,train,970,316
9,train,2881,317
9,train,630,318
9,train,268,319
9,train,2038,320
9,train,1143,321
9,train,902,322
9,train,2769,323
9,train,1009,324
9,train,1919,325
9,train,2173,326
9,train,2731,327
9,train,1365,328
9,train,757,329
9,train,53,330
9,train,280,331
9,train,813,332
9,train,1575,333
9,train,1655,334
9,train,425,335
9,train,106,336
9,train,1892,337
9,train,1175,338
9,train,756,339
9,train,2854,340
9,train,1314,341
9,train,588,342
9,train,2367,343
9,train,1813,344
9,train,171,345
9,train,2344,346
9,train,2411,347
9,train,2180,348
9,train,2483,349
9,train,874,350
9,train,892,351
9,train,195,352
9,train,2860,353
9,train,2816,354
9,train,2347,355
9,train,548,356
9,train,448,357
9,train,109,358
9,train,1108,359
9,train,2716,360
9,train,135,361
9,train,927,362
9,train,1475,363
9,train,815,364
9,train,9,365
9,train,839,366
9,train,2840,367
9,train,522,368
9,train,2006,369
9,train,2342,370
9,train,2049,371
9,train,1283,372
9,train,693,373
9,train,1348,374
9,train,1667,375
9,train,2118,376
9,train,286,377
9,train,1359,378
9,train,1046,379
9,train,31,380
9,train,1457,381
9,train,1953,382
9,train,151,383
9,train,1255,384
9,train,56,385
9,train,1301,386
9,train,1412,387
9,train,2160,388
9,train,1652,389
9,train,1531,390
9,train,2796,391
9,train,2300,392
9,train,2758,393
9,train,2047,394
9,train,1647,395
9,train,2498,396
9,train,823,397
9,train,1329,398
9,train,1544,399
9,train,1610,400
9,train,1279,401
9,train,1220,402
9,train,1785,403
9,train,2575,404
9,train,770,405
9,train,1686,406
9,train,2877,407
9,train,2981,408
9,train,1109,409
9,train,139,410
9,train,922,411
9,train,1978,412
9,train,1801,413
9,train,2167,414
9,train,775,415
9,train,745,416
9,train,2037,417
9,train,2521,418
9,train,2626,419
9,train,2553,420
9,train,2743,421
9,train,928,422
9,train,830,423
9,train,509,424
9,train,2448,425
9,train,1,426
9,train,1309,427
9,train,579,428
9,train,378,429
9,train,1755,430
9,train,1917,431
9,train,18,432
9,train,1496,433
9,train,470,434
9,train,2218,435
9,train,1984,436
9,train,896,437
9,train,2644,438
9,train,780,439
9,train,1791,440
9,train,1968,441
9,train,1552,442
9,train,1783,443
9,train,818,444
9,train,1753,445
9,train,1243,446
9,train,2041,447
9,train,77,448
9,train,2649,449
9,train,197,450
9,train,99,451
9,train,2522,452
9,train,955,453
9,train,2256,454
9,train,712,455
9,train,820,456
9,train,1974,457
9,train,1792,458
9,train,1613,459
9,train,2592,460
9,train,959,461
9,train,2788,462
9,train,1044,463
9,train,1754,464
9,train,596,465
9,train,2784,466
9,train,2577,467
9,train,893,468
9,train,1394,469
9,train,573,470
9,train,2773,471
9,train,843,472
9,train,540,473
9,train,281,474
9,train,2182,475
9,train,1875,476
9,train,796,477
9,train,96,478
9,train,523,479
9,train,491,480
9,train,709,481
9,train,1436,482
9,train,1405,483
9,train,229,484
9,train,2761,485
9,train,287,486
9,train,936,487
9,train,2364,488
9,train,2422,489
9,train,61,490
9,train,2756,491
9,train,1973,492
9,train,495,493
9,train,19,494
9,train,1100,495
9,train,1680,496
9,train,1245,497
9,train,1860,498
9,train,861,499
9,train,1996,500
9,train,656,501
9,train,627,502
9,train,1787,503
9,train,2170,504
9,train,1595,505
9,train,821,506
9,train,1346,507
9,train,2905,508
9,train,751,509
9,train,2600,510
9,train,2885,511
9,train,2666,512
9,train,2235,513
9,train,2054,514
9,train,776,515
9,train,983,516
9,train,2497,517
9,train,2082,518
9,train,603,519
9,train,341,520
9,train,2608,521
9,train,1122,522
9,train,2818,523
9,train,2115,524
9,train,804,525
9,train,233,526
9,train,2934,527
9,train,2166,528
9,train,2063,529
9,train,641,530
9,train,705,531
9,train,301,532
9,train,1663,533
9,train,81,534
9,train,1781,535
9,train,465,536
9,train,2550,537
9,train,2520,538
9,train,825,539
9,train,2581,540
9,train,1001,541
9,train,1517,542
9,train,537,543
9,train,1690,544
9,train,2657,545
9,train,362,546
9,train,945,547
9,train,1989,548
9,train,921,549
9,train,732,550
9,train,1026,551
9,train,1282,552
9,train,1469,553
9,train,2585,554
9,train,1548,555
9,train,1750,556
9,train,2969,557
9,train,1266,558
9,train,2699,559
9,train,2736,560
9,train,1594,561
9,train,1409,562
9,train,684,563
9,train,663,564
9,train,1481,565
9,train,1992,566
9,train,802,567
9,train,2189,568
9,train,1011,569
9,train,950,570
9,train,1173,571
9,train,1077,572
9,train,1793,573
9,train,2714,574
9,train,526,575
9,train,1698,576
9,train,1418,577
9,train,2123,578
9,train,186,579
9,train,2709,580
9,train,1964,581
9,train,2960,582
9,train,2537,583
9,train,2879,584
9,train,1168,585
9,train,1126,586
9,train,91,587
9,train,1918,588
9,train,48,589
9,train,1805,590
9,train,1349,591
9,train,1246,592
9,train,557,593
9,train,591,594
9,train,2702,595
9,train,2363,596
9,train,752,597
9,train,1445,598
9,train,2810,599
9,train,853,600
9,train,58,601
9,train,1416,602
9,train,2165,603
9,train,1620,604
9,train,1971,605
9,train,2224,606
9,train,2275,607
9,train,2565,608
9,train,1773,609
9,train,1307,610
9,train,1034,611
9,train,2838,612
9,train,933,613
9,train,2161,614
9,train,2591,615
9,train,753,616
9,train,2638,617
9,train,79,618
9,train,87,619
9,train,1882,620
9,train,1970,621
9,train,2967,622
9,train,571,623
9,train,2311,624
9,train,499,625
9,train,1540,626
9,train,679,627
9,train,261,628
9,train,772,629
9,train,2947,630
9,train,2022,631
9,train,635,632
9,train,2517,633
9,train,2084,634
9,train,981,635
9,train,1388,636
9,train,2655,637
9,train,132,638
9,train,1811,639
9,train,475,640
9,train,1997,641
9,train,1853,642
9,train,2104,643
9,train,75,644
9,train,2832,645
9,train,2542,646
9,train,710,647
9,train,1121,648
9,train,1849,649
9,train,1280,650
9,train,352,651
9,train,872,652
9,train,249,653
9,train,2315,654
9,train,623,655
9,train,788,656
9,train,2313,657
9,train,1692,658
9,train,2137,659
9,train,42,660
9,train,1832,661
9,train,1981,662
9,train,2612,663
9,train,16,664
9,train,1534,665
9,train,1683,666
9,train,1899,667
9,train,838,668
9,train,1659,669
9,train,2103,670
9,train,890,671
9,train,982,672
9,train,2442,673
9,train,577,674
9,train,1374,675
9,train,730,676
9,train,2293,677
9,train,27,678
9,train,615,679
9,train,2822,680
9,train,2365,681
9,train,1560,682
9,train,347,683
9,train,2402,684
9,train,1979,685
9,train,595,686
9,train,1221,687
9,train,1871,688
9,train,2229,689
9,train,452,690
9,train,500,691
9,train,1030,692
9,train,2138,693
9,train,492,694
9,train,1074,695
9,train,1425,696
9,train,207,697
9,train,123,698
9,train,2686,699
9,train,1830,700
9,train,1545,701
9,train,1449,702
9,train,276,703
9,train,167,704
9,train,884,705
9,train,2604,706
9,train,1583,707
9,train,2306,708
9,train,1021,709
9,train,476,710
9,train,1250,711
9,train,529,712
9,train,2133,713
9,train,1643,714
9,train,224,715
9,train,2651,716
9,train,805,717
9,train,1177,718
9,train,1293,719
9,train,1391,720
9,train,2950,721
9,train,2663,722
9,train,2350,723
9,train,228,724
9,train,2491,725
9,train,1913,726
9,train,2171,727
9,train,1822,728
9,train,428,729
9,train,2453,730
9,train,977,731
9,train,1838,732
9,train,2846,733
9,train,1201,734
9,train,589,735
9,train,1986,736
9,train,2637,737
9,train,340,738
9,train,1504,739
9,train,1718,740
9,train,1956,741
9,train,1682,742
9,train,2266,743
9,train,2815,744
9,train,1358,745
9,train,2511,746
9,train,2296,747
9,train,2665,748
9,train,1268,749
9,train,646,750
9,train,1060,751
9,train,1898,752
9,train,606,753
9,train,1340,754
9,train,393,755
9,train,1556,756
9,train,170,757
9,train,717,758
9,train,2695,759
9,train,620,760
9,train,2595,761
9,train,1486,762
9,train,2482,763
9,train,1259,764
9,train,1535,765
9,train,1658,766
9,train,1823,767
9,train,2546,768
9,train,2244,769
9,train,2335,770
9,train,2633,771
9,train,888,772
9,train,2181,773
9,train,2230,774
9,train,1073,775
9,train,870,776
9,train,2207,777
9,train,1761,778
9,train,1156,779
9,train,1593,780
9,train,2572,781
9,train,937,782
9,train,1880,783
9,train,876,784
9,train,345,785
9,train,2092,786
9,train,217,787
9,train,1028,788
9,train,911,789
9,train,2325,790
9,train,325,791
9,train,23,792
9,train,2109,793
9,train,213,794
9,train,738,795
9,train,450,796
9,train,1516,797
9,train,1944,798
9,train,1407,799
9,train,2393,800
9,train,604,801
9,train,2083,802
9,train,2739,803
9,train,2826,804
9,train,2675,805
9,train,424,806
9,train,739,807
9,train,2609,808
9,train,2208,809
9,train,1576,810
9,train,880,811
9,train,1263,812
9,train,2286,813
9,train,2682,814
9,train,549,815
9,train,180,816
9,train,2272,817
9,train,2088,818
9,train,157,819
9,train,2972,820
9,train,2349,821
9,train,293,822
9,train,2914,823
9,train,2895,824
9,train,1703,825
9,train,2436,826
9,train,1947,827
9,train,1779,828
9,train,454,829
9,train,2417,830
9,train,2090,831
9,train,682,832
9,train,773,833
9,train,1722,834
9,train,704,835
9,train,1138,836
9,train,1786,837
9,train,551,838
9,train,2435,839
9,train,2889,840
9,train,2723,841
9,train,2615,842
9,train,1702,843
9,train,2710,844
9,train,1861,845
9,train,1524,846
9,train,2929,847
9,train,1320,848
9,train,1592,849
9,train,292,850
9,train,483,851
9,train,2586,852
9,train,1140,853
9,train,193,854
9,train,934,855
9,train,2279,856
9,train,980,857
9,train,188,858
9,train,2433,859
9,train,2094,860
9,train,1771,861
9,train,2147,862
9,train,778,863
9,train,851,864
9,train,3,865
9,train,2020,866
9,train,209,867
9,train,2213,868
9,train,1395,869
9,train,2734,870
9,train,2884,871
9,train,525,872
9,train,1238,873
9,train,2007,874
9,train,2866,875
9,train,1114,876
9,train,1179,877
9,train,1005,878
9,train,2000,879
9,train,1869,880
9,train,2304,881
9,train,2345,882
9,train,92,883
9,train,2855,884
9,train,361,885
9,train,372,886
9,train,923,887
9,train,1180,888
9,train,2813,889
9,train,2624,890
9,train,1433,891
9,train,647,892
9,train,774,893
9,train,2096,894
9,train,2247,895
9,train,1456,896
9,train,191,897
9,train,262,898
9,train,305,899
9,train,2661,900
9,train,111,901
9,train,1530,902
9,train,2465,903
9,train,2198,904
9,train,161,905
9,train,2359,906
9,train,762,907
9,train,750,908
9,train,1202,909
9,train,179,910
9,train,453,911
9,train,467,912
9,train,504,913
9,train,932,914
9,train,878,915
9,train,768,916
9,train,2515,917
9,train,235,918
9,train,1907,919
9,train,2487,920
9,train,664,921
9,train,1523,922
9,train,2217,923
9,train,683,924
9,train,1900,925
9,train,2274,926
9,train,2985,927
9,train,1904,928
9,train,2195,929
9,train,2394,930
9,train,640,931
9,train,243,932
9,train,1444,933
9,train,473,934
9,train,1318,935
9,train,2276,936
9,train,1931,937
9,train,2499,938
9,train,1630,939
9,train,434,940
9,train,2424,941
9,train,2836,942
9,train,2785,943
9,train,2339,944
9,train,1906,945
9,train,1227,946
9,train,462,947
9,train,2923,948
9,train,1084,949
9,train,1746,950
9,train,1466,951
9,train,1646,952
9,train,2946,953
9,train,2503,954
9,train,687,955
9,train,1231,956
9,train,149,957
9,train,1438,958
9,train,147,959
9,train,2965,960
9,train,1536,961
9,train,2912,962
9,train,1152,963
9,train,1936,964
9,train,1210,965
9,train,2353,966
9,train,396,967
9,train,1189,968
9,train,1432,969
9,train,1537,970
9,train,1728,971
9,train,2126,972
9,train,2841,973
9,train,2628,974
9,train,2443,975
9,train,429,976
9,train,1850,977
9,train,1632,978
9,train,1585,979
9,train,2150,980
9,train,1339,981
9,train,1858,982
9,train,317,983
9,train,2035,984
9,train,2071,985
9,train,1070,986
9,train,961,987
9,train,1653,988
9,train,1969,989
9,train,1328,990
9,train,2948,991
9,train,2926,992
9,train,1165,993
9,train,2065,994
9,train,1134,995
9,train,1313,996
9,train,2902,997
9,train,1341,998
9,train,2330,999
9,train,850,1000
9,train,2620,1001
9,train,1094,1002
9,train,794,1003
9,train,94,1004
9,train,1294,1005
9,train,2745,1006
9,train,947,1007
9,train,1533,1008
9,train,941,1009
9,train,1752,1010
9,train,1016,1011
9,train,863,1012
9,train,2423,1013
9,train,2897,1014
9,train,2068,1015
9,train,2829,1016
9,train,2100,1017
9,train,414,1018
9,train,2776,1019
9,train,875,1020
9,train,1128,1021
9,train,643,1022
9,train,266,1023
9,train,2151,1024
9,train,1296,1025
9,train,122,1026
9,train,2789,1027
9,train,267,1028
9,train,2847,1029
9,train,2691,1030
9,train,985,1031
9,train,285,1032
9,train,2205,1033
9,train,2259,1034
9,train,2085,1035
9,train,1291,1036
9,train,2268,1037
9,train,446,1038
9,train,904,1039
9,train,2066,1040
9,train,2368,1041
9,train,2587,1042
9,train,671,1043
9,train,150,1044
9,train,1062,1045
9,train,2053,1046
9,train,2378,1047
9,train,1467,1048
9,train,944,1049
9,train,846,1050
9,train,2064,1051
9,train,252,1052
9,train,2907,1053
9,train,1120,1054
9,train,1338,1055
9,train,2765,1056
9,train,599,1057
9,train,442,1058
9,train,819,1059
9,train,2484,1060
9,train,2963,1061
9,train,1441,1062
9,train,1249,1063
9,train,2113,1064
9,train,66,1065
9,train,1014,1066
9,train,1636,1067
9,train,505,1068
9,train,2097,1069
9,train,978,1070
9,train,1229,1071
9,train,866,1072
9,train,2744,1073
9,train,422,1074
9,train,295,1075
9,train,2155,1076
9,train,952,1077
9,train,1704,1078
9,train,1916,1079
9,train,278,1080
9,train,2240,1081
9,train,2601,1082
9,train,2557,1083
9,train,1863,1084
9,train,2802,1085
9,train,60,1086
9,train,2228,1087
9,train,351,1088
9,train,586,1089
9,train,2828,1090
9,train,1303,1091
9,train,1380,1092
9,train,1256,1093
9,train,1139,1094
9,train,1342,1095
9,train,1033,1096
9,train,631,1097
9,train,1458,1098
9,train,2560,1099
9,train,437,1100
9,train,2872,1101
9,train,1150,1102
9,train,206,1103
9,train,517,1104
9,train,763,1105
9,train,187,1106
9,train,2243,1107
9,train,602,1108
9,train,2032,1109
9,train,2728,1110
9,train,2142,1111
9,train,2328,1112
9,train,2003,1113
9,train,2671,1114
9,train,113,1115
9,train,1277,1116
9,train,215,1117
9,train,337,1118
9,train,1357,1119
9,train,1045,1120
9,train,2852,1121
9,train,283,1122
9,train,1923,1123
9,train,2809,1124
9,train,1479,1125
9,train,1975,1126
9,train,2501,1127
9,train,760,1128
9,train,2951,1129
9,train,1588,1130
9,train,1574,1131
9,train,1749,1132
9,train,930,1133
9,train,1269,1134
9,train,1004,1135
9,train,834,1136
9,train,628,1137
9,train,2341,1138
9,train,1367,1139
9,train,2532,1140
9,train,2558,1141
9,train,2927,1142
9,train,553,1143
9,train,967,1144
9,train,943,1145
9,train,306,1146
9,train,1651,1147
9,train,494,1148
9,train,400,1149
9,train,969,1150
9,train,534,1151
9,train,210,1152
9,train,1383,1153
9,train,2492,1154
9,train,648,1155
9,train,2258,1156
9,train,2583,1157
9,train,699,1158
9,train,1645,1159
9,train,481,1160
9,train,181,1161
9,train,1508,1162
9,train,1959,1163
9,train,1018,1164
9,train,406,1165
9,train,142,1166
9,train,2125,1167
9,train,2594,1168
9,train,1650,1169
9,train,1023,1170
9,train,1495,1171
9,train,1758,1172
9,train,350,1173
9,train,234,1174
9,train,2875,1175
9,train,2798,1176
9,train,2002,1177
9,train,508,1178
9,train,1851,1179
9,train,2512,1180
9,train,520,1181
9,train,1862,1182
9,train,639,1183
9,train,1050,1184
9,train,580,1185
9,train,1888,1186
9,train,2915,1187
9,train,160,1188
9,train,1129,1189
9,train,1463,1190
9,train,2968,1191
9,train,1095,1192
9,train,988,1193
9,train,1002,1194
9,train,2139,1195
9,train,2552,1196
9,train,592,1197
9,train,957,1198
9,train,2685,1199
9,train,1104,1200
9,train,2332,1201
9,train,1371,1202
9,train,1615,1203
9,train,104,1204
9,train,2978,1205
9,train,458,1206
9,train,2711,1207
9,train,2111,1208
9,train,2028,1209
9,train,1053,1210
9,train,2201,1211
9,train,1503,1212
9,train,2246,1213
9,train,968,1214
9,train,101,1215
9,train,1665,1216
9,train,2463,1217
9,train,1921,1218
9,train,2407,1219
9,train,608,1220
9,train,388,1221
9,train,1795,1222
9,train,1943,1223
9,train,2307,1224
9,train,297,1225
9,train,1724,1226
9,train,315,1227
9,train,675,1228
9,train,2961,1229
9,train,2568,1230
9,train,2396,1231
9,train,20,1232
9,train,54,1233
9,train,339,1234
9,train,1520,1235
9,train,2221,1236
9,train,2468,1237
9,train,685,1238
9,train,366,1239
9,train,2849,1240
9,train,2662,1241
9,train,1354,1242
9,train,380,1243
9,train,2310,1244
9,train,546,1245
9,train,2060,1246
9,train,2070,1247
9,train,2438,1248
9,train,2803,1249
9,train,587,1250
9,train,2030,1251
9,train,882,1252
9,train,2548,1253
9,train,2354,1254
9,train,1598,1255
9,train,153,1256
9,train,1689,1257
9,train,1748,1258
9,train,36,1259
9,train,1285,1260
9,train,125,1261
9,train,390,1262
9,train,2971,1263
9,train,134,1264
9,train,2751,1265
9,train,2953,1266
9,train,377,1267
9,train,165,1268
9,train,1377,1269
9,train,2232,1270
9,train,2410,1271
9,train,777,1272
9,train,1815,1273
9,train,2199,1274
9,train,1532,1275
9,train,2732,1276
9,train,1417,1277
9,train,1922,1278
9,train,2843,1279
9,train,2782,1280
9,train,2333,1281
9,train,2544,1282
9,train,2479,1283
9,train,2281,1284
9,train,1737,1285
9,train,374,1286
9,train,1775,1287
9,train,2018,1288
9,train,2106,1289
9,train,1600,1290
9,train,1385,1291
9,train,1083,1292
9,train,1794,1293
9,train,1839,1294
9,train,1039,1295
9,train,877,1296
9,train,2120,1297
9,train,518,1298
9,train,1569,1299
9,train,2462,1300
9,train,1203,1301
9,train,769,1302
9,train,1454,1303
9,train,1048,1304
9,train,2673,1305
9,train,1478,1306
9,train,263,1307
9,train,2821,1308
9,train,46,1309
9,train,131,1310
9,train,1254,1311
9,train,1187,1312
9,train,1816,1313
9,train,2429,1314
9,train,496,1315
9,train,2918,1316
9,train,2131,1317
9,train,418,1318
9,train,78,1319
9,train,395,1320
9,train,2857,1321
9,train,1434,1322
9,train,387,1323
9,train,1802,1324
9,train,1182,1325
9,train,2001,1326
9,train,164,1327
9,train,1453,1328
9,train,1707,1329
9,train,126,1330
9,train,971,1331
9,train,1780,1332
9,train,951,1333
9,train,703,1334
9,train,2519,1335
9,train,637,1336
9,train,1930,1337
9,train,694,1338
9,train,1499,1339
9,train,563,1340
9,train,2735,1341
9,train,2959,1342
9,train,2770,1343
9,train,1836,1344
9,train,2799,1345
9,train,29,1346
9,train,2811,1347
9,train,1926,1348
9,train,272,1349
9,train,2087,1350
9,train,1447,1351
9,train,1477,1352
9,train,2309,1353
9,train,2778,1354
9,train,2635,1355
9,train,2447,1356
9,train,2940,1357
9,train,369,1358
9,train,1541,1359
9,train,539,1360
9,train,2939,1361
9,train,2320,1362
9,train,2234,1363
9,train,1389,1364
9,train,1325,1365
9,train,415,1366
9,train,2667,1367
9,train,1733,1368
9,train,1057,1369
9,train,1154,1370
9,train,2019,1371
9,train,607,1372
9,train,1951,1373
9,train,128,1374
9,train,2891,1375
9,train,1373,1376
9,train,2253,1377
9,train,1515,1378
9,train,2055,1379
9,train,1300,1380
9,train,238,1381
9,train,258,1382
9,train,1777,1383
9,train,2640,1384
9,train,2369,1385
9,train,1717,1386
9,train,1765,1387
9,train,2456,1388
9,train,1865,1389
9,train,2470,1390
9,train,2646,1391
9,train,2942,1392
9,train,38,1393
9,train,2641,1394
9,train,2930,1395
9,train,1113,1396
9,train,2404,1397
9,train,545,1398
9,train,2153,1399
9,train,859,1400
9,train,779,1401
9,train,2979,1402
9,train,600,1403
9,train,2366,1404
9,train,1446,1405
9,train,1110,1406
9,train,2630,1407
9,train,905,1408
9,train,2149,1409
9,train,41,1410
9,train,1628,1411
9,train,223,1412
9,train,199,1413
9,train,413,1414
9,train,2536,1415
9,train,1877,1416
9,train,1260,1417
9,train,242,1418
9,train,1731,1419
9,train,1006,1420
9,train,1306,1421
9,train,793,1422
9,train,155,1423
9,train,363,1424
9,train,1352,1425
9,train,1962,1426
9,train,2574,1427
9,train,1055,1428
9,train,118,1429
9,train,2817,1430
9,train,137,1431
9,train,1326,1432
9,train,310,1433
9,train,182,1434
9,train,1111,1435
9,train,1510,1436
9,train,2932,1437
9,train,963,1438
9,train,560,1439
9,train,1368,1440
9,train,1952,1441
9,train,2627,1442
9,train,2966,1443
9,train,2284,1444
9,train,85,1445
9,train,2248,1446
9,train,360,1447
9,train,1390,1448
9,train,2571,1449
9,train,2231,1450
9,train,1031,1451
9,train,1361,1452
9,train,798,1453
9,train,2175,1454
9,train,1967,1455
9,train,319,1456
9,train,2570,1457
9,train,2298,1458
9,train,720,1459
9,train,767,1460
9,train,1392,1461
9,train,976,1462
9,train,1660,1463
9,train,1739,1464
9,train,334,1465
9,train,2896,1466
9,train,632,1467
9,train,690,1468
9,train,1216,1469
9,train,1965,1470
9,train,1634,1471
9,train,2540,1472
9,train,2477,1473
9,train,1319,1474
9,train,1584,1475
9,train,1103,1476
9,train,190,1477
9,train,1317,1478
9,train,2361,1479
9,train,949,1480
9,train,2523,1481
9,train,2518,1482
9,train,2674,1483
9,train,814,1484
9,train,2112,1485
9,train,2371,1486
9,train,722,1487
9,train,2582,1488
9,train,1529,1489
9,train,2297,1490
9,train,2715,1491
9,train,138,1492
9,train,2529,1493
9,train,279,1494
9,train,382,1495
9,train,2145,1496
9,train,2290,1497
9,train,1035,1498
9,train,2278,1499
9,train,2746,1500
9,train,2762,1501
9,train,2288,1502
9,train,399,1503
9,train,624,1504
9,train,521,1505
9,train,140,1506
9,train,1082,1507
9,train,379,1508
9,train,989,1509
9,train,1500,1510
9,train,423,1511
9,train,622,1512
9,train,502,1513
9,train,2012,1514
9,train,227,1515
9,train,542,1516
9,train,1612,1517
9,train,493,1518
9,train,1676,1519
9,train,2812,1520
9,train,2701,1521
9,train,1042,1522
9,train,1212,1523
9,train,1244,1524
9,train,2648,1525
9,train,220,1526
9,train,1468,1527
9,train,336,1528
9,train,2725,1529
9,train,1619,1530
9,train,2255,1531
9,train,1264,1532
9,train,1580,1533
9,train,939,1534
9,train,2871,1535
9,train,1092,1536
9,train,2873,1537
9,train,692,1538
9,train,1998,1539
9,train,2977,1540
9,train,1085,1541
9,train,1884,1542
9,train,2471,1543
9,train,688,1544
9,train,2102,1545
9,train,2676,1546
9,train,1193,1547
9,train,2362,1548
9,train,329,1549
9,train,2210,1550
9,train,2800,1551
9,train,2472,1552
9,train,1101,1553
9,train,724,1554
9,train,617,1555
9,train,419,1556
9,train,708,1557
9,train,958,1558
9,train,2283,1559
9,train,516,1560
9,train,230,1561
9,train,1144,1562
9,train,1841,1563
9,train,1297,1564
9,train,2899,1565
9,train,185,1566
9,train,1586,1567
9,train,2355,1568
9,train,391,1569
9,train,110,1570
9,train,201,1571
9,train,585,1572
9,train,2707,1573
9,train,1017,1574
9,train,2237,1575
9,train,112,1576
9,train,1866,1577
9,train,1567,1578
9,train,2209,1579
9,train,2694,1580
9,train,836,1581
9,train,74,1582
9,train,2351,1583
9,train,1616,1584
9,train,662,1585
9,train,2974,1586
9,train,1694,1587
9,train,1551,1588
9,train,307,1589
9,train,2204,1590
9,train,2703,1591
9,train,55,1592
9,train,426,1593
9,train,862,1594
9,train,2830,1595
9,train,1829,1596
9,train,1878,1597
9,train,913,1598
9,train,2590,1599
9,train,835,1600
9,train,1008,1601
9,train,2490,1602
9,train,721,1603
9,train,2190,1604
9,train,416,1605
9,train,2108,1606
9,train,2312,1607
9,train,2508,1608
9,train,2042,1609
9,train,501,1610
9,train,1356,1611
9,train,2509,1612
9,train,338,1613
9,train,1079,1614
9,train,642,1615
9,train,2757,1616
9,train,303,1617
9,train,1872,1618
9,train,2388,1619
9,train,2460,1620
9,train,2101,1621
9,train,216,1622
9,train,2888,1623
9,train,1393,1624
9,train,828,1625
9,train,515,1626
9,train,1240,1627
9,train,1167,1628
9,train,445,1629
9,train,2076,1630
9,train,2882,1631
9,train,152,1632
9,train,2539,1633
9,train,984,1634
9,train,1462,1635
9,train,14,1636
9,train,1817,1637
9,train,1027,1638
9,train,1729,1639
9,train,1828,1640
9,train,1742,1641
9,train,2416,1642
9,train,1397,1643
9,train,1336,1644
9,train,1606,1645
9,train,2898,1646
9,train,2262,1647
9,train,1954,1648
9,train,1639,1649
9,train,487,1650
9,train,1518,1651
9,train,2177,1652
9,train,715,1653
9,train,2913,1654
9,train,2787,1655
9,train,1066,1656
9,train,2450,1657
9,train,2775,1658
9,train,2011,1659
9,train,2844,1660
9,train,1403,1661
9,train,1332,1662
9,train,1847,1663
9,train,2596,1664
9,train,2513,1665
9,train,108,1666
9,train,1976,1667
9,train,2931,1668
9,train,1146,1669
9,train,742,1670
9,train,394,1671
9,train,2652,1672
9,train,2983,1673
9,train,1133,1674
9,train,439,1675
9,train,1161,1676
9,train,2340,1677
9,train,1908,1678
9,train,2437,1679
9,train,972,1680
9,train,1905,1681
9,train,1994,1682
9,train,2458,1683
9,train,2506,1684
9,train,76,1685
9,train,37,1686
9,train,2239,1687
9,train,1857,1688
9,train,2853,1689
9,train,2025,1690
9,train,1579,1691
9,train,86,1692
9,train,1304,1693
9,train,343,1694
9,train,1482,1695
9,train,346,1696
9,train,1289,1697
9,train,451,1698
9,train,784,1699
9,train,1784,1700
9,train,1521,1701
9,train,2174,1702
9,train,2797,1703
9,train,2790,1704
9,train,748,1705
9,train,636,1706
9,train,17,1707
9,train,407,1708
9,train,1914,1709
9,train,668,1710
9,train,1439,1711
9,train,1076,1712
9,train,1123,1713
9,train,1451,1714
9,train,960,1715
9,train,1099,1716
9,train,1485,1717
9,train,12,1718
9,train,2045,1719
9,train,2865,1720
9,train,1982,1721
9,train,2500,1722
9,train,2887,1723
9,train,860,1724
9,train,1162,1725
9,train,1132,1726
9,train,119,1727
9,train,2245,1728
9,train,2383,1729
9,train,556,1730
9,train,2129,1731
9,train,2754,1732
9,train,1061,1733
9,train,1827,1734
9,train,2678,1735
9,train,2827,1736
9,train,2842,1737
9,train,172,1738
9,train,1003,1739
9,train,1705,1740
9,train,1564,1741
9,train,2399,1742
9,train,2159,1743
9,train,698,1744
9,train,1172,1745
9,train,1999,1746
9,train,2395,1747
9,train,1020,1748
9,train,2252,1749
9,train,1093,1750
9,train,2602,1751
9,train,1826,1752
9,train,1621,1753
9,train,240,1754
9,train,570,1755
9,train,1087,1756
9,train,2658,1757
9,train,2338,1758
9,train,733,1759
9,train,1098,1760
9,train,90,1761
9,train,1614,1762
9,train,1088,1763
9,train,2193,1764
9,train,997,1765
9,train,2750,1766
9,train,856,1767
9,train,889,1768
9,train,855,1769
9,train,1938,1770
9,train,2584,1771
9,train,1302,1772
9,train,6,1773
9,train,1864,1774
9,train,1135,1775
9,train,719,1776
9,train,810,1777
9,train,1566,1778
9,train,2795,1779
9,train,2495,1780
9,train,1778,1781
9,train,1019,1782
9,train,1136,1783
9,train,803,1784
9,train,2043,1785
9,train,1745,1786
9,train,117,1787
9,train,24,1788
9,train,986,1789
9,train,1350,1790
9,train,273,1791
9,train,1948,1792
9,train,1075,1793
9,train,2080,1794
9,train,2261,1795
9,train,2122,1796
9,train,887,1797
9,train,22,1798
9,train,10,1799
9,train,2352,1800
9,train,316,1801
9,train,2238,1802
9,train,881,1803
9,train,1483,1804
9,train,1855,1805
9,train,974,1806
9,train,421,1807
9,train,2656,1808
9,train,2538,1809
9,train,1159,1810
9,train,2526,1811
9,train,1558,1812
9,train,895,1813
9,train,1644,1814
9,train,1581,1815
9,train,2461,1816
9,train,2440,1817
9,train,1550,1818
9,train,1715,1819
9,train,993,1820
9,train,1940,1821
9,train,1909,1822
9,train,2067,1823
9,train,2091,1824
9,train,2636,1825
9,train,314,1826
9,train,2958,1827
9,train,1058,1828
9,train,634,1829
9,train,2048,1830
9,train,578,1831
9,train,375,1832
9,train,536,1833
9,train,898,1834
9,train,1480,1835
9,train,302,1836
9,train,2128,1837
9,train,2434,1838
9,train,669,1839
9,train,2050,1840
9,train,1528,1841
9,train,1501,1842
9,train,1327,1843
9,train,105,1844
9,train,1419,1845
9,train,1137,1846
9,train,2772,1847
9,train,1513,1848
9,train,2880,1849
9,train,1117,1850
9,train,1856,1851
9,train,1669,1852
9,train,2322,1853
9,train,1709,1854
9,train,2791,1855
9,train,626,1856
9,train,566,1857
9,train,2719,1858
9,train,581,1859
9,train,1174,1860
9,train,2619,1861
9,train,1081,1862
9,train,342,1863
9,train,2376,1864
9,train,129,1865
9,train,49,1866
9,train,65,1867
9,train,1719,1868
9,train,300,1869
9,train,1664,1870
9,train,2738,1871
9,train,797,1872
9,train,2017,1873
9,train,1183,1874
9,train,236,1875
9,train,323,1876
9,train,555,1877
9,train,1428,1878
9,train,1315,1879
9,train,2318,1880
9,train,2647,1881
9,train,222,1882
9,train,2385,1883
9,train,1519,1884
9,train,1424,1885
9,train,935,1886
9,train,865,1887
9,train,2984,1888
9,train,2660,1889
9,train,2690,1890
9,train,2015,1891
9,train,659,1892
9,train,2952,1893
9,train,1323,1894
9,train,2975,1895
9,train,358,1896
9,train,68,1897
9,train,376,1898
9,train,83,1899
9,train,1252,1900
9,train,166,1901
9,train,2724,1902
9,train,328,1903
9,train,1491,1904
9,train,440,1905
9,train,1868,1906
9,train,2901,1907
9,train,918,1908
9,train,1677,1909
9,train,533,1910
9,train,1402,1911
9,train,498,1912
9,train,2392,1913
9,train,2039,1914
9,train,1490,1915
9,train,1701,1916
9,train,1577,1917
9,train,1539,1918
9,train,1848,1919
9,train,867,1920
9,train,1230,1921
9,train,1570,1922
9,train,845,1923
9,train,513,1924
9,train,2726,1925
9,train,1512,1926
9,train,2192,1927
9,train,146,1928
9,train,1052,1929
9,train,2021,1930
9,train,1666,1931
9,train,2203,1932
9,train,1772,1933
9,train,2051,1934
9,train,2904,1935
9,train,562,1936
9,train,436,1937
9,train,497,1938
9,train,829,1939
9,train,1308,1940
9,train,652,1941
9,train,1759,1942
9,train,231,1943
9,train,2642,1944
9,train,143,1945
9,train,2179,1946
9,train,660,1947
9,train,1538,1948
9,train,1199,1949
9,train,1219,1950
9,train,1176,1951
9,train,1213,1952
9,train,2859,1953
9,train,1032,1954
9,train,2820,1955
9,train,2375,1956
9,train,1427,1957
9,train,2481,1958
9,train,2294,1959
9,train,269,1960
9,train,64,1961
9,train,47,1962
9,train,2282,1963
9,train,290,1964
9,train,616,1965
9,train,653,1966
9,train,1228,1967
9,train,247,1968
9,train,2474,1969
9,train,1484,1970
9,train,1834,1971
9,train,1935,1972
9,train,614,1973
9,train,389,1974
9,train,1284,1975
9,train,2143,1976
9,train,274,1977
9,train,2868,1978
9,train,726,1979
9,train,1939,1980
9,train,2808,1981
9,train,510,1982
9,train,1706,1983
9,train,2099,1984
9,train,2168,1985
9,train,837,1986
9,train,1546,1987
9,train,1334,1988
9,train,2706,1989
9,train,1194,1990
9,train,975,1991
9,train,1471,1992
9,train,1895,1993
9,train,1459,1994
9,train,1086,1995
9,train,2806,1996
9,train,1343,1997
9,train,444,1998
9,train,1185,1999
9,train,1151,2000
9,train,2922,2001
9,train,1991,2002
9,train,2,2003
9,train,792,2004
9,train,1910,2005
9,train,2004,2006
9,train,1171,2007
9,train,2722,2008
9,train,1617,2009
9,train,1657,2010
9,train,1670,2011
9,train,482,2012
9,train,661,2013
9,train,1040,2014
9,train,2225,2015
9,train,183,2016
9,train,447,2017
9,train,2016,2018
9,train,849,2019
9,train,857,2020
9,train,1626,2021
9,train,2331,2022
9,train,992,2023
9,train,1522,2024
9,train,734,2025
9,train,2285,2026
9,train,114,2027
9,train,1239,2028
9,train,100,2029
9,train,1107,2030
9,train,1573,2031
9,train,611,2032
9,train,2943,2033
9,train,1431,2034
9,train,1369,2035
9,train,1387,2036
9,train,2874,2037
9,train,729,2038
9,train,1233,2039
9,train,2343,2040
9,train,2445,2041
9,train,2476,2042
9,train,136,2043
9,train,847,2044
9,train,1743,2045
9,train,2301,2046
9,train,2494,2047
9,train,1404,2048
9,train,868,2049
9,train,1261,2050
9,train,1713,2051
9,train,1125,2052
9,train,1498,2053
9,train,1760,2054
9,train,654,2055
9,train,13,2056
9,train,208,2057
9,train,2117,2058
9,train,1242,2059
9,train,2452,2060
9,train,221,2061
9,train,2158,2062
9,train,348,2063
9,train,590,2064
9,train,2919,2065
9,train,1036,2066
9,train,1430,2067
9,train,1988,2068
9,train,1790,2069
9,train,1631,2070
9,train,264,2071
9,train,1963,2072
9,train,39,2073
9,train,1725,2074
9,train,1015,2075
9,train,1059,2076
9,train,2078,2077
9,train,2257,2078
9,train,2861,2079
9,train,2057,2080
9,train,288,2081
9,train,1901,2082
9,train,97,2083
9,train,2617,2084
9,train,427,2085
9,train,1804,2086
9,train,294,2087
9,train,2079,2088
9,train,1493,2089
9,train,304,2090
9,train,885,2091
9,train,1542,2092
9,train,25,2093
9,train,383,2094
9,train,2308,2095
9,train,2408,2096
9,train,1198,2097
9,train,1879,2098
9,train,1608,2099
9,train,2786,2100
9,train,2034,2101
9,train,2337,2102
9,train,2692,2103
9,train,2444,2104
9,train,107,2105
9,train,1372,2106
9,train,2403,2107
9,train,1693,2108
9,train,672,2109
9,train,2614,2110
9,train,299,2111
9,train,564,2112
9,train,214,2113
9,train,1627,2114
9,train,2759,2115
9,train,2598,2116
9,train,674,2117
9,train,2894,2118
9,train,1684,2119
9,train,2316,2120
9,train,619,2121
9,train,1514,2122
9,train,1633,2123
9,train,2514,2124
9,train,1625,2125
9,train,200,2126
9,train,212,2127
9,train,2928,2128
9,train,1889,2129
9,train,2321,2130
9,train,1012,2131
9,train,2741,2132
9,train,795,2133
9,train,833,2134
9,train,789,2135
9,train,903,2136
9,train,2599,2137
9,train,1400,2138
9,train,2140,2139
9,train,1305,2140
9,train,2074,2141
9,train,21,2142
9,train,2382,2143
9,train,335,2144
9,train,1890,2145
9,train,1226,2146
9,train,95,2147
9,train,2473,2148
9,train,2314,2149
9,train,689,2150
9,train,2834,2151
9,train,364,2152
9,train,2925,2153
9,train,1105,2154
9,train,1845,2155
9,train,2531,2156
9,train,169,2157
9,train,1891,2158
9,train,2593,2159
9,train,871,2160
9,train,1360,2161
9,train,404,2162
9,train,1364,2163
9,train,1292,2164
9,train,1582,2165
9,train,583,2166
9,train,2906,2167
9,train,431,2168
9,train,910,2169
9,train,1452,2170
9,train,176,2171
9,train,40,2172
9,train,1222,2173
9,train,1563,2174
9,train,800,2175
9,train,1843,2176
9,train,1993,2177
9,train,1955,2178
9,train,2374,2179
9,train,72,2180
9,train,1379,2181
9,train,1808,2182
9,train,159,2183
9,train,1819,2184
9,train,609,2185
9,train,707,2186
9,train,1235,2187
9,train,2777,2188
9,train,409,2189
9,train,2390,2190
9,train,469,2191
9,train,472,2192
9,train,2324,2193
9,train,327,2194
9,train,1386,2195
9,train,1163,2196
9,train,1415,2197
9,train,1080,2198
9,train,1072,2199
9,train,277,2200
9,train,2176,2201
9,train,1209,2202
9,train,2249,2203
9,train,783,2204
9,train,204,2205
9,train,2611,2206
9,train,2031,2207
9,train,953,2208
9,train,2178,2209
9,train,1810,2210
9,train,1124,2211
9,train,2214,2212
9,train,2864,2213
9,train,747,2214
9,train,477,2215
9,train,897,2216
9,train,2095,2217
9,train,441,2218
9,train,2455,2219
9,train,1029,2220
9,train,2708,2221
9,train,89,2222
9,train,891,2223
9,train,2937,2224
9,train,2893,2225
9,train,402,2226
9,train,926,2227
9,train,582,2228
9,train,2814,2229
9,train,2052,2230
9,train,2379,2231
9,train,2466,2232
9,train,2432,2233
9,train,1440,2234
9,train,1115,2235
9,train,2464,2236
9,train,1818,2237
9,train,2555,2238
9,train,1153,2239
9,train,2449,2240
9,train,2124,2241
9,train,2507,2242
9,train,1870,2243
9,train,1265,2244
9,train,1881,2245
9,train,1096,2246
9,train,1399,2247
9,train,275,2248
9,train,1370,2249
9,train,2356,2250
9,train,156,2251
9,train,2478,2252
9,train,731,2253
9,train,384,2254
9,train,1740,2255
9,train,575,2256
9,train,1054,2257
9,train,1920,2258
9,train,2005,2259
9,train,673,2260
9,train,901,2261
9,train,461,2262
9,train,547,2263
9,train,2072,2264
9,train,1638,2265
9,train,248,2266
9,train,1604,2267
9,train,121,2268
9,train,2717,2269
9,train,205,2270
9,train,2737,2271
9,train,15,2272
9,train,2730,2273
9,train,973,2274
9,train,1142,2275
9,train,1330,2276
9,train,69,2277
9,train,2264,2278
9,train,2941,2279
9,train,2721,2280
9,train,524,2281
9,train,1474,2282
9,train,2825,2283
9,train,1562,2284
9,train,1038,2285
9,train,916,2286
9,train,2236,2287
9,train,1640,2288
9,train,2696,2289
9,train,1049,2290
9,train,2908,2291
9,train,806,2292
9,train,11,2293
9,train,799,2294
9,train,2146,2295
9,train,1335,2296
9,train,2625,2297
9,train,2869,2298
9,train,2742,2299
9,train,2132,2300
9,train,1102,2301
9,train,2863,2302
9,train,2360,2303
9,train,948,2304
9,train,218,2305
9,train,1472,2306
9,train,1275,2307
9,train,2562,2308
9,train,1401,2309
9,train,474,2310
9,train,2114,2311
9,train,98,2312
9,train,979,2313
9,train,2389,2314
9,train,478,2315
9,train,2107,2316
9,train,1258,2317
9,train,2116,2318
9,train,743,2319
9,train,2683,2320
9,train,2677,2321
9,train,2768,2322
9,train,2414,2323
9,train,1803,2324
9,train,1945,2325
9,train,1420,2326
9,train,2916,2327
9,train,1007,2328
9,train,2502,2329
9,train,1461,2330
9,train,1867,2331
9,train,1840,2332
9,train,255,2333
9,train,1024,2334
9,train,2805,2335
9,train,2976,2336
9,train,1158,2337
9,train,1597,2338
9,train,1788,2339
9,train,2554,2340
9,train,28,2341
9,train,658,2342
9,train,2014,2343
9,train,373,2344
9,train,2250,2345
9,train,1257,2346
9,train,311,2347
9,train,226,2348
9,train,1925,2349
9,train,2372,2350
9,train,714,2351
9,train,309,2352
9,train,1738,2353
9,train,1181,2354
9,train,2801,2355
9,train,2206,2356
9,train,1281,2357
9,train,1191,2358
9,train,1876,2359
9,train,1421,2360
9,train,250,2361
9,train,2373,2362
9,train,2910,2363
9,train,956,2364
9,train,1148,2365
9,train,907,2366
9,train,326,2367
9,train,1000,2368
9,train,1192,2369
9,train,766,2370
9,train,2610,2371
9,train,1946,2372
9,train,8,2373
9,train,2334,2374
9,train,771,2375
9,train,2576,2376
9,train,2886,2377
9,train,2613,2378
9,train,1691,2379
9,train,908,2380
9,train,786,2381
9,train,735,2382
9,train,1796,2383
9,train,1708,2384
9,train,2186,2385
9,train,561,2386
9,train,2561,2387
9,val,84,0
9,val,2752,1
9,val,1635,2
9,val,2292,3
9,val,1316,4
9,val,1251,5
9,val,237,6
9,val,130,7
9,val,2729,8
9,val,597,9
9,val,552,10
9,val,344,11
9,val,2427,12
9,val,1924,13
9,val,2668,14
9,val,116,15
9,val,2935,16
9,val,2962,17
9,val,2302,18
9,val,2200,19
9,val,484,20
9,val,1064,21
9,val,2578,22
9,val,681,23
9,val,62,24
9,val,2029,25
9,val,2970,26
9,val,1067,27
9,val,894,28
9,val,1932,29
9,val,1893,30
9,val,1679,31
9,val,1443,32
9,val,2387,33
9,val,728,34
9,val,2386,35
9,val,649,36
9,val,2418,37
9,val,2216,38
9,val,761,39
9,val,1411,40
9,val,572,41
9,val,392,42
9,val,401,43
9,val,1559,44
9,val,657,45
9,val,1571,46
9,val,411,47
9,val,50,48
9,val,725,49
9,val,2911,50
9,val,1837,51
9,val,886,52
9,val,1768,53
9,val,629,54
9,val,740,55
9,val,2669,56
9,val,1214,57
9,val,2062,58
9,val,2077,59
9,val,938,60
9,val,2900,61
9,val,154,62
9,val,2134,63
9,val,1232,64
9,val,2831,65
9,val,987,66
9,val,34,67
9,val,2569,68
9,val,2148,69
9,val,430,70
9,val,59,71
9,val,168,72
9,val,1190,73
9,val,1270,74
9,val,488,75
9,val,2631,76
9,val,1262,77
9,val,2488,78
9,val,2409,79
9,val,1668,80
9,val,2681,81
9,val,1820,82
9,val,2327,83
9,val,173,84
9,val,754,85
9,val,2949,86
9,val,405,87
9,val,1511,88
9,val,2824,89
9,val,1599,90
9,val,2194,91
9,val,1549,92
9,val,2567,93
9,val,359,94
9,val,2890,95
9,val,1678,96
9,val,737,97
9,val,2191,98
9,val,665,99
9,val,1429,100
9,val,43,101
9,val,1602,102
9,val,1927,103
9,val,991,104
9,val,716,105
9,val,1408,106
9,val,1149,107
9,val,2044,108
9,val,1797,109
9,val,1311,110
9,val,1629,111
9,val,2545,112
9,val,2489,113
9,val,2380,114
9,val,1047,115
9,val,569,116
9,val,2086,117
9,val,2089,118
9,val,438,119
9,val,2643,120
9,val,1063,121
9,val,2920,122
9,val,512,123
9,val,225,124
9,val,2061,125
9,val,127,126
9,val,1274,127
9,val,2267,128
9,val,2185,129
9,val,848,130
9,val,2451,131
9,val,1186,132
9,val,26,133
9,val,1488,134
9,val,1460,135
9,val,677,136
9,val,1642,137
9,val,2009,138
9,val,2162,139
9,val,2917,140
9,val,2747,141
9,val,1476,142
9,val,1492,143
9,val,2370,144
9,val,2530,145
9,val,2008,146
9,val,1623,147
9,val,994,148
9,val,2650,149
9,val,1141,150
9,val,2781,151
9,val,2467,152
9,val,2485,153
9,val,1078,154
9,val,713,155
9,val,353,156
9,val,625,157
9,val,2727,158
9,val,253,159
9,val,2556,160
9,val,371,161
9,val,417,162
9,val,1603,163
9,val,808,164
9,val,678,165
9,val,1288,166
9,val,468,167
9,val,2164,168
9,val,1985,169
9,val,1928,170
9,val,1333,171
9,val,809,172
9,val,385,173
9,val,1721,174
9,val,2156,175
9,val,1487,176
9,val,189,177
9,val,2760,178
9,val,158,179
9,val,1166,180
9,val,2280,181
9,val,514,182
9,val,1413,183
9,val,2753,184
9,val,1649,185
9,val,1234,186
9,val,2955,187
9,val,2982,188
9,val,435,189
9,val,2559,190
9,val,2835,191
9,val,2056,192
9,val,841,193
9,val,198,194
9,val,1821,195
9,val,919,196
9,val,1846,197
9,val,2023,198
9,val,2384,199
9,val,2197,200
9,val,2289,201
9,val,2767,202
9,val,1526,203
9,val,1949,204
9,val,2980,205
9,val,2496,206
9,val,1384,207
9,val,2135,208
9,val,145,209
9,val,2680,210
9,val,2938,211
9,val,1507,212
9,val,925,213
9,val,1911,214
9,val,1396,215
9,val,2105,216
9,val,2684,217
9,val,2720,218
9,val,1744,219
9,val,219,220
9,val,245,221
9,val,550,222
9,val,489,223
9,val,7,224
9,val,2069,225
9,val,320,226
9,val,1547,227
9,val,2792,228
9,val,2528,229
9,val,2771,230
9,val,2287,231
9,val,2027,232
9,val,906,233
9,val,1131,234
9,val,282,235
9,val,1688,236
9,val,1886,237
9,val,995,238
9,val,1355,239
9,val,558,240
9,val,2621,241
9,val,2733,242
9,val,2858,243
9,val,2152,244
9,val,1119,245
9,val,909,246
9,val,2233,247
9,val,1145,248
9,val,864,249
9,val,1782,250
9,val,1873,251
9,val,265,252
9,val,120,253
9,val,2819,254
9,val,2033,255
9,val,2486,256
9,val,386,257
9,val,2277,258
9,val,312,259
9,val,1980,260
9,val,801,261
9,val,503,262
9,val,1885,263
9,val,666,264
9,val,1037,265
9,val,2629,266
9,val,1253,267
9,val,1310,268
9,val,1248,269
9,val,1589,270
9,val,842,271
9,val,1824,272
9,val,996,273
9,val,397,274
9,val,2081,275
9,val,2157,276
9,val,2269,277
9,val,873,278
9,val,1298,279
9,val,1299,280
9,val,2215,281
9,val,2964,282
9,val,459,283
9,val,2510,284
9,val,1903,285
9,val,1687,286
9,val,593,287
9,val,686,288
9,val,33,289
9,val,2400,290
9,val,403,291
9,val,398,292
9,val,618,293
9,val,2475,294
9,val,942,295
9,val,917,296
9,val,1195,297
9,val,1591,298
